Merek,Famili,Model,Tipe,Daya (watt),Kapasitas Pendinginan (BTU/h),Nilai Efisiensi (EER/CSPF),Rating Bintang (1-5),Konsumsi Energi Tahunan (kWh),Biaya Listrik Tahunan (Rp),No. Registrasi/No. SHE,Tanggal Terbit SHE,SHE Berlaku Sampai Dengan Tanggal,NO.,LSPro,is_duplicate_reg,outlier_daya,outlier_kapasitas,outlier_konsumsi,outlier_biaya,is_multi_model_reg,is_suspicious_biaya,is_suspicious_daya,EER_calc,Kategori_PK,EER_per_PK,tarif_calc,EER_diff,SHE_status,cluster,cluster_label
Samsung,Indoor AR13KVFSD WKN / Outdoor AR13KVFSD WKX,Indoor AR13KVFSD WKN / Outdoor AR13KVFSD WKX,Inverter,1120.0,12000.0,11.7,4,3270.4,4797676.8,118.001.4.01.104.16.0001,,,1,,False,0,0,0,0,0,0,0,10.714285714285714,1.5 PK,11.7,1467.0,0.9857142857142858,Tidak Ada Data,2,Sedang-Efisien
Samsung,Indoor AR10KVFSD WKN / Outdoor AR10KVFSD WKX,Indoor AR10KVFSD WKN / Outdoor AR10KVFSD WKX,Inverter,820.0,9700.0,11.99,4,2394.4,3512584.8,118.001.4.02.104.16.0002,,,2,,False,0,0,0,0,0,0,0,11.829268292682928,1 PK,11.99,1466.9999999999998,0.1607317073170726,Tidak Ada Data,2,Sedang-Efisien
Samsung,Indoor AR10KVFNA WKN / Outdoor AR10KVFNA WKX,Indoor AR10KVFNA WKN / Outdoor AR10KVFNA WKX,Inverter,860.0,9700.0,11.73,4,2511.2,3683930.4,118.001.4.03.104.16.0003,,,3,,False,0,0,0,0,0,0,0,11.27906976744186,1 PK,11.73,1467.0,0.4509302325581394,Tidak Ada Data,2,Sedang-Efisien
Daikin,Indoor FTXZ25NVM4 / Outdoor RXZ25NVM4,Indoor FTXZ25NVM4 / Outdoor RXZ25NVM4,Inverter,430.0,8359.0,21.03,4,1255.6,1841965.2,119.002.4.01.104.16.0004,,,4,,False,0,0,0,0,0,0,0,19.43953488372093,1 PK,21.03,1467.0,1.59046511627907,Tidak Ada Data,2,Sedang-Efisien
Daikin,Indoor FTXZ35NVM4 / Outdoor RXZ35NVM4,Indoor FTXZ35NVM4 / Outdoor RXZ35NVM4,Inverter,680.0,11771.0,19.4,4,1985.6,2912875.2,119.002.4.02.104.16.0005,,,5,,False,0,0,0,0,0,0,0,17.310294117647057,1.5 PK,19.4,1467.0000000000002,2.0897058823529413,Tidak Ada Data,2,Sedang-Efisien
Daikin,Indoor FTXZ50VM4 / Outdoor RXZ50NVM4,Indoor FTXZ50VM4 / Outdoor RXZ50NVM4,Inverter,1150.0,16889.0,17.44,4,3358.0,4926186.0,119.002.4.03.104.16.0006,,,6,,False,0,0,0,0,0,0,0,14.68608695652174,2 PK,17.44,1467.0,2.7539130434782617,Tidak Ada Data,1,Besar-Efisien
Daikin,Europe 1,Europe 1,Inverter,520.0,8530.0,17.22,4,1518.4,2227492.8,119.002.4.04.104.16.0007,,,7,,False,0,0,0,0,0,0,0,16.403846153846153,1 PK,17.22,1466.9999999999998,0.8161538461538456,Tidak Ada Data,2,Sedang-Efisien
Daikin,Europe 2,Europe 2,Inverter,855.0,11942.0,16.38,4,2496.6,3662512.2,119.002.4.05.104.16.0008,,,8,,False,0,0,0,0,0,0,0,13.967251461988305,1.5 PK,16.38,1467.0000000000002,2.4127485380116944,Tidak Ada Data,2,Sedang-Efisien
Daikin,Europe 3,Europe 3,Inverter,1450.0,17742.0,14.94,4,4234.0,6211278.0,119.002.4.06.104.16.0009,,,9,,False,0,0,0,0,0,0,0,12.235862068965517,2 PK,14.94,1467.0,2.704137931034482,Tidak Ada Data,1,Besar-Efisien
Daikin,Inverter R32 Smile 1 ,Inverter R32 Smile 1 ,Inverter,680.0,8530.0,15.52,4,1985.6,2912875.2,119.002.4.18.104.16.0021,,,10,,False,0,0,0,0,0,0,0,12.544117647058824,1 PK,15.52,1467.0000000000002,2.9758823529411753,Tidak Ada Data,2,Sedang-Efisien
Daikin,Inverter R32 Smile 2,Inverter R32 Smile 2,Inverter,960.0,11942.0,15.43,4,2803.2,4112294.4,119.002.4.19.104.16.0022,,,11,,False,0,0,0,0,0,0,0,12.439583333333331,1.5 PK,15.43,1467.0,2.9904166666666665,Tidak Ada Data,2,Sedang-Efisien
Daikin,Inverter R32 Smile 3,Inverter R32 Smile 3,Inverter,1365.0,17742.0,16.66,4,3985.8,5847168.6,119.002.4.20.104.16.0023,,,12,,False,0,0,0,0,0,0,0,12.997802197802198,2 PK,16.66,1466.9999999999998,3.6621978021978023,Tidak Ada Data,1,Besar-Efisien
Daikin,Inverter R32 Smile 4,Inverter R32 Smile 4,Inverter,1740.0,20472.0,15.35,4,5080.8,7453533.6,119.002.4.21.104.16.0024,,,13,,False,0,0,0,0,0,0,0,11.76551724137931,2.5 PK,15.35,1466.9999999999998,3.5844827586206893,Tidak Ada Data,1,Besar-Efisien
Daikin,Inverter R32 Smile 5,Inverter R32 Smile 5,Inverter,2365.0,24225.0,14.62,4,6905.8,10130808.6,119.002.4.22.104.16.0025,,,14,,False,0,0,1,1,0,0,0,10.243128964059196,3+ PK,14.62,1467.0,4.376871035940802,Tidak Ada Data,1,Besar-Efisien
Daikin,Inverter R32 Smile 6,Inverter R32 Smile 6,Inverter,1445.0,17742.0,16.89,4,4219.4,6189859.8,119.002.4.23.104.16.0026,,,15,,False,0,0,0,0,0,0,0,12.278200692041525,2 PK,16.89,1467.0,4.611799307958478,Tidak Ada Data,1,Besar-Efisien
Daikin,Inverter R32 Smile 7,Inverter R32 Smile 7,Inverter,1740.0,20472.0,16.24,4,5080.8,7453533.6,119.002.4.24.104.16.0027,,,16,,False,0,0,0,0,0,0,0,11.76551724137931,2.5 PK,16.24,1466.9999999999998,4.474482758620688,Tidak Ada Data,1,Besar-Efisien
Daikin,Inverter R32 Smile 8,Inverter R32 Smile 8,Inverter,337.0,5118.0,15.2,4,984.04,1443586.68,119.002.4.25.104.16.0028,,,17,,False,0,0,0,0,0,0,0,15.186943620178042,0.5 PK,15.2,1467.0,0.0130563798219576,Tidak Ada Data,2,Sedang-Efisien
Daikin,Inverter R32 Smile 9,Inverter R32 Smile 9,Inverter,500.0,6824.0,14.73,4,1460.0,2141820.0,119.002.4.26.104.16.0029,,,18,,False,0,0,0,0,0,0,0,13.648,1 PK,14.73,1467.0,1.0820000000000007,Tidak Ada Data,2,Sedang-Efisien
Daikin,Inverter R32 Smile 10,Inverter R32 Smile 10,Inverter,700.0,8530.0,14.13,4,2044.0,2998548.0,119.002.4.27.104.16.0030,,,19,,False,0,0,0,0,0,0,0,12.185714285714283,1 PK,14.13,1467.0,1.9442857142857155,Tidak Ada Data,2,Sedang-Efisien
Daikin,Inverter R32 Smile 11,Inverter R32 Smile 11,Inverter,990.0,11942.0,14.24,4,2890.8,4240803.6,119.002.4.28.104.16.0031,,,20,,False,0,0,0,0,0,0,0,12.062626262626262,1.5 PK,14.24,1466.9999999999998,2.1773737373737383,Tidak Ada Data,2,Sedang-Efisien
Daikin,Inverter High R32 1,Inverter High R32 1,Inverter,540.0,8530.0,17.74,4,1576.8,2313165.6,119.002.4.29.104.16.0032,,,21,,False,0,0,0,0,0,0,0,15.796296296296296,1 PK,17.74,1467.0,1.9437037037037024,Tidak Ada Data,2,Sedang-Efisien
Daikin,Inverter High R32 2,Inverter High R32 2,Inverter,910.0,11942.0,15.37,4,2657.2,3898112.4,119.002.4.30.104.16.0033,,,22,,False,0,0,0,0,0,0,0,13.123076923076924,1.5 PK,15.37,1467.0,2.2469230769230766,Tidak Ada Data,2,Sedang-Efisien
Daikin,Inverter High R32 3,Inverter High R32 3,Inverter,1300.0,17742.0,16.72,4,3796.0,5568732.0,119.002.4.31.104.16.0034,,,23,,False,0,0,0,0,0,0,0,13.647692307692308,2 PK,16.72,1467.0,3.07230769230769,Tidak Ada Data,1,Besar-Efisien
Daikin,Inverter High R32 4,Inverter High R32 4,Inverter,1580.0,20472.0,16.29,4,4613.6,6768151.2,119.002.4.32.104.16.0035,,,24,,False,0,0,0,0,0,0,0,12.956962025316455,2.5 PK,16.29,1467.0,3.3330379746835437,Tidak Ada Data,1,Besar-Efisien
Daikin,Inverter High R32 5,Inverter High R32 5,Inverter,2000.0,24225.0,14.73,4,5840.0,8567280.0,119.002.4.33.104.16.0036,,,25,,False,0,0,0,0,0,0,0,12.1125,3+ PK,14.73,1467.0,2.6174999999999997,Tidak Ada Data,1,Besar-Efisien
Samsung,Indoor AR13KVFNAWKN / Outdoor AR13KVFNAWKX,Indoor AR13KVFNAWKN / Outdoor AR13KVFNAWKX,Inverter,1120.0,12000.0,11.29,4,3270.4,4797676.8,118.001.4.04.104.16.0037,,,26,,False,0,0,0,0,0,0,0,10.714285714285714,1.5 PK,11.29,1467.0,0.5757142857142856,Tidak Ada Data,2,Sedang-Efisien
Samsung,Indoor AR18KVFNAWKN / Outdoor AR18KVFNAWKX,Indoor AR18KVFNAWKN / Outdoor AR18KVFNAWKX,Inverter,1540.0,17600.0,11.14,4,4496.8,6596805.6,118.001.4.05.104.16.0038,,,27,,False,0,0,0,0,0,0,0,11.428571428571429,2 PK,11.14,1466.9999999999998,0.2885714285714282,Tidak Ada Data,1,Besar-Efisien
Samsung,Indoor AR05KRSDUWKN / Outdoor AR05KRSDUWKX,Indoor AR05KRSDUWKN / Outdoor AR05KRSDUWKX,Inverter,315.0,4800.0,14.86,4,919.8,1349346.6,118.001.4.06.104.16.0046,,,28,,False,0,0,0,0,0,0,0,15.238095238095235,0.5 PK,14.86,1467.0000000000002,0.3780952380952378,Tidak Ada Data,2,Sedang-Efisien
Samsung,Indoor AR09KRSDUWKN / Outdoor AR09KRSDUWKX,Indoor AR09KRSDUWKN / Outdoor AR09KRSDUWKX,Inverter,680.0,8600.0,12.35,4,1985.6,2912875.2,118.001.4.07.104.16.0047,,,29,,False,0,0,0,0,0,0,0,12.647058823529411,1 PK,12.35,1467.0000000000002,0.2970588235294116,Tidak Ada Data,2,Sedang-Efisien
Samsung,Indoor AR05KRFSVURN / Outdoor AR05KRFSVURX,Indoor AR05KRFSVURN / Outdoor AR05KRFSVURX,Inverter,330.0,4800.0,13.97,4,963.6,1413601.2,118.001.4.08.104.16.0048,,,30,,False,0,0,0,0,0,0,0,14.545454545454543,0.5 PK,13.97,1467.0,0.5754545454545443,Tidak Ada Data,2,Sedang-Efisien
Samsung,Indoor AR09KRFSVURN / Outdoor AR09KRFSVURX,Indoor AR09KRFSVURN / Outdoor AR09KRFSVURX,Inverter,710.0,8500.0,12.13,4,2073.2,3041384.4,118.001.4.09.104.16.0050,,,31,,False,0,0,0,0,0,0,0,11.971830985915492,1 PK,12.13,1467.0,0.1581690140845086,Tidak Ada Data,2,Sedang-Efisien
Samsung,Indoor AR12KRFSWWKN / Outdoor AR12KRFSWWKX,Indoor AR12KRFSWWKN / Outdoor AR12KRFSWWKX,Inverter,1160.0,12100.0,10.21,3,3387.2,4969022.4,118.001.3.10.099.16.0051,,,32,,False,0,0,0,0,0,0,0,10.43103448275862,1.5 PK,10.21,1467.0000000000002,0.2210344827586201,Tidak Ada Data,2,Sedang-Efisien
Samsung,Indoor AR18KRFSWWKN / Outdoor AR18KRFSWWKX,Indoor AR18KRFSWWKN / Outdoor AR18KRFSWWKX,Inverter,1755.0,17900.0,9.91,2,5124.6,7517788.2,118.001.2.11.091.16.0052,,,33,,False,0,0,0,0,0,0,0,10.1994301994302,2 PK,9.91,1467.0,0.2894301994301997,Tidak Ada Data,1,Besar-Efisien
Mitsubishi Electric,Indoor MSY-GJ10VA / Outdoor MUY-GJ10VA,Indoor MSY-GJ10VA / Outdoor MUY-GJ10VA,Inverter,820.0,8871.88,12.56,4,2394.4,3512584.8,119.005.4.05.104.16.0057,,,34,,False,0,0,0,0,0,0,0,10.819365853658535,1 PK,12.56,1466.9999999999998,1.7406341463414652,Tidak Ada Data,2,Sedang-Efisien
Mitsubishi Electric,Indoor MSY-GJ13VA / Outdoor MUY-GJ13VA,Indoor MSY-GJ13VA / Outdoor MUY-GJ13VA,Inverter,970.0,10922.49,13.1,4,2832.4,4155130.8,119.005.4.06.104.16.0058,,,35,,False,0,0,0,0,0,0,0,11.260298969072164,1.5 PK,13.1,1467.0,1.8397010309278343,Tidak Ada Data,2,Sedang-Efisien
Mitsubishi Electric,Indoor MSY-GF18VA / Outdoor MUY-GF18VA,Indoor MSY-GF18VA / Outdoor MUY-GF18VA,Inverter,1670.0,17069.9,13.34,4,4876.4,7153678.8,119.005.4.07.104.16.0059,,,36,,False,0,0,0,0,0,0,0,10.221497005988024,2 PK,13.34,1467.0,3.1185029940119744,Tidak Ada Data,1,Besar-Efisien
Mitsubishi Electric,Indoor MSY-GF24VA / Outdoor MUY-GF24VA,Indoor MSY-GF24VA / Outdoor MUY-GF24VA,Inverter,1940.0,22662.85,15.22,4,5664.8,8310261.6,119.005.4.08.104.16.0060,,,37,,False,0,0,0,0,0,0,0,11.681881443298968,2.5 PK,15.22,1467.0,3.5381185567010327,Tidak Ada Data,1,Besar-Efisien
Sharp,AH-X9SEY / AU-X9SEY,AH-X9SEY / AU-X9SEY,Inverter,587.4,7062.84,12.02,4,1715.21,2516210.14,118.008.4.01.104.16.0087,,,38,,False,0,0,0,0,0,0,0,12.023901940755874,1 PK,12.02,1466.9982917543623,0.003901940755874,Tidak Ada Data,2,Sedang-Efisien
Sharp,AH-X18SEY / AU-X18SEY,AH-X18SEY / AU-X18SEY,Inverter,1432.7,16262.62,13.53,4,4183.48,6137171.03,118.008.4.02.104.16.0088,,,39,,False,0,0,0,0,0,0,0,11.351029524673692,2 PK,13.53,1467.0014031380576,2.178970475326306,Tidak Ada Data,1,Besar-Efisien
Panasonic,CS-VU18SKP / CU-VU18SKP,CS-VU18SKP / CU-VU18SKP,Inverter,1450.0,17700.0,13.96,4,4234.0,6211278.0,118.009.4.01.104.16.0111,,,40,,False,0,0,0,0,0,0,0,12.20689655172414,2 PK,13.96,1467.0,1.753103448275862,Tidak Ada Data,1,Besar-Efisien
Panasonic,CS-VU13SKP / CU-VU13SKP,CS-VU13SKP / CU-VU13SKP,Inverter,820.0,11600.0,15.35,4,2394.4,3512584.8,118.009.4.02.104.16.0112,,,41,,False,0,0,0,0,0,0,0,14.146341463414634,1.5 PK,15.35,1466.9999999999998,1.2036585365853654,Tidak Ada Data,2,Sedang-Efisien
Panasonic,CS-VU10SKP / CU-VU10SKP,CS-VU10SKP / CU-VU10SKP,Inverter,630.0,8700.0,14.88,4,1839.6,2698693.2,118.009.4.03.104.16.0113,,,42,,False,0,0,0,0,0,0,0,13.80952380952381,1 PK,14.88,1467.0000000000002,1.0704761904761906,Tidak Ada Data,2,Sedang-Efisien
Panasonic,CS-S24RKP / CU-S24RKP,CS-S24RKP / CU-S24RKP,Inverter,1880.0,21300.0,12.99,4,5489.6,8053243.2,118.009.4.04.104.16.0114,,,43,,False,0,0,0,0,0,0,0,11.329787234042554,2.5 PK,12.99,1467.0,1.6602127659574464,Tidak Ada Data,1,Besar-Efisien
Panasonic,CS-S18RKP / CU-S18RKP,CS-S18RKP / CU-S18RKP,Inverter,1440.0,18100.0,13.46,4,4204.8,6168441.6,118.009.4.05.104.16.0115,,,44,,False,0,0,0,0,0,0,0,12.569444444444445,2 PK,13.46,1466.9999999999998,0.8905555555555562,Tidak Ada Data,1,Besar-Efisien
Panasonic,CS-S13RKP / CU-S13RKP,CS-S13RKP / CU-S13RKP,Inverter,1010.0,12500.0,12.79,4,2949.2,4326476.4,118.009.4.06.104.16.0116,,,45,,False,0,0,0,0,0,0,0,12.376237623762377,1.5 PK,12.79,1467.0000000000002,0.4137623762376226,Tidak Ada Data,2,Sedang-Efisien
Panasonic,CS-S10RKP / CU-S10RKP,CS-S10RKP / CU-S10RKP,Inverter,730.0,9720.0,12.62,4,2131.6,3127057.2,118.009.4.07.104.16.0117,,,46,,False,0,0,0,0,0,0,0,13.315068493150685,1 PK,12.62,1467.0000000000002,0.6950684931506856,Tidak Ada Data,2,Sedang-Efisien
Panasonic,CS-PN24SKP /  CU-PN24SKP,CS-PN24SKP / CU-PN24SKP,Inverter,2048.8,22626.0,11.04,4,5982.5,8776321.63,118.009.4.10.104.16.0122,,,47,,False,0,0,0,0,0,0,0,11.043537680593516,2.5 PK,11.04,1466.9990188048475,0.0035376805935172,Tidak Ada Data,1,Besar-Efisien
Panasonic,CS-PN18SKP /  CU-PN18SKP,CS-PN18SKP / CU-PN18SKP,Inverter,1611.3,17823.3,11.06,4,4705.0,6902229.13,118.009.4.11.104.16.0123,,,48,,False,0,0,0,0,0,0,0,11.06144107242599,2 PK,11.06,1466.9987523910734,0.0014410724259903,Tidak Ada Data,1,Besar-Efisien
LG,QS-Q096W5A0  (T10EMV),QS-Q096W5A0 (T10EMV),Inverter,907.7,9205.2,12.21,4,2650.48,3888260.03,118.004.4.05.104.16.0139,,,49,,False,0,0,0,0,0,0,0,10.141236091219566,1 PK,12.21,1467.0022146931876,2.0687639087804346,Tidak Ada Data,2,Sedang-Efisien
LG,QS-Q056W5A0  (T06EMV),QS-Q056W5A0 (T06EMV),Inverter,437.8,5427.0,13.32,4,1278.38,1875377.59,118.004.4.06.104.16.0140,,,50,,False,0,0,0,0,0,0,0,12.396071265418,1 PK,13.32,1466.9954082510676,0.9239287345820006,Tidak Ada Data,2,Sedang-Efisien
LG,BS-Q096WEA4,BS-Q096WEA4,Inverter,853.61,9157.74,12.14,4,2492.54,3656557.94,118.004.4.07.104.16.0141,,,51,,False,0,0,0,0,0,0,0,10.728248263258395,1 PK,12.14,1467.0007061070237,1.4117517367416037,Tidak Ada Data,2,Sedang-Efisien
LG,BS-Q096J1S1,BS-Q096J1S1,Inverter,665.32,9600.34,17.0,4,1942.73,2849991.36,118.004.4.08.104.16.0142,,,52,,False,0,0,0,0,0,0,0,14.42965790897613,1 PK,17.0,1467.0033200702103,2.5703420910238695,Tidak Ada Data,2,Sedang-Efisien
LG,BS-Q126J1S1,BS-Q126J1S1,Inverter,999.81,12155.11,15.3,4,2919.45,4282826.11,118.004.4.09.104.16.0143,,,53,,False,0,0,0,0,0,0,0,12.15741990978286,1.5 PK,15.3,1466.9975885868917,3.142580090217141,Tidak Ada Data,2,Sedang-Efisien
LG,BS-Q186K1S0,BS-Q186K1S0,Inverter,1468.96,17975.92,14.85,4,4289.36,6292495.81,118.004.4.10.104.16.0144,,,54,,False,0,0,0,0,0,0,0,12.237174599716806,2 PK,14.85,1467.0010934032116,2.612825400283194,Tidak Ada Data,1,Besar-Efisien
LG,BS-Q126J3A0,BS-Q126J3A0,Inverter,1044.62,12355.84,13.93,4,3050.29,4474776.02,118.004.4.11.104.16.0145,,,55,,False,0,0,0,0,0,0,0,11.828071451819802,1.5 PK,13.93,1467.0001934242316,2.1019285481801973,Tidak Ada Data,2,Sedang-Efisien
LG,BS-Q186K3A0,BS-Q186K3A0,Inverter,1463.18,17775.22,14.52,4,4272.49,6267736.38,118.004.4.12.104.16.0146,,,56,,False,0,0,0,0,0,0,0,12.148348118481664,2 PK,14.52,1466.9984903416978,2.3716518815183356,Tidak Ada Data,1,Besar-Efisien
Sharp,AH-XP6SHY / AU-X6SHY,AH-XP6SHY / AU-X6SHY,Inverter,379.9,4184.14,11.16,4,1109.31,1627354.84,118.008.4.19.104.16.0147,,,57,,False,0,0,0,0,0,0,0,11.013793103448275,0.5 PK,11.16,1466.9973587184827,0.1462068965517229,Tidak Ada Data,2,Sedang-Efisien
Sharp,AH-XP13SHY / AU-X13SHY,AH-XP13SHY / AU-X13SHY,Inverter,1106.4,11390.96,12.1,4,3230.69,4739419.3,118.008.4.20.104.16.0148,,,58,,False,0,0,0,0,0,0,0,10.295516992046275,1.5 PK,12.1,1466.9990930729966,1.804483007953724,Tidak Ada Data,2,Sedang-Efisien
Sharp,AH-X12SEY / AU-X12SEY,AH-X12SEY / AU-X12SEY,Inverter,1154.2,11114.25,11.46,4,3370.26,4944177.29,118.008.4.21.104.16.0149,,,59,,False,0,0,0,0,0,0,0,9.629396984924623,1.5 PK,11.46,1467.0017417053875,1.8306030150753776,Tidak Ada Data,2,Sedang-Efisien
Midea,MSKID-09CRDN1 (I) / MSKID-09CRDN1 (O),MSKID-09CRDN1(I) / MSKID-09CRDN1(O),Inverter,807.0,9441.0,11.7,4,2356.44,3456897.48,118.013.4.18.104.16.0168,,,60,,False,0,0,0,0,0,0,0,11.698884758364311,1 PK,11.7,1467.0,0.0011152416356878,Tidak Ada Data,2,Sedang-Efisien
Midea,MSKID-12CRDN1 (I) / MSKID-12CRDN1 (O),MSKID-12CRDN1(I) / MSKID-12CRDN1(O),Inverter,1182.0,12409.0,10.5,4,3451.44,5063262.48,118.013.4.19.104.16.0169,,,61,,False,0,0,0,0,0,0,0,10.498307952622673,1.5 PK,10.5,1467.0,0.0016920473773271,Tidak Ada Data,2,Sedang-Efisien
Midea,MSMB-09CRDN1 (I) / MSMB-09CRDN1 (O),MSMB-09CRDN1(I) / MSMB-09CRDN1(O),Inverter,733.0,9235.0,12.6,4,2140.36,3139908.12,118.013.4.20.104.16.0170,,,62,,False,0,0,0,0,0,0,0,12.598908594815825,1 PK,12.6,1467.0,0.0010914051841748,Tidak Ada Data,2,Sedang-Efisien
Midea,MSMB-12CRDN1 (I) / MSMB-12CRDN1 (O),MSMB-12CRDN1(I) / MSMB-12CRDN1(O),Inverter,882.0,11049.0,12.53,4,2575.44,3778170.48,118.013.4.21.104.16.0171,,,63,,False,0,0,0,0,0,0,0,12.52721088435374,1.5 PK,12.53,1467.0,0.0027891156462587,Tidak Ada Data,2,Sedang-Efisien
Midea,MSMB-18CRDN1 (I) / MSMB-18CRDN1 (O),MSMB-18CRDN1(I) / MSMB-18CRDN1(O),Inverter,1640.0,17186.0,10.48,4,4788.8,7025169.6,118.013.4.22.104.16.0172,,,64,,False,0,0,0,0,0,0,0,10.479268292682926,2 PK,10.48,1466.9999999999998,0.0007317073170742,Tidak Ada Data,1,Besar-Efisien
Gree,Indoor GWC-09GEE / I Outdoor GWC-09GEE / O,Indoor GWC-09GEE / I Outdoor GWC-09GEE / O,Inverter,768.0,8857.6,12.62,4,2242.56,3289835.52,118.011.4.12.104.16.0183,,,65,,False,0,0,0,0,0,0,0,11.533333333333331,1 PK,12.62,1467.0,1.086666666666666,Tidak Ada Data,2,Sedang-Efisien
Gree,Indoor GWC-12GEE / I Outdoor GWC-12GEE / O,Indoor GWC-12GEE / I Outdoor GWC-12GEE / O,Inverter,1110.0,11846.5,12.79,4,3241.2,4754840.4,118.011.4.13.104.16.0184,,,66,,False,0,0,0,0,0,0,0,10.672522522522522,1.5 PK,12.79,1467.0000000000002,2.117477477477477,Tidak Ada Data,2,Sedang-Efisien
LG,QS-Q076W5A0  (T08EMV),QS-Q076W5A0 (T08EMV),Inverter,613.6,7166.7,12.3,4,1791.71,2628441.5,118.004.4.13.104.16.0185,,,67,,False,0,0,0,0,0,0,0,11.679758800521512,1 PK,12.3,1467.0016353092856,0.6202411994784889,Tidak Ada Data,2,Sedang-Efisien
LG,QS-Q056W5A1  (E06FMV),QS-Q056W5A1 (E06FMV),Inverter,303.9,4442.0,14.69,4,887.39,1301798.2,118.004.4.14.104.16.0186,,,68,,False,0,0,0,0,0,0,0,14.616650213886148,0.5 PK,14.69,1466.99669818231,0.0733497861138516,Tidak Ada Data,2,Sedang-Efisien
LG,QS-Q096W5A1  (E10FMV),QS-Q096W5A1 (E10FMV),Inverter,698.7,8667.4,13.76,4,2040.2,2992979.27,118.004.4.15.104.16.0187,,,69,,False,0,0,0,0,0,0,0,12.405037927579787,1 PK,13.76,1467.002877168905,1.3549620724202107,Tidak Ada Data,2,Sedang-Efisien
Toshiba,RAS-10G2KCV-IDRAS-10G2ACV-ID,RAS-10G2KCV-IDRAS-10G2ACV-ID,Inverter,782.82,8775.22,13.04,4,2285.83,3353319.06,118.014.4.07.104.16.0194,,,70,,False,0,0,0,0,0,0,0,11.20975447740221,1 PK,13.04,1467.00282173215,1.8302455225977887,Tidak Ada Data,2,Sedang-Efisien
Toshiba,RAS-13G2KCV-IDRAS-13G2ACV-ID,RAS-13G2KCV-IDRAS-13G2ACV-ID,Inverter,1111.63,11973.12,14.36,4,3245.96,4761822.73,118.014.4.08.104.16.0195,,,71,,False,0,0,0,0,0,0,0,10.770778046652213,1.5 PK,14.36,1466.9998182355914,3.5892219533477867,Tidak Ada Data,2,Sedang-Efisien
Toshiba,RAS-18G2KCV-IDRAS-18G2ACV-ID,RAS-18G2KCV-IDRAS-18G2ACV-ID,Inverter,1424.58,16334.92,14.92,4,4159.77,6102387.87,118.014.4.09.104.16.0196,,,72,,False,0,0,0,0,0,0,0,11.466481348888797,2 PK,14.92,1467.001269300947,3.453518651111205,Tidak Ada Data,1,Besar-Efisien
Toshiba,RAS-22G2KCV-IDRAS-22G2ACV-ID,RAS-22G2KCV-IDRAS-22G2ACV-ID,Inverter,1718.34,19575.87,15.27,4,5017.55,7360749.96,118.014.4.10.104.16.0197,,,73,,False,0,0,0,0,0,0,0,11.392314675791752,2.5 PK,15.27,1467.0008191248717,3.8776853242082474,Tidak Ada Data,1,Besar-Efisien
Mitsubishi Heavy Industries,8530 BTU / h,8530 BTU /h,Inverter,670.0,8409.19,14.96,4,1956.4,2870038.8,011.015.4.01.104.16.0209,,,74,,False,0,0,0,0,0,0,0,12.55102985074627,1 PK,14.96,1466.9999999999998,2.408970149253731,Tidak Ada Data,2,Sedang-Efisien
Mitsubishi Heavy Industries,10918 - 11942 BTU / h,10918 - 11942 BTU /h,Inverter,980.0,11707.39,14.85,4,2861.6,4197967.2,011.015.4.02.104.16.0210,,,75,,False,0,0,0,0,0,0,0,11.946316326530612,1.5 PK,14.85,1467.0,2.903683673469388,Tidak Ada Data,2,Sedang-Efisien
Mitsubishi Heavy Industries,17060 BTU / h,17060 BTU /h,Inverter,1640.0,16196.07,11.74,4,4788.8,7025169.6,011.015.4.03.104.16.0211,,,76,,False,0,0,0,0,0,0,0,9.87565243902439,2 PK,11.74,1466.9999999999998,1.8643475609756095,Tidak Ada Data,1,Besar-Efisien
Gree,GWC-09UCR / IGWC-09UCR / O,GWC-09UCR / IGWC-09UCR / O,Inverter,620.1,8616.1,17.21,4,1810.69,2656285.16,118.011.4.14.104.16.0221,,,77,,False,0,0,0,0,0,0,0,13.894694404128366,1 PK,17.21,1467.00161816766,3.315305595871635,Tidak Ada Data,2,Sedang-Efisien
Gree,GWC-18UCR / IGWC-18UCR / O,GWC-18UCR / IGWC-18UCR / O,Inverter,1544.8,17526.8,13.74,4,4510.82,6617367.07,118.011.4.15.104.16.0222,,,78,,False,0,0,0,0,0,0,0,11.345675815639565,2 PK,13.74,1466.9986986844965,2.3943241843604355,Tidak Ada Data,1,Besar-Efisien
Gree,Indoor GWC-12GEE / I Outdoor GWC-12GEE / O,Indoor GWC-12GEE / I Outdoor GWC-12GEE / O,Inverter,1110.0,11846.5,12.79,4,3241.2,4754840.4,118.019.4.12.104.16.0240,,,79,,False,0,0,0,0,0,0,0,10.672522522522522,1.5 PK,12.79,1467.0000000000002,2.117477477477477,Tidak Ada Data,2,Sedang-Efisien
Gree,Indoor GWC-09GEE / I Outdoor GWC-09GEE / O,Indoor GWC-09GEE / I Outdoor GWC-09GEE / O,Inverter,768.0,8857.6,12.62,4,2242.56,3289835.52,118.019.4.13.104.16.0241,,,80,,False,0,0,0,0,0,0,0,11.533333333333331,1 PK,12.62,1467.0,1.086666666666666,Tidak Ada Data,2,Sedang-Efisien
LG,QS-Q076W5A1  (T08EMV1),QS-Q076W5A1 (T08EMV1),Inverter,628.3,7559.2,12.79,4,1834.64,2691411.01,118.004.4.16.104.16.0242,,,81,,False,0,0,0,0,0,0,0,12.03119528887474,1 PK,12.79,1466.9968004622158,0.7588047111252578,Tidak Ada Data,2,Sedang-Efisien
Gree,GWC09KF-K3DNA6A,GWC09KF-K3DNA6A,Inverter,800.0,11095.33,9.98,3,2336.0,3426912.0,011.022.3.10.099.16.0261,,,82,,False,0,0,0,0,0,0,0,13.8691625,1.5 PK,9.98,1467.0,3.8891624999999994,Tidak Ada Data,2,Sedang-Efisien
Gree,GWC12KF-K3DNA6A,GWC12KF-K3DNA6A,Inverter,1100.0,12120.55,10.93,4,3212.0,4712004.0,011.022.4.11.104.16.0262,,,83,,False,0,0,0,0,0,0,0,11.018681818181818,1.5 PK,10.93,1467.0,0.0886818181818185,Tidak Ada Data,2,Sedang-Efisien
Gree,GWC18KG-K3DNA6E,GWC18KG-K3DNA6E,Inverter,1600.0,17933.66,12.15,4,4672.0,6853824.0,011.022.4.12.104.16.0263,,,84,,False,0,0,0,0,0,0,0,11.2085375,2 PK,12.15,1467.0,0.9414625,Tidak Ada Data,1,Besar-Efisien
Panasonic,CS-PU9TKP / CU-PU9TKP,CS-PU9TKP / CU-PU9TKP,Inverter,714.5,8285.36,12.99,4,2086.34,3060660.78,118.009.4.12.104.16.0265,,,85,,False,0,0,0,0,0,0,0,11.596025192442267,1 PK,12.99,1466.9999999999998,1.3939748075577327,Tidak Ada Data,2,Sedang-Efisien
Panasonic,CS-PU12TKP / CU-PU12TKP,CS-PU12TKP / CU-PU12TKP,Inverter,1001.9,11194.43,12.75,4,2925.55,4291778.92,118.009.4.13.104.16.0266,,,86,,False,0,0,0,0,0,0,0,11.173200918255317,1.5 PK,12.75,1466.9989984789183,1.576799081744685,Tidak Ada Data,2,Sedang-Efisien
Panasonic,CS-PU18TKP / CU-PU18TKP,CS-PU18TKP / CU-PU18TKP,Inverter,1424.4,17007.79,13.74,4,4159.25,6101616.82,118.009.4.14.104.16.0267,,,87,,False,0,0,0,0,0,0,0,11.940318730693626,2 PK,13.74,1466.999295546072,1.7996812693063742,Tidak Ada Data,1,Besar-Efisien
Panasonic,CS-PU24TKP / CU-PU24TKP,CS-PU24TKP / CU-PU24TKP,Inverter,1736.6,19633.33,13.1,4,5070.87,7438969.22,118.009.4.15.104.16.0268,,,88,,False,0,0,0,0,0,0,0,11.305614418979616,2.5 PK,13.1,1467.0005778101192,1.794385581020382,Tidak Ada Data,1,Besar-Efisien
Sanken,EVA-10D / EVA-10L,EVA-10D / EVA-10L,Inverter,850.0,9008.0,11.79,4,2482.0,3641094.0,118.017.4.12.104.16.0314,,,89,,False,0,0,0,0,0,0,0,10.59764705882353,1 PK,11.79,1467.0,1.1923529411764695,Tidak Ada Data,2,Sedang-Efisien
Gree,"GWC-18UCR / I , GWC-18UCR / O",GWC-18UCR / I & GWC-18UCR / O,Inverter,233.0,17526.6,13.74,4,680.36,998088.12,118.019.4.15.104.16.0316,,,90,,False,0,0,0,0,0,0,0,75.2214592274678,2 PK,13.74,1467.0,61.4814592274678,Tidak Ada Data,2,Sedang-Efisien
Gree,"GWC-24COO / I , GWC-24COO / O",GWC-24COO / I & GWC-24COO / O,Inverter,2338.7,23058.2,9.86,2,6829.0,10018148.87,118.019.2.16.091.16.0317,,,91,,False,0,0,1,1,0,0,0,9.859409073416856,2.5 PK,9.86,1467.000859569483,0.0005909265831434,Tidak Ada Data,1,Besar-Efisien
Panasonic,CS-U13TKP / CU-U13TKP,CS-U13TKP / CU-U13TKP,Inverter,1031.3,11524.71,12.81,4,3011.4,4417717.93,118.009.4.16.104.17.0017,,,92,,False,0,0,0,0,0,0,0,11.174934548627943,1.5 PK,12.81,1466.9980507405191,1.6350654513720553,Tidak Ada Data,2,Sedang-Efisien
Panasonic,CS-U10TKP / CU-U10TKP,CS-U10TKP / CU-U10TKP,Inverter,768.7,9211.72,13.74,4,2244.6,3292834.07,118.009.4.17.104.17.0018,,,93,,False,0,0,0,0,0,0,0,11.983504618186547,1 PK,13.74,1467.0026151652855,1.756495381813453,Tidak Ada Data,2,Sedang-Efisien
Sharp,AH-X18UEY / AU-X18UEY,AH-X18UEY / AU-X18UEY,Inverter,1493.66,17262.57,14.84,4,4361.49,6398301.72,118.008.4.24.104.17.0019,,,94,,False,0,0,0,0,0,0,0,11.557228552682671,2 PK,14.84,1466.9990576614873,3.2827714473173284,Tidak Ada Data,1,Besar-Efisien
Sharp,AH-X9UEY / AU-X9UEY,AH-X9UEY / AU-X9UEY,Inverter,822.0,8696.57,12.48,4,2400.24,3521152.08,118.008.4.25.104.17.0020,,,95,,False,0,0,0,0,0,0,0,10.579768856447687,1 PK,12.48,1467.0000000000002,1.900231143552313,Tidak Ada Data,2,Sedang-Efisien
Sharp,AH-X12UEY / AU-X12UEY,AH-X12UEY / AU-X12UEY,Inverter,1065.53,12094.93,13.47,4,3111.35,4564346.93,118.008.4.26.104.17.0021,,,96,,False,0,0,0,0,0,0,0,11.351092883353823,1.5 PK,13.47,1466.9988686582994,2.1189071166461755,Tidak Ada Data,2,Sedang-Efisien
Sharp,AH-XP6UHY / AU-X6UHY,AH-XP6UHY / AU-X6UHY,Inverter,385.98,5152.26,13.76,4,1127.06,1653399.37,118.008.4.27.104.17.0022,,,97,,False,0,0,0,0,0,0,0,13.348515467122647,0.5 PK,13.76,1467.0020850708927,0.4114845328773509,Tidak Ada Data,2,Sedang-Efisien
Sharp,AH-XP10UHY / AU-X10UHY,AH-XP10UHY / AU-X10UHY,Inverter,754.76,9245.09,14.54,4,2203.9,3233120.13,118.008.4.28.104.17.0023,,,98,,False,0,0,0,0,0,0,0,12.2490460543749,1 PK,14.54,1466.9994691229183,2.2909539456250982,Tidak Ada Data,2,Sedang-Efisien
Sharp,AH-XP13UHY / AU-X13UHY,AH-XP13UHY / AU-X13UHY,Inverter,976.9,11974.93,14.64,4,2852.55,4184687.92,118.008.4.29.104.17.0024,,,99,,False,0,0,0,0,0,0,0,12.258091923431262,1.5 PK,14.64,1466.9989728488545,2.381908076568738,Tidak Ada Data,2,Sedang-Efisien
LG,"BS-Q096J1S0  (D10SMV.NJ0T, D10SMV.UJ0T)","BS-Q096J1S0 (D10SMV.NJ0T, D10SMV.UJ0T)",Inverter,410.0,9200.0,12.6,4,1197.2,1756292.4,118.004.4.17.104.17.0026,,,100,,False,0,0,0,0,0,0,0,22.4390243902439,1 PK,12.6,1466.9999999999998,9.8390243902439,Tidak Ada Data,2,Sedang-Efisien
LG,"S4-Q12JA2PA  (E13SIV.NJAT, E13SIV.UJAT)","S4-Q12JA2PA (E13SIV.NJAT, E13SIV.UJAT)",Inverter,1030.0,12000.0,14.75,4,3007.6,4412149.2,118.004.4.18.104.17.0027,,,101,,False,0,0,0,0,0,0,0,11.650485436893204,1.5 PK,14.75,1467.0,3.099514563106796,Tidak Ada Data,2,Sedang-Efisien
Panasonic,CS-U18TKP / CU-U18TKP,CS-U18TKP / CU-U18TKP,Inverter,1477.5,17560.2,14.21,4,4314.3,6329078.1,118.009.4.18.104.17.0037,,,102,,False,0,0,0,0,0,0,0,11.88507614213198,2 PK,14.21,1466.9999999999998,2.32492385786802,Tidak Ada Data,1,Besar-Efisien
Panasonic,CS-U24TKP / CU-U24TKP,CS-U24TKP / CU-U24TKP,Inverter,1792.2,20496.23,13.87,4,5233.22,7677139.61,118.009.4.19.104.17.0038,,,103,,False,0,0,0,0,0,0,0,11.436351969646244,2.5 PK,13.87,1467.001121680342,2.433648030353755,Tidak Ada Data,1,Besar-Efisien
LG,"S3-Q18K21PA (D19RIV3.NKAT, D19RIV3.UKAT)","S3-Q18K21PA(D19RIV3.NKAT, D19RIV3.UKAT)",Inverter,1404.57,17962.95,15.57,4,4101.34,6016672.23,118.004.4.19.104.17.0058,,,104,,False,0,0,0,0,0,0,0,12.788931843909523,2 PK,15.57,1467.0015726567417,2.781068156090475,Tidak Ada Data,1,Besar-Efisien
LG,"S4-Q18K22PA (E19SIV.NKAT, E19SIV.UKAT)","S4-Q18K22PA(E19SIV.NKAT, E19SIV.UKAT)",Inverter,1458.04,18012.05,14.68,4,4257.48,6245718.47,118.004.4.20.104.17.0059,,,105,,False,0,0,0,0,0,0,0,12.353604839373403,2 PK,14.68,1466.9988984093875,2.3263951606265945,Tidak Ada Data,1,Besar-Efisien
AQUA,AQA-KCRV9BGS,AQA-KCRV9BGS,Inverter,1287.3,11053.53,12.2,4,3758.92,5514329.77,118.021.4.13.104.17.0064,,,106,,False,0,0,0,0,0,0,0,8.586599860172456,1.5 PK,12.2,1466.998438381237,3.613400139827544,Tidak Ada Data,2,Sedang-Efisien
AQUA,AQA-KCRV12BGS,AQA-KCRV12BGS,Inverter,1104.4,11426.14,13.16,4,3224.85,4730852.02,118.021.4.14.104.17.0065,,,107,,False,0,0,0,0,0,0,0,10.34601593625498,1.5 PK,13.16,1466.999091430609,2.8139840637450213,Tidak Ada Data,2,Sedang-Efisien
AQUA,AQA-KCRV18BGS,AQA-KCRV18BGS,Inverter,1837.9,18220.5,12.42,4,5366.67,7872901.96,118.021.4.15.104.17.0066,,,108,,False,0,0,0,0,0,0,0,9.913760269873224,2 PK,12.42,1466.9994540376065,2.506239730126776,Tidak Ada Data,1,Besar-Efisien
Gree,GWC09KF-K3DNA6A,GWC09KF-K3DNA6A,Inverter,800.0,9029.62,12.29,4,2336.0,3426912.0,011.030.4.12.104.17.0083,,,109,,False,0,0,0,0,0,0,0,11.287025000000002,1 PK,12.29,1467.0,1.0029749999999975,Tidak Ada Data,2,Sedang-Efisien
Gree,GWC12KF-K3DNA6A,GWC12KF-K3DNA6A,Inverter,1100.0,12490.99,11.04,4,3212.0,4712004.0,011.030.4.13.104.17.0084,,,110,,False,0,0,0,0,0,0,0,11.355445454545457,1.5 PK,11.04,1467.0,0.3154454545454559,Tidak Ada Data,2,Sedang-Efisien
Gree,GWC18KG-K3DNA6E,GWC18KG-K3DNA6E,Inverter,1600.0,17456.36,12.05,4,4672.0,6853824.0,011.030.4.14.104.17.0085,,,111,,False,0,0,0,0,0,0,0,10.910225,2 PK,12.05,1467.0,1.1397750000000002,Tidak Ada Data,1,Besar-Efisien
LG,"S3-Q09JL1PA (D10RIV3.NJAT, D10RIV3.UJAT)","S3-Q09JL1PA(D10RIV3.NJAT, D10RIV3.UJAT)",Inverter,610.42,9723.52,18.22,4,1782.43,2614819.53,118.004.4.23.104.17.0112,,,112,,False,0,0,0,0,0,0,0,15.929229055404477,1 PK,18.22,1466.997037751833,2.290770944595522,Tidak Ada Data,2,Sedang-Efisien
LG,"S3-Q12JL1PA (D13RIV3.NJAT, D13RIV3.UJAT)","S3-Q12JL1PA(D13RIV3.NJAT, D13RIV3.UJAT)",Inverter,882.41,12239.01,16.7,4,2576.64,3779926.77,118.004.4.24.104.17.0113,,,113,,False,0,0,0,0,0,0,0,13.86998107455718,1.5 PK,16.7,1466.998404899404,2.83001892544282,Tidak Ada Data,2,Sedang-Efisien
LG,"SQ-Q06WA5AA (T06EV3.NWAT, T06EV3.UWAT, T06EV3.NWAH, T06EV3.UWAH)","SQ-Q06WA5AA(T06EV3.NWAT, T06EV3.UWAT, T06EV3.NWAH, T06EV3.UWAH)",Inverter,490.42,6223.73,12.82,4,1432.03,2100782.73,118.004.4.25.104.17.0115,,,114,,False,0,0,0,0,0,0,0,12.690612128379756,1 PK,12.82,1466.9963129264052,0.1293878716202456,Tidak Ada Data,2,Sedang-Efisien
LG,"SQ-Q09WA5AA (T10EV3.NWAT, T10EV3.UWAT, T10EV3.NWAH, T10EV3.UWAH)","SQ-Q09WA5AA(T10EV3.NWAT, T10EV3.UWAT, T10EV3.NWAH, T10EV3.UWAH)",Inverter,927.3,9237.72,11.54,4,2707.72,3972219.37,118.004.4.26.104.17.0116,,,115,,False,0,0,0,0,0,0,0,9.9619540601747,1 PK,11.54,1466.9978321244444,1.578045939825298,Tidak Ada Data,2,Sedang-Efisien
LG,"S3-Q05WA6AA (E06SV3.NWAT, E06SV3.UWAT)","S3-Q05WA6AA(E06SV3.NWAT, E06SV3.UWAT)",Inverter,285.85,4219.25,13.34,4,834.68,1224478.49,118.004.4.27.104.17.0117,,,116,,False,0,0,0,0,0,0,0,14.760363827182088,0.5 PK,13.34,1467.0035103273112,1.4203638271820882,Tidak Ada Data,2,Sedang-Efisien
LG,"S3-Q09WA6AA (E10SV3.NWAT, E10SV3.UWAT)","S3-Q09WA6AA(E10SV3.NWAT, E10SV3.UWAT)",Inverter,625.71,8000.39,13.8,4,1827.07,2680316.38,118.004.4.28.104.17.0118,,,117,,False,0,0,0,0,0,0,0,12.786098991545604,1 PK,13.8,1467.0025669514578,1.013901008454397,Tidak Ada Data,2,Sedang-Efisien
Gree,GWC05NAS,GWC05NAS,Inverter,575.93,5287.19,9.19,2,1681.72,2467076.79,011.030.2.15.091.17.0119,,,118,,False,0,0,0,0,0,0,0,9.18026496275589,0.5 PK,9.19,1466.996164640963,0.0097350372441091,Tidak Ada Data,2,Sedang-Efisien
Gree,GWC09NAS,GWC09NAS,Inverter,856.4,8542.39,9.97,3,2500.69,3668509.3,011.030.3.16.099.17.0120,,,119,,False,0,0,0,0,0,0,0,9.974766464269033,1 PK,9.97,1466.998828323383,0.0047664642690321,Tidak Ada Data,2,Sedang-Efisien
Gree,GWC18NAS,GWC18NAS,Inverter,1705.6,17773.94,10.42,4,4980.35,7306176.38,011.030.4.17.104.17.0121,,,120,,False,0,0,0,0,0,0,0,10.42093105065666,2 PK,10.42,1467.0005883120664,0.0009310506566606,Tidak Ada Data,1,Besar-Efisien
Haier,HSU-10INV03,HSU-10INV03,Inverter,834.9,9512.0,12.63,4,2437.91,3576411.04,118.012.4.15.104.17.0126,,,121,,False,0,0,0,0,0,0,0,11.392981195352736,1 PK,12.63,1466.9987981508752,1.2370188046472634,Tidak Ada Data,2,Sedang-Efisien
Haier,HSU-13INV03,HSU-13INV03,Inverter,1126.6,11913.3,12.54,4,3289.67,4825948.82,118.012.4.16.104.17.0127,,,122,,False,0,0,0,0,0,0,0,10.574560624889047,1.5 PK,12.54,1467.000890666845,1.965439375110952,Tidak Ada Data,2,Sedang-Efisien
Haier,HSU-18INV03,HSU-18INV03,Inverter,2179.3,22054.5,13.56,4,6363.56,9335336.65,118.012.4.17.104.17.0128,,,123,,False,0,0,0,0,0,0,0,10.119992658192997,2.5 PK,13.56,1466.9990775603592,3.4400073418070036,Tidak Ada Data,1,Besar-Efisien
Haier,HSU-24INV03,HSU-24INV03,Inverter,1494.7,17450.3,12.8,4,4364.52,6402756.71,118.012.4.18.104.17.0129,,,124,,False,0,0,0,0,0,0,0,11.67478423763966,2 PK,12.8,1467.0013449359838,1.125215762360341,Tidak Ada Data,1,Besar-Efisien
LG,"S3-Q12JA2PA (E13SIV3.NJAT, E13SIV3.UJAT, T13EV3.NJAT, T13EV3.UJAT)","S3-Q12JA2PA(E13SIV3.NJAT, E13SIV3.UJAT, T13EV3.NJAT, T13EV3.UJAT)",Inverter,380.0,11931.93,14.46,4,1109.6,1627783.2,118.004.4.29.104.17.0133,,,125,,False,0,0,0,0,0,0,0,31.399815789473685,1.5 PK,14.46,1467.0,16.939815789473684,Tidak Ada Data,2,Sedang-Efisien
LG,"S3-Q18KL2PA (E19SIV3.NKAT, E19SIV3.UKAT, T19EV3.NKAT, T19EV3.UKAT)","S3-Q18KL2PA(E19SIV3.NKAT, E19SIV3.UKAT, T19EV3.NKAT, T19EV3.UKAT)",Inverter,1523.09,18042.93,14.16,4,4447.42,6524369.25,118.004.4.30.104.17.0134,,,126,,False,0,0,0,0,0,0,0,11.84626647144949,2 PK,14.16,1467.000924131294,2.313733528550511,Tidak Ada Data,1,Besar-Efisien
McQuay,M5WMY10P / M5LCY10F2,M5WMY10P / M5LCY10F2,Inverter,806.84,8930.79,14.38,4,2355.97,3456212.1,119.016.4.05.104.17.0155,,,127,,False,0,0,0,0,0,0,0,11.068848842397502,1 PK,14.38,1467.0017445043868,3.311151157602499,Tidak Ada Data,2,Sedang-Efisien
McQuay,M5WMY15P / M5LCY15F2,M5WMY15P / M5LCY15F2,Inverter,1302.16,11696.37,13.36,4,3802.31,5577984.66,119.016.4.06.104.17.0156,,,128,,False,0,0,0,0,0,0,0,8.982283283160287,1.5 PK,13.36,1466.9989190781394,4.377716716839712,Tidak Ada Data,2,Sedang-Efisien
McQuay,M5WMY20P / M5LCY20C2,M5WMY20P / M5LCY20C2,Inverter,1669.41,18556.76,12.93,4,4874.68,7151151.45,119.016.4.07.104.17.0157,,,129,,False,0,0,0,0,0,0,0,11.115759459928956,2 PK,12.93,1466.9991568677328,1.8142405400710435,Tidak Ada Data,1,Besar-Efisien
McQuay,M5WMY25P / M5LCY25C2,M5WMY25P / M5LCY25C2,Inverter,1955.67,21753.75,13.91,4,5710.56,8377386.24,119.016.4.08.104.17.0158,,,130,,False,0,0,0,0,0,0,0,11.123425731335042,2.5 PK,13.91,1466.9990753971588,2.7865742686649586,Tidak Ada Data,1,Besar-Efisien
AQUA,"AQA-KRV9WJ / AQA-CRV9WJ, AQA-KRV9WJW / AQA-CRV9WJW, ","AQA-KRV9WJ / AQA-CRV9WJ, AQA-KRV9WJW / AQA-CRV9WJW, ",Inverter,775.0,10178.0,13.13,4,2263.0,3319821.0,118.021.4.16.104.17.0163,,,131,,False,0,0,0,0,0,0,0,13.132903225806452,1.5 PK,13.13,1467.0,0.0029032258064507,Tidak Ada Data,2,Sedang-Efisien
AQUA,"AQA-KRV12WJ / AQA-CRV12WJ, AQA-KRV12WJW / AQA-CRV12WJW, ","AQA-KRV12WJ / AQA-CRV12WJ, AQA-KRV12WJW / AQA-CRV12WJW, ",Inverter,1187.0,13422.81,11.29,4,3466.04,5084680.68,118.021.4.17.104.17.0164,,,132,,False,0,0,0,0,0,0,0,11.308180286436396,1.5 PK,11.29,1467.0,0.0181802864363955,Tidak Ada Data,2,Sedang-Efisien
AQUA,"AQA-KRV18WJ / AQA-CRV18WJ, AQA-KRV18WJW / AQA-CRV18WJW, ","AQA-KRV18WJ / AQA-CRV18WJ, AQA-KRV18WJW / AQA-CRV18WJW, ",Inverter,1404.0,15268.7,10.88,4,4099.68,6014230.56,118.021.4.18.104.17.0165,,,133,,False,0,0,0,0,0,0,0,10.87514245014245,2 PK,10.88,1466.9999999999998,0.0048575498575509,Tidak Ada Data,1,Besar-Efisien
Sharp,AH-X6VEY / AU-X6VEY,AH-X6VEY / AU-X6VEY,Inverter,402.34,5032.87,12.45,4,1174.83,1723479.72,118.008.4.36.104.18.0001,,,134,,False,0,0,0,0,0,0,0,12.508997365412338,0.5 PK,12.45,1467.0034983784888,0.0589973654123383,Tidak Ada Data,2,Sedang-Efisien
Sharp,AH-X9VEY / AU-X9VEY,AH-X9VEY / AU-X9VEY,Inverter,825.61,8979.26,13.48,4,2410.78,3536616.02,118.008.4.37.104.18.0002,,,135,,False,0,0,0,0,0,0,0,10.875909933261468,1 PK,13.48,1467.0007300541731,2.6040900667385323,Tidak Ada Data,2,Sedang-Efisien
Sharp,AH-X12VEY / AU-X12VEY,AH-X12VEY / AU-X12VEY,Inverter,1107.96,11994.0,13.42,4,3235.24,4746101.77,118.008.4.38.104.18.0003,,,136,,False,0,0,0,0,0,0,0,10.82530055236651,1.5 PK,13.42,1467.0014496606125,2.5946994476334897,Tidak Ada Data,2,Sedang-Efisien
Sharp,AH-X18VEY / AU-X18VEY,AH-X18VEY / AU-X18VEY,Inverter,1724.01,18898.18,14.34,4,5034.11,7385038.2,118.008.4.40.104.18.0004,,,137,,False,0,0,0,0,0,0,0,10.961757762425972,2 PK,14.34,1466.9997675855316,3.378242237574028,Tidak Ada Data,1,Besar-Efisien
Sharp,AH-XP10VXY / AU-X10VXY,AH-XP10VXY / AU-X10VXY,Inverter,491.27,8603.19,21.4,4,1434.51,2104423.82,118.008.4.41.104.18.0005,,,138,,False,0,0,0,0,0,0,0,17.512141999307918,1 PK,21.4,1466.998361809956,3.8878580006920807,Tidak Ada Data,2,Sedang-Efisien
Sharp,AH-XP13VXY / AU-X13VXY,AH-XP13VXY / AU-X13VXY,Inverter,753.14,11424.91,19.3,4,2199.17,3226180.63,118.008.4.42.104.18.0006,,,139,,False,0,0,0,0,0,0,0,15.169702844092733,1.5 PK,19.3,1466.9991996980675,4.130297155907268,Tidak Ada Data,2,Sedang-Efisien
Panasonic,CS-VU10UKP / CU-VU10UKP,CS-VU10UKP / CU-VU10UKP,Inverter,735.2,9182.03,13.74,4,2146.78,3149332.13,118.009.4.24.104.18.0013,,,140,,False,0,0,0,0,0,0,0,12.489159412404788,1 PK,13.74,1467.0027343276906,1.2508405875952118,Tidak Ada Data,2,Sedang-Efisien
Panasonic,CS-VU13UKP / CU-VU13UKP,CS-VU13UKP / CU-VU13UKP,Inverter,940.9,11957.0,14.05,4,2747.43,4030476.88,118.009.4.25.104.18.0014,,,141,,False,0,0,0,0,0,0,0,12.708045488362206,1.5 PK,14.05,1466.9989335488074,1.341954511637795,Tidak Ada Data,2,Sedang-Efisien
Panasonic,CS-VU18UKP / CU-VU18UKP,CS-VU18UKP / CU-VU18UKP,Inverter,1516.3,17054.89,13.76,4,4427.6,6495283.33,118.009.4.26.104.18.0015,,,142,,False,0,0,0,0,0,0,0,11.247701642155246,2 PK,13.76,1466.9986742253138,2.512298357844754,Tidak Ada Data,1,Besar-Efisien
Daikin,FTKQ15SVM4 / RKQ15SVM4,FTKQ15SVM4 / RKQ15SVM4,Inverter,288.4,5260.96,18.76,4,842.13,1235401.78,119.002.4.46.104.18.0016,,,143,,False,0,0,0,0,0,0,0,18.241886269070736,0.5 PK,18.76,1466.9965207272037,0.5181137309292652,Tidak Ada Data,2,Sedang-Efisien
Daikin,FTKQ20SVM4 / RKQ20SVM4,FTKQ20SVM4 / RKQ20SVM4,Inverter,470.4,7114.7,16.48,4,1373.57,2015024.26,119.002.4.47.104.18.0017,,,144,,False,0,0,0,0,0,0,0,15.124787414965986,1 PK,16.48,1466.9978668724566,1.355212585034014,Tidak Ada Data,2,Sedang-Efisien
Daikin,FTKQ25SVM4 / RKQ25SVM4,FTKQ25SVM4 / RKQ25SVM4,Inverter,796.9,9092.3,15.24,4,2326.95,3413632.72,119.002.4.48.104.18.0018,,,145,,False,0,0,0,0,0,0,0,11.409587150207052,1 PK,15.24,1466.9987408410152,3.830412849792948,Tidak Ada Data,2,Sedang-Efisien
Daikin,FTKQ35SVM4 / RKQ35SVM4,FTKQ35SVM4 / RKQ35SVM4,Inverter,1065.0,12176.75,15.89,4,3109.8,4562076.6,119.002.4.49.104.18.0019,,,146,,False,0,0,0,0,0,0,0,11.433568075117371,1.5 PK,15.89,1466.9999999999998,4.456431924882629,Tidak Ada Data,2,Sedang-Efisien
Daikin,FTKQ50SVM4 / RKQ50SVM4,FTKQ50SVM4 / RKQ50SVM4,Inverter,1726.3,17715.79,14.18,4,5040.8,7394847.73,119.002.4.50.104.18.0020,,,147,,False,0,0,0,0,0,0,0,10.262289289231305,2 PK,14.18,1466.9988355023013,3.917710710768695,Tidak Ada Data,1,Besar-Efisien
Daikin,FTKQ60SVM4 / RKQ60SVM4,FTKQ60SVM4 / RKQ60SVM4,Inverter,2181.2,20384.99,14.03,4,6369.1,9343475.57,119.002.4.51.104.18.0021,,,148,,False,0,0,0,0,0,0,0,9.345768384375576,2.5 PK,14.03,1467.00092163728,4.684231615624425,Tidak Ada Data,1,Besar-Efisien
Daikin,FTKM25SVM4 / RKM25SVM4,FTKM25SVM4 / RKM25SVM4,Inverter,505.4,8976.63,20.31,4,1475.77,2164951.66,119.002.4.58.104.18.0028,,,149,,False,0,0,0,0,0,0,0,17.76143648595172,1 PK,20.31,1466.9980145957704,2.548563514048279,Tidak Ada Data,2,Sedang-Efisien
Daikin,FTKM35SVM4 / RKM35SVM4,FTKM35SVM4 / RKM35SVM4,Inverter,853.6,12219.74,18.63,4,2492.51,3656515.1,119.002.4.59.104.18.0029,,,150,,False,0,0,0,0,0,0,0,14.31553420805998,1.5 PK,18.63,1467.0011755218634,4.314465791940018,Tidak Ada Data,2,Sedang-Efisien
Daikin,FTKM50SVM4 / RKM50SVM4,FTKM50SVM4 / RKM50SVM4,Inverter,1209.5,17769.01,18.65,4,3531.74,5181062.58,119.002.4.60.104.18.0030,,,151,,False,0,0,0,0,0,0,0,14.691202976436545,2 PK,18.65,1467.0,3.958797023563456,Tidak Ada Data,1,Besar-Efisien
Daikin,FTKM60SVM4 / RKM60SVM4,FTKM60SVM4 / RKM60SVM4,Inverter,1487.0,20034.92,17.2,4,4342.04,6369772.68,119.002.4.61.104.18.0031,,,152,,False,0,0,0,0,0,0,0,13.473382649630128,2.5 PK,17.2,1467.0,3.7266173503698727,Tidak Ada Data,1,Besar-Efisien
Daikin,FTKM71SVM4 / RKM71SVM4,FTKM71SVM4 / RKM71SVM4,Inverter,1988.3,23787.78,16.21,4,5805.84,8517161.41,119.002.4.62.104.18.0032,,,153,,False,0,0,0,0,0,0,0,11.96387869033848,3+ PK,16.21,1466.9989889490582,4.246121309661522,Tidak Ada Data,1,Besar-Efisien
Mitsubishi Electric,MSY-JP10VF /  MUY-JP10VF,MSY-JP10VF / MUY-JP10VF,Inverter,1005.05,9616.04,14.04,4,2934.75,4305272.38,118.005.4.13.104.18.0033,,,154,,False,0,0,0,0,0,0,0,9.56772299885578,1 PK,14.04,1466.9979998296276,4.472277001144219,Tidak Ada Data,2,Sedang-Efisien
Mitsubishi Electric,MSY-JP13VF /  MUY-JP13VF,MSY-JP13VF / MUY-JP13VF,Inverter,1277.16,12634.57,14.27,4,3729.31,5470893.66,118.005.4.14.104.18.0034,,,155,,False,0,0,0,0,0,0,0,9.89270725672586,1.5 PK,14.27,1466.9988979194543,4.37729274327414,Tidak Ada Data,2,Sedang-Efisien
Mitsubishi Electric,MSY-JP18VF /  MUY-JP18VF,MSY-JP18VF / MUY-JP18VF,Inverter,1971.5,17737.73,13.31,4,5756.78,8445196.26,118.005.4.15.104.18.0035,,,156,,False,0,0,0,0,0,0,0,8.997073294445853,2 PK,13.31,1467.0,4.312926705554148,Tidak Ada Data,1,Besar-Efisien
Mitsubishi Electric,MSY-JP24VF /  MUY-JP24VF,MSY-JP24VF / MUY-JP24VF,Inverter,1946.24,22628.55,14.29,4,5683.02,8336991.51,118.005.4.16.104.18.0036,,,157,,False,0,0,0,0,0,0,0,11.626803477474514,2.5 PK,14.29,1467.0002058764528,2.663196522525485,Tidak Ada Data,1,Besar-Efisien
Mitsubishi Electric,"MSZ-LN10VFV /  MUZ-LN10VF,  MSZ-LN10VFB /  MUZ-LN10VF,  MSZ-LN10VFR /  MUZ-LN10VF","MSZ-LN10VFV / MUZ-LN10VF,  MSZ-LN10VFB / MUZ-LN10VF,  MSZ-LN10VFR / MUZ-LN10VF",Inverter,531.04,9012.59,20.4,4,1550.64,2274784.19,118.005.4.17.104.18.0037,,,158,,False,0,0,0,0,0,0,0,16.9715840614643,1 PK,20.4,1466.9969754423978,3.4284159385357,Tidak Ada Data,2,Sedang-Efisien
Mitsubishi Electric,"MSZ-LN13VFV /  MUZ-LN13VF, MSZ-LN13VFB /  MUZ-LN13VF, MSZ-LN13VFR /  MUZ-LN13VF","MSZ-LN13VFV / MUZ-LN13VF, MSZ-LN13VFB / MUZ-LN13VF, MSZ-LN13VFR / MUZ-LN13VF",Inverter,983.94,13107.06,17.68,4,2873.1,4214844.74,118.005.4.18.104.18.0038,,,159,,False,0,0,0,0,0,0,0,13.320995182633084,1.5 PK,17.68,1467.002450314991,4.359004817366914,Tidak Ada Data,2,Sedang-Efisien
Mitsubishi Electric,"MSZ-LN18VFV /  MUZ-LN18VF, MSZ-LN18VFB /  MUZ-LN18VF, MSZ-LN18VFR /  MUZ-LN18VF","MSZ-LN18VFV / MUZ-LN18VF, MSZ-LN18VFB / MUZ-LN18VF, MSZ-LN18VFR / MUZ-LN18VF",Inverter,1448.07,18153.58,16.43,4,4228.36,6203010.57,118.005.4.19.104.18.0039,,,160,,False,0,0,0,0,0,0,0,12.536396721152984,2 PK,16.43,1467.0015254141088,3.8936032788470154,Tidak Ada Data,1,Besar-Efisien
LG,"S3-Q09JL1YA (P10RV3.NJAT, P10RV3.UJAT)","S3-Q09JL1YA(P10RV3.NJAT, P10RV3.UJAT)",Inverter,596.13,9111.35,16.6,4,1740.7,2553606.31,118.004.4.31.104.18.0040,,,161,,False,0,0,0,0,0,0,0,15.284166205357891,1 PK,16.6,1466.9996610558971,1.315833794642108,Tidak Ada Data,2,Sedang-Efisien
LG,"S3-Q12JL1YA (P13RV3.NJAT, P13RV3.UJAT)","S3-Q12JL1YA(P13RV3.NJAT, P13RV3.UJAT)",Inverter,935.5,12024.54,15.97,4,2731.66,4007345.22,118.004.4.32.104.18.0041,,,162,,False,0,0,0,0,0,0,0,12.853597006948156,1.5 PK,15.97,1467.0000000000002,3.116402993051844,Tidak Ada Data,2,Sedang-Efisien
Toshiba,RAS-05PKPG-IDRAS-05PAPG-ID,RAS-05PKPG-IDRAS-05PAPG-ID,Inverter,380.63,4396.36,11.55,4,1111.44,1630481.89,118.014.4.27.104.18.0046,,,163,,False,0,0,0,0,0,0,0,11.550219373144524,0.5 PK,11.55,1466.9994691571294,0.0002193731445228,Tidak Ada Data,2,Sedang-Efisien
Toshiba,RAS-07PKPG-IDRAS-07PAPG-ID,RAS-07PKPG-IDRAS-07PAPG-ID,Inverter,594.89,6377.57,10.72,4,1737.08,2548294.6,118.014.4.28.104.18.0047,,,164,,False,0,0,0,0,0,0,0,10.720586999277176,1 PK,10.72,1466.9989868054438,0.0005869992771767,Tidak Ada Data,2,Sedang-Efisien
Toshiba,RAS-10PKPG-IDRAS-10PAPG-ID,RAS-10PKPG-IDRAS-10PAPG-ID,Inverter,745.71,9432.61,12.65,4,2177.47,3194353.18,118.014.4.29.104.18.0048,,,165,,False,0,0,0,0,0,0,0,12.649166566091376,1 PK,12.65,1467.0021538758283,0.0008334339086246,Tidak Ada Data,2,Sedang-Efisien
Toshiba,RAS-10PKSG-IDRAS-10PASG-ID,RAS-10PKSG-IDRAS-10PASG-ID,Inverter,798.59,9105.71,11.4,4,2331.88,3420872.07,118.014.4.30.104.18.0049,,,166,,False,0,0,0,0,0,0,0,11.402233937314517,1 PK,11.4,1467.001762526373,0.0022339373145143,Tidak Ada Data,2,Sedang-Efisien
Panasonic,CS-PU7UKP / CU-PU7UKP,CS-PU7UKP / CU-PU7UKP,Inverter,527.8,6806.6,13.28,4,1541.18,2260905.19,118.009.4.27.104.18.0052,,,167,,False,0,0,0,0,0,0,0,12.89617279272452,1 PK,13.28,1466.9961912300964,0.3838272072754805,Tidak Ada Data,2,Sedang-Efisien
Panasonic,CS-PU9UKP / CU-PU9UKP,CS-PU9UKP / CU-PU9UKP,Inverter,687.7,8247.83,13.65,4,2008.08,2945859.23,118.009.4.28.104.18.0053,,,168,,False,0,0,0,0,0,0,0,11.99335466046241,1 PK,13.65,1467.002923190311,1.6566453395375902,Tidak Ada Data,2,Sedang-Efisien
Panasonic,CS-PU12UKP / CU-PU12UKP,CS-PU12UKP / CU-PU12UKP,Inverter,960.1,11368.78,13.07,4,2803.49,4112722.76,118.009.4.29.104.18.0054,,,169,,False,0,0,0,0,0,0,0,11.841245703572543,1.5 PK,13.07,1467.0010451258968,1.2287542964274554,Tidak Ada Data,2,Sedang-Efisien
Panasonic,CS-PU18UKP / CU-PU18UKP,CS-PU18UKP / CU-PU18UKP,Inverter,1415.7,17393.7,14.43,4,4133.84,6064349.15,118.009.4.30.104.18.0055,,,170,,False,0,0,0,0,0,0,0,12.28628946810765,2 PK,14.43,1467.001419987227,2.1437105318923493,Tidak Ada Data,1,Besar-Efisien
Panasonic,CS-PU24UKP / CU-PU24UKP,CS-PU24UKP / CU-PU24UKP,Inverter,1746.3,20828.55,14.76,4,5099.2,7480520.53,118.009.4.31.104.18.0056,,,171,,False,0,0,0,0,0,0,0,11.927246177632709,2.5 PK,14.76,1466.9988488390336,2.832753822367291,Tidak Ada Data,1,Besar-Efisien
Midea,"MSIG-09CRDN1  (I) / MSIG-09CRDN1  (O), ","MSIG-09CRDN1 (I) / MSIG-09CRDN1 (O), ",Inverter,4289.0,338.0,11.75,4,12523.88,18372531.96,118.013.4.37.104.18.0075,,,172,,False,1,0,1,1,0,0,0,0.0788062485427838,0.5 PK,11.75,1467.0000000000002,11.671193751457215,Tidak Ada Data,1,Besar-Efisien
Midea,"MSUC-09HRFN1  (I) / MSUC-09HRFN1  (O), ","MSUC-09HRFN1 (I) / MSUC-09HRFN1 (O), ",Inverter,4896.0,287.0,15.3,4,14296.32,20972701.44,118.013.4.38.104.18.0076,,,173,,False,1,0,1,1,0,0,0,0.0586192810457516,0.5 PK,15.3,1467.0000000000002,15.241380718954249,Tidak Ada Data,1,Besar-Efisien
LG,"S3-Q06WA (T06EV4.NWAT, T06EV4.UWAT, T06EV4.NWAH, T06EV4.UWAH, E06SV4.NWAT, E06SV4.UWAT)","S3-Q06WA(T06EV4.NWAT, T06EV4.UWAT, T06EV4.NWAH, T06EV4.UWAH, E06SV4.NWAT, E06SV4.UWAT)",Inverter,490.42,6223.73,12.82,4,1432.03,2100782.73,118.004.4.33.104.18.0086,,,175,,False,0,0,0,0,0,0,0,12.690612128379756,1 PK,12.82,1466.9963129264052,0.1293878716202456,Tidak Ada Data,2,Sedang-Efisien
LG,"S3-Q09WA (T10EV4.NWAT, T10EV4.UWAT, T10EV4.NWAH, T10EV4.UWAH, E10SV4.NWAT, E10SV4.UWAT)","S3-Q09WA(T10EV4.NWAT, T10EV4.UWAT, T10EV4.NWAH, T10EV4.UWAH, E10SV4.NWAT, E10SV4.UWAT)",Inverter,927.3,9237.72,11.54,4,2707.72,3972219.37,118.004.4.34.104.18.0087,,,176,,False,0,0,0,0,0,0,0,9.9619540601747,1 PK,11.54,1466.9978321244444,1.578045939825298,Tidak Ada Data,2,Sedang-Efisien
LG,"S3-Q12JA (E13SIV4.NJAT, E13SIV4.UJAT, T13EV4.NJAT, T13EV4.UJAT)","S3-Q12JA(E13SIV4.NJAT, E13SIV4.UJAT, T13EV4.NJAT, T13EV4.UJAT)",Inverter,996.97,11931.93,14.46,4,2911.15,4270660.57,118.004.4.35.104.18.0088,,,177,,False,0,0,0,0,0,0,0,11.968193626688867,1.5 PK,14.46,1467.0012091441529,2.4918063733111335,Tidak Ada Data,2,Sedang-Efisien
LG,"S3-Q18KL (E19SIV4.NKAT, E19SIV4.UKAT, T19EV4.NKAT, T19EV4.UKAT)","S3-Q18KL(E19SIV4.NKAT, E19SIV4.UKAT, T19EV4.NKAT, T19EV4.UKAT)",Inverter,1523.09,18042.93,14.16,4,4447.42,6524369.25,118.004.4.36.104.18.0089,,,178,,False,0,0,0,0,0,0,0,11.84626647144949,2 PK,14.16,1467.000924131294,2.313733528550511,Tidak Ada Data,1,Besar-Efisien
Gree,GWC-05F1/ I GWC-05F1/ O,GWC-05F1/ I GWC-05F1/ O,Inverter,341.4,5171.0,14.16,4,996.89,1462434.7,118.011.4.24.104.18.0095,,,179,,False,0,0,0,0,0,0,0,15.146455770357353,0.5 PK,14.16,1466.9970608592723,0.9864557703573524,Tidak Ada Data,2,Sedang-Efisien
Gree,GWC-09F1/ I GWC-09F1/ O,GWC-09F1/ I GWC-09F1/ O,Inverter,683.0,8569.0,14.42,4,1994.36,2925726.12,118.011.4.25.104.18.0096,,,180,,False,0,0,0,0,0,0,0,12.546120058565151,1 PK,14.42,1467.0000000000002,1.873879941434847,Tidak Ada Data,2,Sedang-Efisien
Gree,GWC-12F1/ I GWC-12F1/ O,GWC-12F1/ I GWC-12F1/ O,Inverter,1279.0,11794.0,10.91,4,3734.68,5478775.56,118.011.4.26.104.18.0097,,,181,,False,0,0,0,0,0,0,0,9.22126661454261,1.5 PK,10.91,1467.0,1.6887333854573896,Tidak Ada Data,2,Sedang-Efisien
Gree,GWC-18F1/ I GWC-18F1/ O,GWC-18F1/ I GWC-18F1/ O,Inverter,1456.0,15999.0,13.24,4,4251.52,6236979.84,118.011.4.27.104.18.0098,,,182,,False,0,0,0,0,0,0,0,10.988324175824175,2 PK,13.24,1466.9999999999998,2.251675824175825,Tidak Ada Data,1,Besar-Efisien
Gree,GWC-24F1/ I GWC-24F1/ O,GWC-24F1/ I GWC-24F1/ O,Inverter,1940.0,24594.0,14.57,4,5664.8,8310261.6,118.011.4.28.104.18.0099,,,183,,False,0,0,0,0,0,0,0,12.677319587628864,3+ PK,14.57,1467.0,1.892680412371135,Tidak Ada Data,1,Besar-Efisien
Panasonic,CS-XU10VKP / CU-XU10VKP,CS-XU10VKP / CU-XU10VKP,Inverter,789.1,9345.8,13.35,4,2304.17,3380220.32,118.009.4.34.104.18.0123,,,184,,False,0,0,0,0,0,0,0,11.843619313141552,1 PK,13.35,1467.0012716075637,1.5063806868584475,Tidak Ada Data,2,Sedang-Efisien
Panasonic,CS-XU13VKP / CU-XU13VKP,CS-XU13VKP / CU-XU13VKP,Inverter,1022.9,11685.4,13.28,4,2986.87,4381735.36,118.009.4.35.104.18.0124,,,185,,False,0,0,0,0,0,0,0,11.423795092384395,1.5 PK,13.28,1466.9990190399983,1.8562049076156024,Tidak Ada Data,2,Sedang-Efisien
Panasonic,CS-XU18VKP / CU-XU18VKP,CS-XU18VKP / CU-XU18VKP,Inverter,1457.2,17869.7,14.58,4,4255.02,6242120.21,118.009.4.36.104.18.0125,,,186,,False,0,0,0,0,0,0,0,12.263038704364536,2 PK,14.58,1467.001379546982,2.3169612956354655,Tidak Ada Data,1,Besar-Efisien
Panasonic,CS-XU24VKP / CU-XU24VKP,CS-XU24VKP / CU-XU24VKP,Inverter,1732.0,20526.0,14.59,4,5057.44,7419264.48,118.009.4.37.104.18.0126,,,187,,False,0,0,0,0,0,0,0,11.851039260969976,2.5 PK,14.59,1467.0000000000002,2.7389607390300235,Tidak Ada Data,1,Besar-Efisien
Daikin,"Inverter R32 Smile 12 (FTKC15TVM4, RKC15TVM4)","Inverter R32 Smile 12(FTKC15TVM4, RKC15TVM4)",Inverter,295.4,5112.54,17.7,4,862.57,1265387.26,119.002.4.66.104.19.0151,,,188,,False,0,0,0,0,0,0,0,17.30717670954638,0.5 PK,17.7,1466.9966031742351,0.3928232904536202,Tidak Ada Data,2,Sedang-Efisien
Daikin,"Inverter R32 Smile 13 (FTKC20TVM4, RKC20TVM4)","Inverter R32 Smile 13(FTKC20TVM4, RKC20TVM4)",Inverter,494.9,7050.56,15.9,4,1445.11,2119973.44,119.002.4.67.104.19.0152,,,189,,False,0,0,0,0,0,0,0,14.246433622954134,1 PK,15.9,1466.9979724726838,1.6535663770458662,Tidak Ada Data,2,Sedang-Efisien
Daikin,"Inverter R32 Smile 14 (FTKC25TVM4, RKC25TVM4)","Inverter R32 Smile 14(FTKC25TVM4, RKC25TVM4)",Inverter,679.5,8987.89,16.84,4,1984.14,2910733.38,119.002.4.68.104.19.0153,,,190,,False,0,0,0,0,0,0,0,13.227211184694628,1 PK,16.84,1466.9999999999998,3.612788815305372,Tidak Ada Data,2,Sedang-Efisien
Daikin,"Inverter R32 Smile 15 (FTKC35TVM4, RKC35TVM4)","Inverter R32 Smile 15(FTKC35TVM4, RKC35TVM4)",Inverter,985.3,12095.2,16.19,4,2877.08,4220670.49,119.002.4.69.104.19.0154,,,191,,False,0,0,0,0,0,0,0,12.27565208565919,1.5 PK,16.19,1466.9979597369556,3.9143479143408104,Tidak Ada Data,2,Sedang-Efisien
Daikin,"Inverter R32 Smile 16 (FTKC50TVM4, RKC50TVM4)","Inverter R32 Smile 16(FTKC50TVM4, RKC50TVM4)",Inverter,1321.0,17914.71,17.1,4,3857.32,5658688.44,119.002.4.70.104.19.0155,,,192,,False,0,0,0,0,0,0,0,13.561476154428462,2 PK,17.1,1467.0,3.5385238455715395,Tidak Ada Data,1,Besar-Efisien
Daikin,"Inverter R32 Smile 17 (FTKC60TVM4, RKC60TVM4)","Inverter R32 Smile 17(FTKC60TVM4, RKC60TVM4)",Inverter,1706.4,20426.62,15.83,4,4982.69,7309603.3,119.002.4.71.104.19.0156,,,193,,False,0,0,0,0,0,0,0,11.970593061415846,2.5 PK,15.83,1466.99941196422,3.8594069385841543,Tidak Ada Data,1,Besar-Efisien
Daikin,"Inverter R32 Smile 18 (FTKC71TVM4, RKC71TVM4)","Inverter R32 Smile 18(FTKC71TVM4, RKC71TVM4)",Inverter,2035.1,23761.17,15.51,4,5942.49,8717635.76,119.002.4.72.104.19.0157,,,194,,False,0,0,0,0,0,0,0,11.675676870915431,3+ PK,15.51,1467.0004930593068,3.8343231290845665,Tidak Ada Data,1,Besar-Efisien
Sharp,"AH-XP6WHY, AU-X6WHY","AH-XP6WHY, AU-X6WHY",Inverter,373.55,5377.07,15.12,4,1090.77,1600153.72,118.008.4.43.104.19.0158,,,195,,False,0,0,0,0,0,0,0,14.394512113505554,0.5 PK,15.12,1466.9946184805228,0.7254878864944452,Tidak Ada Data,2,Sedang-Efisien
Sharp,"AH-XP10WHY, AU-X10WHY","AH-XP10WHY, AU-X10WHY",Inverter,686.94,8770.1,15.03,4,2005.86,2942603.66,118.008.4.44.104.19.0159,,,196,,False,0,0,0,0,0,0,0,12.766908318048156,1 PK,15.03,1467.0035097165307,2.2630916819518436,Tidak Ada Data,2,Sedang-Efisien
Sharp,"AH-XP13WHY, AU-X13WHY","AH-XP13WHY, AU-X13WHY",Inverter,935.61,11453.71,15.01,4,2731.98,4007816.42,118.008.4.45.104.19.0160,,,197,,False,0,0,0,0,0,0,0,12.241970479152638,1.5 PK,15.01,1467.0006442214071,2.768029520847362,Tidak Ada Data,2,Sedang-Efisien
Samsung,AR10RYFHAWKN / AR10RYFHAWKX,AR10RYFHAWKN / AR10RYFHAWKX,Inverter,990.9,10917.82,12.7,4,2893.43,4244658.88,118.001.4.22.104.19.0161,,,198,,False,0,0,0,0,0,0,0,11.018084569583207,1.5 PK,12.7,1466.9989873610214,1.681915430416792,Tidak Ada Data,2,Sedang-Efisien
Samsung,AR13RYFHAWKN / AR13RYFHAWKX,AR13RYFHAWKN / AR13RYFHAWKX,Inverter,1306.3,12718.67,11.96,4,3814.4,5595718.93,118.001.4.23.104.19.0162,,,199,,False,0,0,0,0,0,0,0,9.736408175763607,1.5 PK,11.96,1466.9984610947986,2.2235918242363937,Tidak Ada Data,2,Sedang-Efisien
Samsung,AR18RYFHAWKN / AR18RYFHAWKX,AR18RYFHAWKN / AR18RYFHAWKX,Inverter,1503.4,16915.45,12.98,4,4389.93,6440024.38,118.001.4.24.104.19.0163,,,200,,False,0,0,0,0,0,0,0,11.251463349740588,2 PK,12.98,1466.999332563389,1.7285366502594126,Tidak Ada Data,1,Besar-Efisien
LG,"S3-Q12JA3AD (T12EV4.NJAT, T12EV4.UJAT)","S3-Q12JA3AD(T12EV4.NJAT, T12EV4.UJAT)",Inverter,1102.4,10122.98,11.03,4,3219.01,4722284.74,118.004.4.37.104.19.170,,,201,,False,0,0,0,0,0,0,0,9.182674165457184,1.5 PK,11.03,1466.9990897822622,1.8473258345428167,Tidak Ada Data,2,Sedang-Efisien
Panasonic,CS-RS5UKPCU-RS5UKP,CS-RS5UKPCU-RS5UKP,Inverter,414.4,5276.2,11.92,4,1210.05,1775140.42,118.009.4.38.104.18.175,,,202,,False,0,0,0,0,0,0,0,12.732142857142858,0.5 PK,11.92,1466.997578612454,0.8121428571428577,Tidak Ada Data,2,Sedang-Efisien
Toshiba,RAS-10U2KCVG-IDRAS-10U2ACVG-ID,RAS-10U2KCVG-IDRAS-10U2ACVG-ID,Inverter,903.31,8529.45,11.06,4,2637.67,3869454.85,118.014.4.31.104.18.176,,,203,,False,0,0,0,0,0,0,0,9.442439472606305,1 PK,11.06,1466.997330977719,1.617560527393696,Tidak Ada Data,2,Sedang-Efisien
Toshiba,RAS-13U2KCVG-IDRAS-10U2ACVG-ID,RAS-13U2KCVG-IDRAS-10U2ACVG-ID,Inverter,1187.66,12121.61,12.6,4,3467.97,5087507.88,118.014.4.32.104.18.177,,,204,,False,0,0,0,0,0,0,0,10.206296414798848,1.5 PK,12.6,1466.9988148686407,2.393703585201152,Tidak Ada Data,2,Sedang-Efisien
Toshiba,RAS-10U2KCVG-IDRAS-10U2ACVG-ID,RAS-10U2KCVG-IDRAS-10U2ACVG-ID,Inverter,1682.82,17443.75,13.31,4,4913.83,7208595.06,118.014.4.33.104.18.178,,,205,,False,0,0,0,0,0,0,0,10.365784813586718,2 PK,13.31,1467.0013126217227,2.944215186413283,Tidak Ada Data,1,Besar-Efisien
AQUA,"AQA-KRV9WGW, AQA-CRV9WGW","AQA-KRV9WGW, AQA-CRV9WGW",Inverter,759.2,9885.09,14.94,4,2216.86,3252139.49,118.021.4.30.104.19.0182,,,206,,False,0,0,0,0,0,0,0,13.02040305584826,1 PK,14.94,1467.002647889357,1.9195969441517384,Tidak Ada Data,2,Sedang-Efisien
AQUA,"AQA-KRV9WG, AQA-CRV9WG","AQA-KRV9WG, AQA-CRV9WG",Inverter,759.2,9885.09,14.94,4,2216.86,3252139.49,118.021.4.31.104.19.0183,,,207,,False,0,0,0,0,0,0,0,13.02040305584826,1 PK,14.94,1467.002647889357,1.9195969441517384,Tidak Ada Data,2,Sedang-Efisien
AQUA,"AQA-KRV18WG, AQA-CRV18WG","AQA-KRV18WG, AQA-CRV18WG",Inverter,1755.5,18466.98,12.22,4,5126.06,7519930.02,118.021.4.32.104.19.0184,,,208,,False,0,0,0,0,0,0,0,10.519498718313873,2 PK,12.22,1466.9999999999998,1.7005012816861296,Tidak Ada Data,1,Besar-Efisien
AQUA,"AQA-KCRV12WG (AQA-KRV12WG,  AQA-KRV12WG)","AQA-KCRV12WG(AQA-KRV12WG,  AQA-KRV12WG)",Inverter,1182.3,12335.9,12.26,4,3452.32,5064547.57,118.021.4.33.104.19.0194,,,209,,False,0,0,0,0,0,0,0,10.433815444472636,1.5 PK,12.26,1466.9982996941187,1.8261845555273624,Tidak Ada Data,2,Sedang-Efisien
Gree,"GWC-05F1/ I, GWC-05F1/ O","GWC-05F1/ I, GWC-05F1/ O",Inverter,351.5,4946.7,13.09,4,1026.38,1505699.46,118.011.4.47.104.19.0240,,,210,,False,0,0,0,0,0,0,0,14.073115220483642,0.5 PK,13.09,1466.9999999999998,0.9831152204836416,Tidak Ada Data,2,Sedang-Efisien
Gree,"GWC-18F1/ I, GWC-18F1/ O","GWC-18F1/ I, GWC-18F1/ O",Inverter,1470.4,15915.6,11.34,4,4293.57,6298664.26,118.011.4.48.104.19.0241,,,211,,False,0,0,0,0,0,0,0,10.823993471164307,2 PK,11.34,1466.9993175842014,0.5160065288356908,Tidak Ada Data,1,Besar-Efisien
Gree,"GWC-24F1/ I, GWC-24F1/ O","GWC-24F1/ I, GWC-24F1/ O",Inverter,2052.5,20741.1,12.49,4,5993.3,8792171.1,118.011.4.49.104.19.0242,,,212,,False,0,0,0,0,0,0,0,10.105286236297198,2.5 PK,12.49,1467.0,2.384713763702802,Tidak Ada Data,1,Besar-Efisien
LG,"S3-Q12JA (T13EV4 NINJAT, T13EV4 UINJAT)","S3-Q12JA(T13EV4 NINJAT, T13EV4 UINJAT)",Inverter,993.1,12254.26,14.98,4,2899.85,4254082.88,118.004.4.38.104.19.0274,,,213,,False,0,0,0,0,0,0,0,12.339401872923167,1.5 PK,14.98,1467.0010103970894,2.6405981270768315,Tidak Ada Data,2,Sedang-Efisien
LG,"S3-Q18KL (T19EV4 NINKAT, T19EV4 UINKAT)","S3-Q18KL(T19EV4 NINKAT, T19EV4 UINKAT)",Inverter,1543.4,18693.24,14.77,4,4506.73,6611369.98,118.004.4.39.104.19.0275,,,214,,False,0,0,0,0,0,0,0,12.11172735518984,2 PK,14.77,1466.9993498612075,2.6582726448101592,Tidak Ada Data,1,Besar-Efisien
LG,S3-Q06WA,E06SV4 NWAC / E06SV4 UWAC; S06EV4 NWAC / S06EV4 UWAC; T06EV4 NWAC / T06EV4 UWAC; E06SV5 NWAC / E06SV5 UWAC,Inverter,491.8,6246.18,12.76,4,1436.06,2106694.15,118.004.4.40.104.19.0287,,,215,,False,0,0,0,0,0,0,0,12.700650671004473,1 PK,12.76,1466.9959124270574,0.0593493289955269,Tidak Ada Data,2,Sedang-Efisien
LG,S3-Q09WA,E10SV4 NWAC / E10SV4 UWAC; S10EV4 NWAC / S10EV4 UWAC; T10EV4 NWAC / T10EV4 UWAC; E10SV5 NWAC / E10SV5 UWAC,Inverter,916.3,9662.92,11.8,4,2675.6,3925099.33,118.004.4.41.104.19.0288,,,216,,False,0,0,0,0,0,0,0,10.545585506930044,1 PK,11.8,1466.9978060995666,1.2544144930699552,Tidak Ada Data,2,Sedang-Efisien
LG,"S3-Q12JA (E13SV5 NJAC / E13SV5 UJAC),  (S13EV4 NJAC / S13EV4 UJAC), ","S3-Q12JA(E13SV5 NJAC / E13SV5 UJAC), (S13EV4 NJAC / S13EV4 UJAC), ",Inverter,1018.1,12675.24,14.8,4,2972.85,4361173.88,118.004.4.42.104.19.0289,,,217,,False,0,0,0,0,0,0,0,12.449896866712503,1.5 PK,14.8,1467.000985586222,2.3501031332874973,Tidak Ada Data,2,Sedang-Efisien
LG,"S3-Q18KL (E19SV5 NKAC / E19SV5 UKAC),  (S19EV4 NKAC / S19EV4 UKAC), ","S3-Q18KL(E19SV5 NKAC / E19SV5 UKAC), (S19EV4 NKAC / S19EV4 UKAC), ",Inverter,1513.6,17987.67,14.08,4,4419.71,6483717.5,118.004.4.43.104.19.0290,,,218,,False,0,0,0,0,0,0,0,11.88403144820296,2 PK,14.08,1467.0006629394236,2.1959685517970406,Tidak Ada Data,1,Besar-Efisien
Taiace,GTS9 IW1 /  GTS9 IOW1,GTS9 IW1 / GTS9 IOW1,Inverter,846.0,9002.0,11.6,4,2470.32,3623959.44,104.045.4.01.104.19.0300,,,219,,False,0,0,0,0,0,0,0,10.64066193853428,1 PK,11.6,1466.9999999999998,0.9593380614657204,Tidak Ada Data,2,Sedang-Efisien
Taiace,GTS12 IW1 /  GTS12 IOW1,GTS12 IW1 / GTS12 IOW1,Inverter,1284.0,11162.0,10.46,4,3749.28,5500193.76,104.045.4.02.104.19.0301,,,220,,False,0,0,0,0,0,0,0,8.693146417445483,1.5 PK,10.46,1466.9999999999998,1.7668535825545175,Tidak Ada Data,2,Sedang-Efisien
Taiace,GTS18 IW1 /  GTS18 IOW1,GTS18 IW1 / GTS18 IOW1,Inverter,1031.0,17342.0,11.13,4,3010.52,4416432.84,104.045.4.03.104.19.0302,,,221,,False,0,0,0,0,0,0,0,16.820562560620758,2 PK,11.13,1467.0,5.690562560620757,Tidak Ada Data,1,Besar-Efisien
Taiace,GTS22 IW1 /  GTS22 IOW1,GTS22 IW1 / GTS22 IOW1,Inverter,2257.0,21366.0,11.05,4,6590.44,9668175.48,104.045.4.04.104.19.0303,,,222,,False,0,0,0,1,0,0,0,9.466548515728844,2.5 PK,11.05,1467.0000000000002,1.583451484271157,Tidak Ada Data,1,Besar-Efisien
Toshiba,RAS-10U2KCVG-IDRAS-10U2ACVG-ID,RAS-10U2KCVG-IDRAS-10U2ACVG-ID,Inverter,916.1,8626.41,11.36,4,2675.01,3924242.6,118.040.4.07.104.19.0304,,,223,,False,0,0,0,0,0,0,0,9.416450169195503,1 PK,11.36,1467.001095323008,1.9435498308044965,Tidak Ada Data,2,Sedang-Efisien
Toshiba,RAS-13U2KCVG-IDRAS-13U2ACVG-ID,RAS-13U2KCVG-IDRAS-13U2ACVG-ID,Inverter,1207.5,12130.88,11.98,4,3525.9,5172495.3,118.040.4.08.104.19.0305,,,224,,False,0,0,0,0,0,0,0,10.046277432712214,1.5 PK,11.98,1467.0,1.933722567287786,Tidak Ada Data,2,Sedang-Efisien
Toshiba,RAS-18U2KCVG-IDRAS-18U2ACVG-ID,RAS-18U2KCVG-IDRAS-18U2ACVG-ID,Inverter,1717.2,17726.7,13.03,4,5014.22,7355866.61,118.040.4.09.104.19.0306,,,225,,False,0,0,0,0,0,0,0,10.323025856044724,2 PK,13.03,1467.0011706706127,2.706974143955275,Tidak Ada Data,1,Besar-Efisien
LG,"S3-Q09JL (P10RV3 NJAC / P10RV3 UJAC), ","S3-Q09JL(P10RV3 NJAC / P10RV3 UJAC), ",Inverter,641.6,9323.63,16.65,4,1873.47,2748383.42,118.004.4.44.104.19.0307,,,226,,False,0,0,0,0,0,0,0,14.53184226932668,1 PK,16.65,1467.001563942844,2.1181577306733175,Tidak Ada Data,2,Sedang-Efisien
LG,"S3-Q12JL (P13RV3 NJAC / P13RV3 UJAC), ","S3-Q12JL(P13RV3 NJAC / P13RV3 UJAC), ",Inverter,955.5,12365.18,15.99,4,2790.06,4093018.02,118.004.4.45.104.19.0308,,,227,,False,0,0,0,0,0,0,0,12.941057038199896,1.5 PK,15.99,1467.0,3.0489429618001047,Tidak Ada Data,2,Sedang-Efisien
Sharp,"AH-XP13UHY, AU-X13UHY","AH-XP13UHY, AU-X13UHY",Inverter,970.6,9283.73,11.68,4,2834.15,4157700.98,118.008.4.47.104.19.0320,,,228,,False,0,0,0,0,0,0,0,9.564939212858024,1 PK,11.68,1467.0010338196637,2.1150607871419744,Tidak Ada Data,2,Sedang-Efisien
Gree,GWC-09GTech,GWC-09GTech,Inverter,623.3,9487.84,13.4,4,1820.04,2669992.81,118.011.4.53.104.19.0324,,,229,,False,0,0,0,0,0,0,0,15.221947697737848,1 PK,13.4,1466.9967747961584,1.8219476977378477,Tidak Ada Data,2,Sedang-Efisien
Gree,GWC-12GTech,GWC-12GTech,Inverter,904.9,12126.04,10.88,4,2642.31,3876265.84,118.011.4.54.104.19.0325,,,230,,False,0,0,0,0,0,0,0,13.40041993590452,1.5 PK,10.88,1466.9988911217836,2.5204199359045205,Tidak Ada Data,2,Sedang-Efisien
Daikin,Flash Entry Inverter R32 Series 1 (FTKQ15UVM4 / RKQ15UVM4),Flash Entry Inverter R32 Series 1(FTKQ15UVM4 / RKQ15UVM4),Inverter,323.2,5118.0,18.07,4,943.74,1384472.45,119.002.4.81.104.19.0332,,,231,,False,0,0,0,0,0,0,0,15.83539603960396,0.5 PK,18.07,1467.006219933456,2.23460396039604,Tidak Ada Data,2,Sedang-Efisien
Daikin,Flash Entry Inverter R32 Series 2 (FTKQ20UVM4 / RKQ20UVM4),Flash Entry Inverter R32 Series 2(FTKQ20UVM4 / RKQ20UVM4),Inverter,577.2,6992.55,16.14,4,1685.42,2472517.01,119.002.4.82.104.19.0333,,,232,,False,0,0,0,0,0,0,0,12.114604989604988,1 PK,16.14,1467.0034828114058,4.0253950103950125,Tidak Ada Data,2,Sedang-Efisien
Daikin,Flash Entry Inverter R32 Series 3 (FTKQ25UVM4 / RKQ25UVM4),Flash Entry Inverter R32 Series 3(FTKQ25UVM4 / RKQ25UVM4),Inverter,825.9,9084.45,14.95,4,2411.63,3537858.28,119.002.4.83.104.19.0334,,,233,,False,0,0,0,0,0,0,0,10.99945513984744,1 PK,14.95,1466.998785054092,3.95054486015256,Tidak Ada Data,2,Sedang-Efisien
Daikin,Flash Entry Inverter R32 Series 4 (FTKQ35UVM4 / RKQ35UVM4),Flash Entry Inverter R32 Series 4(FTKQ35UVM4 / RKQ35UVM4),Inverter,1227.4,12211.21,15.3,4,3584.01,5257739.74,119.002.4.84.104.19.0335,,,234,,False,0,0,0,0,0,0,0,9.948843082939543,1.5 PK,15.3,1466.9991824799597,5.351156917060456,Tidak Ada Data,2,Sedang-Efisien
Daikin,Flash Entry Inverter R32 Series 5 (FTKQ50UVM4 / RKQ50UVM4),Flash Entry Inverter R32 Series 5(FTKQ50UVM4 / RKQ50UVM4),Inverter,1598.7,17354.11,14.06,4,4668.2,6848255.27,119.002.4.85.104.19.0336,,,235,,False,0,0,0,0,0,0,0,10.855138550071931,2 PK,14.06,1467.0012574439827,3.204861449928067,Tidak Ada Data,1,Besar-Efisien
Daikin,Flash Entry Inverter R32 Series 6 (FTKQ60UVM4 / RKQ60UVM4),Flash Entry Inverter R32 Series 6(FTKQ60UVM4 / RKQ60UVM4),Inverter,2046.4,20225.65,13.72,4,5975.49,8766040.9,119.002.4.86.104.19.0337,,,236,,False,0,0,0,0,0,0,0,9.8835271696638,2.5 PK,13.72,1466.9995096636428,3.8364728303362,Tidak Ada Data,1,Besar-Efisien
Samsung,AR10TYEAEWKN (I) / AR10TYEAEWKX  (O),AR10TYEAEWKN(I) / AR10TYEAEWKX (O),Inverter,678.6,9571.9,16.63,4,1981.51,2906878.1,118.001.4.26.104.20.0338,,,237,,False,0,0,0,0,0,0,0,14.105363984674328,1 PK,16.63,1467.001478670307,2.5246360153256706,Tidak Ada Data,2,Sedang-Efisien
Samsung,AR13TYEAEWKN (I) / AR13TYEAEWKX  (O),AR13TYEAEWKN(I) / AR13TYEAEWKX (O),Inverter,1051.4,13071.16,15.32,4,3070.09,4503819.1,118.001.4.27.104.20.0339,,,238,,False,0,0,0,0,0,0,0,12.432147612706864,1.5 PK,15.32,1466.999045630584,2.887852387293135,Tidak Ada Data,2,Sedang-Efisien
Samsung,AR18TYEAEWKN (I) / AR18TYEAEWKX  (O),AR18TYEAEWKN(I) / AR18TYEAEWKX (O),Inverter,1704.2,18392.77,14.03,4,4976.26,7300179.29,118.001.4.28.104.20.0340,,,239,,False,0,0,0,0,0,0,0,10.792612369440208,2 PK,14.03,1467.0011796007443,3.237387630559793,Tidak Ada Data,1,Besar-Efisien
Samsung,AR10TYGZEWKN (I) / AR10TYGZEWKX  (O),AR10TYGZEWKN(I) / AR10TYGZEWKX (O),Inverter,930.5,10290.85,12.92,4,2717.06,3985927.02,118.001.4.29.104.20.0341,,,240,,False,0,0,0,0,0,0,0,11.059484148307362,1.5 PK,12.92,1467.0,1.8605158516926377,Tidak Ada Data,2,Sedang-Efisien
Samsung,AR13TYGZEWKN (I) / AR13TYGZEWKX  (O),AR13TYGZEWKN(I) / AR13TYGZEWKX (O),Inverter,1150.5,13143.41,13.79,4,3359.46,4928327.82,118.001.4.30.104.20.0342,,,241,,False,0,0,0,0,0,0,0,11.424085180356366,1.5 PK,13.79,1467.0,2.365914819643633,Tidak Ada Data,2,Sedang-Efisien
Samsung,AR18TYGZEWKN (I) / AR18TYGZEWKX  (O),AR18TYGZEWKN(I) / AR18TYGZEWKX (O),Inverter,1536.0,18886.22,15.06,4,4485.12,6579671.04,118.001.4.31.104.20.0343,,,242,,False,0,0,0,0,0,0,0,12.295716145833332,2 PK,15.06,1467.0,2.764283854166667,Tidak Ada Data,1,Besar-Efisien
Changhong,CSDC-09IVE,CSDC-09IVE,Inverter,801.6,9249.0,12.57,4,2340.67,3433765.82,135.029.4.14.104.20.0013,,,243,,False,0,0,0,0,0,0,0,11.53817365269461,1 PK,12.57,1467.0012517783368,1.0318263473053904,Tidak Ada Data,2,Sedang-Efisien
Changhong,CSDC-12IVE,CSDC-12IVE,Inverter,1024.2,11359.9,12.79,4,2990.66,4387304.09,135.029.4.15.104.20.0014,,,244,,False,0,0,0,0,0,0,0,11.091486037883223,1.5 PK,12.79,1467.001962777447,1.698513962116774,Tidak Ada Data,2,Sedang-Efisien
BEKO,BSVOA090 /  BSVOA091,BSVOA090 / BSVOA091,Inverter,707.2,9454.99,15.75,4,2065.02,3029390.21,118.044.4.04.104.20.0015,,,245,,False,0,0,0,0,0,0,0,13.369612556561083,1 PK,15.75,1467.002842587481,2.3803874434389147,Tidak Ada Data,2,Sedang-Efisien
BEKO,BSVOA120 / BSVOA121,BSVOA120 / BSVOA121,Inverter,880.6,12265.41,16.11,4,2571.35,3772173.38,118.044.4.05.104.20.0016,,,246,,False,0,0,0,0,0,0,0,13.92846922552805,1.5 PK,16.11,1467.0011394792618,2.18153077447195,Tidak Ada Data,2,Sedang-Efisien
Hitachi,RAS-XJ10CKN / RAC-XJ10CKN,RAS-XJ10CKN / RAC-XJ10CKN,Inverter,795.8,9098.6,13.17,4,2323.74,3408920.71,119.048.4.05.104.20.0041,,,247,,False,0,0,0,0,0,0,0,11.433274692133702,1 PK,13.17,1466.997473899834,1.7367253078662976,Tidak Ada Data,2,Sedang-Efisien
Hitachi,RAS-XJ13CKN / RAC-XJ13CKN,RAS-XJ13CKN / RAC-XJ13CKN,Inverter,1136.0,11987.8,13.3,4,3317.12,4866215.04,119.048.4.06.104.20.0042,,,248,,False,0,0,0,0,0,0,0,10.552640845070425,1.5 PK,13.3,1467.0,2.747359154929578,Tidak Ada Data,2,Sedang-Efisien
Hitachi,RAS-XJ18CKN / RAC-XJ18CKN,RAS-XJ18CKN / RAC-XJ18CKN,Inverter,1854.8,19125.9,13.68,4,5416.02,7945295.47,119.048.4.07.104.20.0043,,,249,,False,0,0,0,0,0,0,0,10.3115699805909,2.5 PK,13.68,1466.9989161783003,3.3684300194091,Tidak Ada Data,1,Besar-Efisien
Hitachi,RAS-XJ24CKN / RAC-XJ24CKN,RAS-XJ24CKN / RAC-XJ24CKN,Inverter,2126.2,22590.37,14.99,4,6208.5,9107875.37,119.048.4.08.104.20.0044,,,250,,False,0,0,0,0,0,0,0,10.624762487066128,2.5 PK,14.99,1467.0009454779736,4.365237512933872,Tidak Ada Data,1,Besar-Efisien
LG,S3-Q12JA,S13EV4 NINJAC / S13EV4 UINJAC;  T13EV4 NINJAC / T13EV4 UINJAC,Inverter,1080.6,12310.96,14.16,4,3155.35,4628901.38,118.004.4.46.104.20.0079,,,251,,False,0,0,0,0,0,0,0,11.392707754950951,1.5 PK,14.16,1467.0009285816154,2.767292245049047,Tidak Ada Data,2,Sedang-Efisien
LG,S3-Q18KL,S19EV4 NINKAC / S19EV4 UINKAC;  T19EV4 NINKAC / T19EV4 UINKAC,Inverter,1512.3,18026.93,14.46,4,4415.92,6478148.77,118.004.4.47.104.20.0080,,,252,,False,0,0,0,0,0,0,0,11.920207630761093,2 PK,14.46,1466.9986707186722,2.539792369238908,Tidak Ada Data,1,Besar-Efisien
Samsung,"AR10TYEAEWKN  (INDOOR), AR10TYEAEWKX  (OUTDOOR)","AR10TYEAEWKN (INDOOR), AR10TYEAEWKX (OUTDOOR),",Inverter,689.6,9508.2,16.49,4,2013.63,2953998.14,118.001.4.37.104.20.0085,,,253,,False,0,0,0,0,0,0,0,13.787993039443156,1 PK,16.49,1467.0014550836052,2.702006960556842,Tidak Ada Data,2,Sedang-Efisien
Samsung,"AR13TYEAEWKN  (INDOOR), AR13TYEAEWKX (OUTDOOR)","AR13TYEAEWKN (INDOOR), AR13TYEAEWKX(OUTDOOR)",Inverter,1050.2,11571.0,13.08,4,3066.58,4498678.73,118.001.4.38.104.20.0086,,,254,,False,0,0,0,0,0,0,0,11.017901352123404,1.5 PK,13.08,1467.0019141845314,2.0620986478765957,Tidak Ada Data,2,Sedang-Efisien
Samsung,"AR18TYEAEWKN  (INDOOR), AR18TYEAEWKX  (OUTDOOR)","AR18TYEAEWKN (INDOOR), AR18TYEAEWKX (OUTDOOR)",Inverter,1734.8,18531.7,14.33,4,5065.62,7431258.67,118.001.4.39.104.20.0087,,,255,,False,0,0,0,0,0,0,0,10.68232649296749,2 PK,14.33,1466.9988412079863,3.6476735070325095,Tidak Ada Data,1,Besar-Efisien
Samsung,"AR10TYGZEWKN  (INDOOR), AR10TYGZEWKX  (OUTDOOR)","AR10TYGZEWKN (INDOOR), AR10TYGZEWKX (OUTDOOR)",Inverter,951.4,9854.4,12.77,4,2778.09,4075455.1,118.001.4.40.104.20.0088,,,256,,False,0,0,0,0,0,0,0,10.357788522177843,1 PK,12.77,1466.9989453185462,2.412211477822156,Tidak Ada Data,2,Sedang-Efisien
Samsung,"AR13TYGZEWKN  (INDOOR), AR13TYGZEWKX  (OUTDOOR)","AR13TYGZEWKN (INDOOR), AR13TYGZEWKX (OUTDOOR)",Inverter,1155.9,12383.1,13.21,4,3375.23,4951459.48,118.001.4.41.104.20.0089,,,257,,False,0,0,0,0,0,0,0,10.71295094731378,1.5 PK,13.21,1466.9991319110106,2.4970490526862203,Tidak Ada Data,2,Sedang-Efisien
Samsung,"AR18TYGZEWKN  (INDOOR), AR18TYGZEWKX  (OUTDOOR)","AR18TYGZEWKN (INDOOR), AR18TYGZEWKX (OUTDOOR)",Inverter,1573.8,18845.8,14.77,4,4595.5,6741592.63,118.001.4.42.104.20.0090,,,258,,False,0,0,0,0,0,0,0,11.974710890837464,2 PK,14.77,1466.998722663475,2.7952891091625354,Tidak Ada Data,1,Besar-Efisien
LG,S3-Q06WA,T06EV4 NWAT / T06EV4 UWAT;  T06EV4 NWAH / T06EV4 UWAH;  E06SV4 NWAT / E06SV4 UWAT; S06EV4 NWAT2 / S06EV4 UWAT2,Inverter,493.5,6299.05,12.95,4,1441.02,2081841.59,118.004.4.48.104.20.0099,,,259,,False,0,0,0,0,0,0,0,12.76403242147923,1 PK,12.95,1444.6999972241886,0.1859675785207688,Tidak Ada Data,2,Sedang-Efisien
LG,S3-Q09WA,T10EV4 NWAT / T10EV4 UWAT;   T10EV4 NWAH / T10EV4 UWAH;  E10SV4 NWAT / E10SV4 UWAT,Inverter,969.7,9926.53,11.52,4,2831.52,4090702.72,118.004.4.49.104.20.0100,,,260,,False,0,0,0,0,0,0,0,10.236702072806022,1.5 PK,11.52,1444.7020398937673,1.2832979271939775,Tidak Ada Data,2,Sedang-Efisien
LG,"E06SV4 NWAC /  E06SV4 UWAC,   E06SV5 NWAC /  E06SV5 UWAC,   S06EV4 NWAC /  S06EV4 UWAC,   T06EV4 NWAC /  T06EV4 UWAC","E06SV4 NWAC / E06SV4 UWAC,   E06SV5 NWAC / E06SV5 UWAC,   S06EV4 NWAC / S06EV4 UWAC,   T06EV4 NWAC / T06EV4 UWAC",Inverter,474.5,6485.95,14.36,4,1385.54,2001689.64,118.052.4.03.104.20.0101,,,261,,False,0,0,0,0,0,0,0,13.669020021074816,1 PK,14.36,1444.7000014434805,0.6909799789251849,Tidak Ada Data,2,Sedang-Efisien
LG,"E10SV4 NWAC /  E10SV4 UWAC,   E10SV5 NWAC /  E10SV5 UWAC,   S10EV4 NWAC /  S10EV4 UWAC,   T10EV4 NWAC /  T10EV4 UWAC","E10SV4 NWAC / E10SV4 UWAC,   E10SV5 NWAC / E10SV5 UWAC,   S10EV4 NWAC / S10EV4 UWAC,   T10EV4 NWAC / T10EV4 UWAC",Inverter,921.5,10040.55,12.57,4,2690.78,3887369.87,118.052.4.04.104.20.0102,,,262,,False,0,0,0,0,0,0,0,10.895876288659792,1.5 PK,12.57,1444.7000014865578,1.674123711340208,Tidak Ada Data,2,Sedang-Efisien
COMFEE,CSAF-05CRN2  (I) /  (O),CSAF-05CRN2 (I) /(O),Inverter,372.7,4463.3,11.98,4,1088.28,1572243.89,118.013.4.54.104.20.0112,,,263,,False,0,0,0,0,0,0,0,11.97558357928629,0.5 PK,11.98,1444.7053056198772,0.00441642071371,Tidak Ada Data,2,Sedang-Efisien
COMFEE,CSAF-09CRN2  (I) /  (O),CSAF-09CRN2 (I) /(O),Inverter,791.6,8527.3,10.77,4,2311.47,3339383.6,118.013.4.55.104.20.0113,,,264,,False,0,0,0,0,0,0,0,10.772233451237998,1 PK,10.77,1444.7012507192394,0.0022334512379984,Tidak Ada Data,2,Sedang-Efisien
COMFEE,CSAF-12CRN2  (I) /  (O),CSAF-12CRN2 (I) /(O),Inverter,1032.7,11155.2,10.8,4,3015.48,4356469.73,118.013.4.56.104.20.0114,,,265,,False,0,0,0,0,0,0,0,10.801975404280045,1.5 PK,10.8,1444.7019147863691,0.0019754042800421,Tidak Ada Data,2,Sedang-Efisien
Midea,MSIAF-05CRDN1 (I) /  (O),MSIAF-05CRDN1(I) /(O),Inverter,411.0,5032.6,11.39,4,1200.12,1733813.36,118.013.4.57.104.20.0116,,,266,,False,0,0,0,0,0,0,0,12.24476885644769,0.5 PK,11.39,1444.6999966670005,0.8547688564476896,Tidak Ada Data,2,Sedang-Efisien
Midea,MSIAF-09CRDN2 (I) /  (O),MSIAF-09CRDN2(I) /(O),Inverter,752.0,8804.4,12.71,4,2195.84,0.0,118.013.4.58.104.20.0117,,,267,,False,0,0,0,0,0,1,0,11.707978723404254,1 PK,12.71,0.0,1.0020212765957464,Tidak Ada Data,2,Sedang-Efisien
Gree,"GWC-05FS / I,  GWC-05FS / O","GWC-05FS / I,  GWC-05FS / O",Inverter,389.0,5208.6,12.55,4,1135.88,1641005.84,118.011.4.62.104.20.0132,,,268,,False,0,0,0,0,0,0,0,13.389717223650386,0.5 PK,12.55,1444.7000035214987,0.8397172236503856,Tidak Ada Data,2,Sedang-Efisien
Gree,"GWC-09FS / I,  GWC-09FS / O","GWC-09FS / I,  GWC-09FS / O",Inverter,728.7,8747.96,13.18,4,2127.8,3074038.44,118.011.4.63.104.20.0133,,,269,,False,0,0,0,0,0,0,0,12.004885412378206,1 PK,13.18,1444.702716420716,1.1751145876217937,Tidak Ada Data,2,Sedang-Efisien
Gree,"GWC-12FS / I,  GWC-12FS / O","GWC-12FS / I,  GWC-12FS / O",Inverter,1306.5,12422.6,11.56,4,3814.98,5511501.61,118.011.4.64.104.20.0134,,,270,,False,0,0,0,0,0,0,0,9.50830463069269,1.5 PK,11.56,1444.7000010484985,2.0516953693073106,Tidak Ada Data,2,Sedang-Efisien
Gree,"GWC-18FS / I,  GWC-18FS / O","GWC-18FS / I,  GWC-18FS / O",Inverter,1580.15,17218.46,13.84,4,4614.04,6665900.7,118.011.4.65.104.20.0135,,,271,,False,0,0,0,0,0,0,0,10.89672499446255,2 PK,13.84,1444.6993740843166,2.9432750055374495,Tidak Ada Data,1,Besar-Efisien
Gree,"GWC-24FS / I,  GWC-24FS / O","GWC-24FS / I,  GWC-24FS / O",Inverter,2028.1,23713.29,14.5,4,5922.05,8555588.52,118.011.4.66.104.20.0136,,,272,,False,0,0,0,0,0,0,0,11.69236724027415,3+ PK,14.5,1444.7004871623844,2.80763275972585,Tidak Ada Data,1,Besar-Efisien
Sharp,AH-XP10VXY / AU-X10VXY,AH-XP10VXY / AU-X10VXY,Inverter,498.6,8632.63,21.48,4,1455.91,2103356.07,118.053.4.07.104.20.0151,,,273,,False,0,0,0,0,0,0,0,17.313738467709584,1 PK,21.48,1444.7019870733766,4.166261532290417,Tidak Ada Data,2,Sedang-Efisien
Sharp,AH-XP13VXY / AU-X13VXY,AH-XP13VXY / AU-X13VXY,Inverter,782.2,11645.42,19.13,4,2284.02,3299729.47,118.053.4.08.104.20.0152,,,274,,False,0,0,0,0,0,0,0,14.888033750958831,1.5 PK,19.13,1444.7025288745283,4.241966249041166,Tidak Ada Data,2,Sedang-Efisien
Sharp,AH-X12VEY / AU-X12VEY,AH-X12VEY / AU-X12VEY,Inverter,1235.5,12732.3,13.23,4,3607.66,5211986.4,118.053.4.09.104.20.0153,,,275,,False,0,0,0,0,0,0,0,10.305382436260622,1.5 PK,13.23,1444.699999445624,2.9246175637393783,Tidak Ada Data,2,Sedang-Efisien
Panasonic,CS-XU10VKP /  CU-XU10VKP,CS-XU10VKP / CU-XU10VKP,Inverter,760.5,8933.0,13.3,4,2220.66,3208187.5,118.006.4.44.104.20.0155,,,276,,False,0,0,0,0,0,0,0,11.74621959237344,1 PK,13.3,1444.699999099367,1.5537804076265616,Tidak Ada Data,2,Sedang-Efisien
Panasonic,CS-XU13VKP /  CU-XU13VKP,CS-XU13VKP / CU-XU13VKP,Inverter,1013.4,11452.0,13.05,4,2959.13,4275052.22,118.006.4.45.104.20.0156,,,277,,False,0,0,0,0,0,0,0,11.300572330767713,1.5 PK,13.05,1444.6990230236588,1.749427669232288,Tidak Ada Data,2,Sedang-Efisien
Panasonic,CS-XU18VKP /  CU-XU18VKP,CS-XU18VKP / CU-XU18VKP,Inverter,1443.0,18053.0,14.63,4,4213.56,6087330.13,118.006.4.46.104.20.0157,,,278,,False,0,0,0,0,0,0,0,12.51074151074151,2 PK,14.63,1444.6999995253418,2.11925848925849,Tidak Ada Data,1,Besar-Efisien
Panasonic,CS-XU24VKP /  CU-XU24VKP,CS-XU24VKP / CU-XU24VKP,Inverter,1731.3,20546.0,14.58,4,5055.4,7303530.6,118.006.4.47.104.20.0158,,,279,,False,0,0,0,0,0,0,0,11.86738289146884,2.5 PK,14.58,1444.6988566681173,2.712617108531161,Tidak Ada Data,1,Besar-Efisien
LG,S3-Q06WA,"T06EV4 NINWAC,  S06EV4 NINWAC,  T06EV4 UINWAC,  S06EV4 UINWAC",Inverter,495.0,6000.0,13.24,4,1445.4,2088169.38,118.004.4.49.104.20.0159,,,280,,False,0,0,0,0,0,0,0,12.12121212121212,1 PK,13.24,1444.6999999999998,1.118787878787879,Tidak Ada Data,2,Sedang-Efisien
LG,S3-Q09WA,"T10EV4 NINWAC,  S10EV4 NINWAC,   T10EV4 UINWAC,  S10EV4 UINWAC",Inverter,920.0,9200.0,11.12,4,2686.4,3881042.08,118.004.4.50.104.20.0160,,,281,,False,0,0,0,0,0,0,0,10.0,1 PK,11.12,1444.7,1.1199999999999992,Tidak Ada Data,2,Sedang-Efisien
Mitsubishi Electric,MSY-JT05VF / MUY-JT05VF,MSY-JT05VF / MUY-JT05VF,Inverter,355.0,5118.0,17.84,4,1036.6,1497576.02,118.005.4.24.104.21.0004,,,282,,False,0,0,0,0,0,0,0,14.416901408450704,0.5 PK,17.84,1444.7,3.423098591549296,Tidak Ada Data,2,Sedang-Efisien
Mitsubishi Electric,MSY-JT07VF / MUY-JT07VF,MSY-JT07VF / MUY-JT07VF,Inverter,590.0,6824.0,17.38,4,1722.8,2488929.16,118.005.4.25.104.21.0005,,,283,,False,0,0,0,0,0,0,0,11.566101694915254,1 PK,17.38,1444.7,5.813898305084745,Tidak Ada Data,2,Sedang-Efisien
LG,S3-Q24K2,S24EV4 NWAT / S24EV4 UWAT,Inverter,1833.4,22057.57,14.49,4,5353.53,7734241.9,118.004.4.52.104.21.0014,,,284,,False,0,0,0,0,0,0,0,12.030964328569867,2.5 PK,14.49,1444.699459982479,2.459035671430131,Tidak Ada Data,1,Besar-Efisien
Samsung,"AR05AYHLAWKNSE,  AR05AYHLAWKXSE","AR05AYHLAWKNSE (Indoor),  AR05AYHLAWKXSE (Outdoor)",Inverter,482.7,5994.77,12.25,4,1409.48,2036281.53,118.051.4.10.104.21.0012,,,285,,False,0,0,0,0,0,0,0,12.41924590843174,1 PK,12.25,1444.704096546244,0.1692459084317388,Tidak Ada Data,2,Sedang-Efisien
Samsung,"AR09AYHLAWKNSE,  AR09AYHLAWKXSE","AR09AYHLAWKNSE (Indoor),  AR09AYHLAWKXSE (Outdoor)",Inverter,856.7,9815.88,12.56,4,2501.56,3614009.51,118.051.4.11.104.21.0013,,,286,,False,0,0,0,0,0,0,0,11.45777985292401,1 PK,12.56,1444.7023097587105,1.1022201470759914,Tidak Ada Data,2,Sedang-Efisien
Samsung,"AR12AYHLAWKNSE,  AR12AYHLAWKXSE","AR12AYHLAWKNSE (Indoor),  AR12AYHLAWKXSE (Outdoor)",Inverter,1323.8,12709.63,11.99,4,3865.5,5584482.07,118.051.4.12.104.21.0014,,,287,,False,0,0,0,0,0,0,0,9.600868711285692,1.5 PK,11.99,1444.6985047212522,2.3891312887143084,Tidak Ada Data,1,Besar-Efisien
Samsung,"AR18AYHLAWKNSE,  AR18AYHLAWKXSE","AR18AYHLAWKNSE (Indoor),  AR18AYHLAWKXSE (Outdoor)",Inverter,1912.9,19248.56,12.63,4,5585.67,8069614.56,118.051.4.13.104.21.0015,,,288,,False,0,0,0,0,0,0,0,10.0625019603743,2.5 PK,12.63,1444.699482783623,2.567498039625701,Tidak Ada Data,1,Besar-Efisien
Daikin,Flash Inverter R32 Series 1,FTKQ15SVM4 / RKQ15SVM4,Inverter,288.4,5260.96,18.76,4,842.13,1216622.32,119.002.4.87.104.21.0015,,,289,,False,0,0,0,0,0,0,0,18.241886269070736,0.5 PK,18.76,1444.6965670383431,0.5181137309292652,Tidak Ada Data,2,Sedang-Efisien
Daikin,Flash Inverter R32 Series 2,FTKQ20SVM4 / RKQ20SVM4,Inverter,470.4,7114.7,16.48,4,1373.57,1984393.69,119.002.4.88.104.21.0016,,,290,,False,0,0,0,0,0,0,0,15.124787414965986,1 PK,16.48,1444.6978967216814,1.355212585034014,Tidak Ada Data,2,Sedang-Efisien
Daikin,Flash Inverter R32 Series 3,FTKQ25SVM4 / RKQ25SVM4,Inverter,796.9,9092.3,15.24,4,2326.95,3361741.78,119.002.4.89.104.21.0017,,,291,,False,0,0,0,0,0,0,0,11.409587150207052,1 PK,15.24,1444.6987601796343,3.830412849792948,Tidak Ada Data,2,Sedang-Efisien
Daikin,Flash Inverter R32 Series 4,FTKQ35SVM4 / RKQ35SVM4,Inverter,1065.0,12176.75,15.89,4,3109.8,4492728.06,119.002.4.90.104.21.0018,,,292,,False,0,0,0,0,0,0,0,11.433568075117371,1.5 PK,15.89,1444.6999999999998,4.456431924882629,Tidak Ada Data,2,Sedang-Efisien
Daikin,Flash Inverter R32 Series 6,FTKQ60SVM4 / RKQ60SVM4,Inverter,2181.2,20384.99,14.03,4,6369.1,9201444.55,119.002.4.92.104.21.0020,,,294,,False,0,0,0,0,0,0,0,9.345768384375576,2.5 PK,14.03,1444.700907506555,4.684231615624425,Tidak Ada Data,1,Besar-Efisien
Daikin,Hi-Inverter  (Premium) R32 Series 1,FTKM25SVM4 / RKM25SVM4,Inverter,505.4,8976.63,20.31,4,1475.77,2132042.03,119.002.4.99.104.21.0027,,,295,,False,0,0,0,0,0,0,0,17.76143648595172,1 PK,20.31,1444.6980423778773,2.548563514048279,Tidak Ada Data,2,Sedang-Efisien
Daikin,Hi-Inverter  (Premium) R32 Series 2,FTKM35SVM4 / RKM35SVM4,Inverter,853.6,12219.74,18.65,4,2492.51,3600932.09,119.002.4.01.104.21.0028,,,296,,False,0,0,0,0,0,0,0,14.31553420805998,1.5 PK,18.65,1444.7011606773892,4.334465791940017,Tidak Ada Data,2,Sedang-Efisien
Daikin,Hi-Inverter  (Premium) R32 Series 3,FTKM50SVM4 / RKM50SVM4,Inverter,1209.5,17769.01,18.65,4,3531.74,5102304.78,119.002.4.02.104.21.0029,,,297,,False,0,0,0,0,0,0,0,14.691202976436545,2 PK,18.65,1444.7000005662933,3.958797023563456,Tidak Ada Data,1,Besar-Efisien
Daikin,Hi-Inverter  (Premium) R32 Series 4,FTKM60SVM4 / RKM60SVM4,Inverter,1487.0,20034.92,17.2,4,4342.04,6272945.19,119.002.4.03.104.21.0030,,,298,,False,0,0,0,0,0,0,0,13.473382649630128,2.5 PK,17.2,1444.7000004606132,3.7266173503698727,Tidak Ada Data,1,Besar-Efisien
Daikin,Hi-Inverter  (Premium) R32 Series 5,FTKM71SVM4 / RKM71SVM4,Inverter,1988.3,23787.78,16.21,4,5805.84,8387691.27,119.002.4.04.104.21.0031,,,299,,False,0,0,0,0,0,0,0,11.96387869033848,3+ PK,16.21,1444.6990047951715,4.246121309661522,Tidak Ada Data,1,Besar-Efisien
LG,S3-Q24K2,S24EV4 NWAT / S24EV4 UWAT,Inverter,1833.4,22057.57,14.49,4,5353.53,7734241.9,118.052.4.05.104.21.0032,,,300,,False,0,0,0,0,0,0,0,12.030964328569867,2.5 PK,14.49,1444.699459982479,2.459035671430131,Tidak Ada Data,1,Besar-Efisien
Mitsubishi Heavy Industries,SRK10YXS-W3 /  SRC10YXS-W3,SRK10YXS-W3 / SRC10YXS-W3,Inverter,687.1,10259.7,17.76,4,2006.33,2898547.84,118.015.4.32.104.21.0033,,,301,,False,0,0,0,0,0,0,0,14.931887643719984,1.5 PK,17.76,1444.7014399425816,2.828112356280018,Tidak Ada Data,2,Sedang-Efisien
Mitsubishi Heavy Industries,SRK13YXS-W3 /  SRC13YXS-W3,SRK13YXS-W3 / SRC13YXS-W3,Inverter,1033.5,12950.33,16.7,4,3017.82,4359844.55,118.015.4.33.104.21.0034,,,302,,False,0,0,0,0,0,0,0,12.530556361877116,1.5 PK,16.7,1444.6999986745398,4.169443638122882,Tidak Ada Data,2,Sedang-Efisien
Mitsubishi Heavy Industries,SRK15YXS-W3 /  SRC15YXS-W3,SRK15YXS-W3 / SRC15YXS-W3,Inverter,1230.6,16668.16,17.41,4,3593.35,5191315.63,118.015.4.34.104.21.0035,,,303,,False,0,0,0,0,0,0,0,13.544742402080288,2 PK,17.41,1444.7008028719715,3.8652575979197135,Tidak Ada Data,1,Besar-Efisien
Mitsubishi Heavy Industries,SRK18YXS-W3 /  SRC18YXS-W3,SRK18YXS-W3 / SRC18YXS-W3,Inverter,1467.1,18750.16,16.93,4,4283.93,6188996.56,118.015.4.35.104.21.0036,,,304,,False,0,0,0,0,0,0,0,12.780423965646516,2 PK,16.93,1444.700674380767,4.149576034353485,Tidak Ada Data,1,Besar-Efisien
Mitsubishi Heavy Industries,SRK10YXP-W3 /  SRC10YXP-W3,SRK10YXP-W3 / SRC10YXP-W3,Inverter,741.8,8815.45,14.59,4,2166.06,3129301.1,118.015.4.36.104.21.0037,,,305,,False,0,0,0,0,0,0,0,11.883863575087627,1 PK,14.59,1444.6973306371938,2.7061364249123727,Tidak Ada Data,2,Sedang-Efisien
Mitsubishi Heavy Industries,SRK13YXP-W3 /  SRC13YXP-W3,SRK13YXP-W3 / SRC13YXP-W3,Inverter,1121.4,12384.12,13.58,4,3274.49,4730652.81,118.015.4.37.104.21.0038,,,306,,False,0,0,0,0,0,0,0,11.043445692883894,1.5 PK,13.58,1444.6991165036386,2.5365543071161056,Tidak Ada Data,2,Sedang-Efisien
Mitsubishi Heavy Industries,SRK15YXP-W3 /  SRC15YXP-W3,SRK15YXP-W3 / SRC15YXP-W3,Inverter,1418.5,15710.01,14.01,4,4142.02,5983976.29,118.015.4.38.104.21.0039,,,307,,False,0,0,0,0,0,0,0,11.07508635882975,2 PK,14.01,1444.6999990342874,2.934913641170249,Tidak Ada Data,1,Besar-Efisien
Mitsubishi Heavy Industries,SRK18YXP-W3 /  SRC18YXP-W3,SRK18YXP-W3 / SRC18YXP-W3,Inverter,1688.0,16434.68,13.13,4,4928.96,7120868.51,118.015.4.39.104.21.0040,,,308,,False,0,0,0,0,0,0,0,9.736184834123224,2 PK,13.13,1444.699999594235,3.3938151658767772,Tidak Ada Data,1,Besar-Efisien
Sharp,AH-XP6YHY /  AU-X6YHY,AH-XP6YHY / AU-X6YHY,Inverter,389.7,4952.06,13.36,4,1137.92,1643958.8,118.008.4.50.104.21.0054,,,309,,False,0,0,0,0,0,0,0,12.707364639466258,0.5 PK,13.36,1444.705075928009,0.6526353605337416,Tidak Ada Data,2,Sedang-Efisien
Sharp,AH-XP10YHY /  AU-X10YHY,AH-XP10YHY / AU-X10YHY,Inverter,839.1,9006.75,13.09,4,2450.17,3539763.49,118.008.4.51.104.21.0055,,,310,,False,0,0,0,0,0,0,0,10.733821952091526,1 PK,13.09,1444.7011799181282,2.3561780479084735,Tidak Ada Data,2,Sedang-Efisien
Sharp,AH-XP13YHY /  AU-X13YHY,AH-XP13YHY / AU-X13YHY,Inverter,1218.4,11611.07,12.28,4,3557.73,5139849.64,118.008.4.52.104.21.0056,,,311,,False,0,0,0,0,0,0,0,9.52976854891661,1.5 PK,12.28,1444.6991874032035,2.7502314510833887,Tidak Ada Data,2,Sedang-Efisien
Mitsubichi Electric,MSY-JT10VF /  MUY-JT10VF,MSY-JT10VF / MUY-JT10VF,Inverter,913.2,9246.3,15.02,4,2666.54,3852350.34,118.005.4.26.104.21.0057,,,312,,False,0,0,0,0,0,0,0,10.125164257555848,1 PK,15.02,1444.7000007500355,4.894835742444153,Tidak Ada Data,2,Sedang-Efisien
Mitsubishi Electric,MSY-JT13VF /  MUY-JT13VF,MSY-JT13VF / MUY-JT13VF,Inverter,1281.1,12573.6,14.73,4,3740.81,5404351.1,118.005.4.27.104.21.0058,,,313,,False,0,0,0,0,0,0,0,9.81469050035126,1.5 PK,14.73,1444.700773361919,4.915309499648739,Tidak Ada Data,2,Sedang-Efisien
Mitsubishi Electric,MSY-JT18VF /  MUY-JT18VF,MSY-JT18VF / MUY-JT18VF,Inverter,1870.2,17876.69,13.36,4,5460.98,7889483.58,118.005.4.28.104.21.0059,,,314,,False,0,0,0,0,0,0,0,9.5587049513421,2 PK,13.36,1444.7010573193825,3.8012950486578982,Tidak Ada Data,1,Besar-Efisien
Mitsubishi Electric,MSY-JT24VF /  MUY-JT24VF,MSY-JT24VF / MUY-JT24VF,Inverter,1983.8,23483.64,16.36,4,5792.7,8368707.91,118.005.4.29.104.21.0060,,,315,,False,0,0,0,0,0,0,0,11.837705413852202,3+ PK,16.36,1444.6990021924146,4.5222945861477974,Tidak Ada Data,1,Besar-Efisien
Toshiba,RAS-24PKCVG-ID /  RAS-24PACVG-ID,RAS-24PKCVG-ID (INDOOR) / RAS-24PACVG-ID (OUTDOOR),Inverter,1850.0,20400.0,16.39,4,5402.0,7804269.4,118.014.4.49.104.21.0064,,,316,,False,0,0,0,0,0,0,0,11.027027027027026,2.5 PK,16.39,1444.7,5.362972972972974,Tidak Ada Data,1,Besar-Efisien
Midea,MSIAF-12CRDN2 (I) /  (O),MSIAF-12CRDN2(I) /(O),Inverter,1124.0,12260.2,12.63,4,3282.08,4741620.98,118.013.4.71.104.21.0065,,,317,,False,0,0,0,0,0,0,0,10.907651245551602,1.5 PK,12.63,1444.7000012187395,1.722348754448399,Tidak Ada Data,2,Sedang-Efisien
Midea,MSIAF-18CRDN2 (I) /  (O),MSIAF-18CRDN2(I) /(O),Inverter,1888.0,18170.8,12.03,4,5512.96,7964573.31,118.013.4.72.104.21.0066,,,318,,False,0,0,0,0,0,0,0,9.62436440677966,2 PK,12.03,1444.6999996372183,2.405635593220339,Tidak Ada Data,1,Besar-Efisien
LG,S3-Q12JA,P13RV4 NJAT / P13RV4 UJAT,Inverter,1163.6,12653.9,13.48,4,3397.71,4908674.53,118.004.4.53.104.21.0067,,,319,,False,0,0,0,0,0,0,0,10.874785149535924,1.5 PK,13.48,1444.7008514558336,2.605214850464076,Tidak Ada Data,2,Sedang-Efisien
LG,S3-Q09JA,P10RV4 NJAT / P10RV4 UJAT,Inverter,759.9,9969.99,14.74,4,2218.91,3205656.39,118.004.4.54.104.21.0068,,,320,,False,0,0,0,0,0,0,0,13.12013422818792,1.5 PK,14.74,1444.6986989107263,1.61986577181208,Tidak Ada Data,2,Sedang-Efisien
LG,S3-Q09WA,"T10EV4 NWAT2 / T10EV4 UWAT2,  S10EV4 NWAT / S10EV4 UWAT",Inverter,936.9,9523.7,11.9,4,2735.75,3952335.14,118.004.4.55.104.21.0069,,,321,,False,0,0,0,0,0,0,0,10.165119009499412,1 PK,11.9,1444.6989454445766,1.7348809905005869,Tidak Ada Data,2,Sedang-Efisien
LG,S3-Q09WA,E10SV5 NWAT / E10SV5 UWAT,Inverter,906.4,9315.37,12.36,4,2646.69,3823670.15,118.004.4.56.104.21.0070,,,322,,False,0,0,0,0,0,0,0,10.277327890556046,1 PK,12.36,1444.6989069365886,2.082672109443953,Tidak Ada Data,2,Sedang-Efisien
LG,S3-Q06WA,E06SV5 NWAT / E06SV5 UWAT,Inverter,499.4,6493.25,13.46,4,1458.25,2106730.89,118.004.4.57.104.21.0071,,,323,,False,0,0,0,0,0,0,0,13.002102523027634,1 PK,13.46,1444.6980216012344,0.4578974769723665,Tidak Ada Data,2,Sedang-Efisien
LG,S3-Q12JA,P13RV4 NJAT / P13RV4 UJAT,Inverter,1163.6,12653.9,13.48,4,3397.71,4908674.53,118.052.4.06.104.21.0072,,,324,,False,0,0,0,0,0,0,0,10.874785149535924,1.5 PK,13.48,1444.7008514558336,2.605214850464076,Tidak Ada Data,2,Sedang-Efisien
LG,S3-Q09JA,P10RV4 NJAT / P10RV4 UJAT,Inverter,759.9,9969.99,14.74,4,2218.91,3205656.39,118.052.4.07.104.21.0073,,,325,,False,0,0,0,0,0,0,0,13.12013422818792,1.5 PK,14.74,1444.6986989107263,1.61986577181208,Tidak Ada Data,2,Sedang-Efisien
LG,S3-Q09WA,"T10EV4 NWAT2 / T10EV4 UWAT2,  S10EV4 NWAT / S10EV4 UWAT",Inverter,936.9,5523.7,11.9,4,2735.75,3952335.14,118.052.4.08.104.21.0074,,,326,,False,0,0,0,0,0,0,0,5.895719927420216,1 PK,11.9,1444.6989454445766,6.0042800725797845,Tidak Ada Data,2,Sedang-Efisien
LG,S3-Q09WA,E10SV5 NWAT / E10SV5 UWAT),Inverter,906.4,9315.37,12.36,4,2646.69,3823670.15,118.052.4.09.104.21.0075,,,327,,False,0,0,0,0,0,0,0,10.277327890556046,1 PK,12.36,1444.6989069365886,2.082672109443953,Tidak Ada Data,2,Sedang-Efisien
LG,S3-Q06WA,E06SV5 NWAT / E06SV5 UWAT,Inverter,499.4,6493.25,13.46,4,1458.25,2106730.89,118.052.4.10.104.21.0076,,,328,,False,0,0,0,0,0,0,0,13.002102523027634,1 PK,13.46,1444.6980216012344,0.4578974769723665,Tidak Ada Data,2,Sedang-Efisien
Gree,"GWC-09F1/ I,  GWC-09F1/ O","GWC-09F1/ I,  GWC-09F1/ O",Inverter,700.9,8455.98,13.33,4,2046.63,2956763.47,118.011.4.73.104.21.0077,,,329,,False,0,0,0,0,0,0,0,12.06445998002568,1 PK,13.33,1444.6985874339769,1.2655400199743188,Tidak Ada Data,2,Sedang-Efisien
Gree,"GWC-12F1/ I,  GWC-12F1/ O","GWC-12F1/ I,  GWC-12F1/ O",Inverter,1281.2,12088.08,11.36,4,3741.1,5404772.95,118.011.4.74.104.21.0078,,,330,,False,0,0,0,0,0,0,0,9.434967218232906,1.5 PK,11.36,1444.7015450001338,1.9250327817670936,Tidak Ada Data,2,Sedang-Efisien
Panasonic,"CU / CS-XPU5XKJ,   CU / CS-PU5XKJ","CU / CS-XPU5XKJ,   CU / CS-PU5XKJ",Inverter,410.0,5300.0,12.44,4,1197.2,1729594.84,118.006.4.48.104.21.0098,,,331,,False,0,0,0,0,0,0,0,12.926829268292684,0.5 PK,12.44,1444.7,0.4868292682926842,Tidak Ada Data,2,Sedang-Efisien
Panasonic,"CU / CS-XPU7XKJ,   CU / CS-PU7XKJ","CU / CS-XPU7XKJ,   CU / CS-PU7XKJ",Inverter,530.0,6990.0,13.32,4,1547.6,2235817.72,118.006.4.49.104.21.0099,,,332,,False,0,0,0,0,0,0,0,13.18867924528302,1 PK,13.32,1444.7000000000005,0.131320754716981,Tidak Ada Data,2,Sedang-Efisien
Panasonic,"CU / CS-XPU9XKJ,   CU / CS-PU9XKJ","CU / CS-XPU9XKJ,   CU / CS-PU9XKJ",Inverter,670.0,8539.0,13.2,4,1956.4,2826411.08,118.006.4.50.104.21.0100,,,333,,False,0,0,0,0,0,0,0,12.744776119402983,1 PK,13.2,1444.7,0.4552238805970141,Tidak Ada Data,2,Sedang-Efisien
Panasonic,"CU / CS-XPU12XKJ,   CU / CS-PU12XKJ","CU / CS-XPU12XKJ,   CU / CS-PU12XKJ",Inverter,950.0,11900.0,13.7,4,2774.0,4007597.8,118.006.4.51.104.21.0101,,,334,,False,0,0,0,0,0,0,0,12.526315789473683,1.5 PK,13.7,1444.7,1.1736842105263143,Tidak Ada Data,2,Sedang-Efisien
Panasonic,"CU / CS-XPU18XKJ,   CU / CS-PU18XKJ","CU / CS-XPU18XKJ,   CU / CS-PU18XKJ",Inverter,1440.0,18100.0,15.16,4,4204.8,6074674.56,118.006.4.52.104.21.0102,,,335,,False,0,0,0,0,0,0,0,12.569444444444445,2 PK,15.16,1444.6999999999998,2.5905555555555555,Tidak Ada Data,1,Besar-Efisien
Panasonic,"CU / CS-XPU24XKJ,   CU / CS-PU24XKJ","CU / CS-XPU24XKJ,   CU / CS-PU24XKJ",Inverter,1740.0,20800.0,14.89,4,5080.8,7340231.76,118.006.4.53.104.21.0103,,,336,,False,0,0,0,0,0,0,0,11.954022988505749,2.5 PK,14.89,1444.6999999999998,2.935977011494254,Tidak Ada Data,1,Besar-Efisien
Panasonic,CS / CU-XU10XKP,CS / CU-XU10XKP,Inverter,755.2,8833.0,13.48,4,2205.18,3185829.32,118.009.4.42.104.21.0104,,,337,,False,0,0,0,0,0,0,0,11.69623940677966,1 PK,13.48,1444.702618380359,1.7837605932203395,Tidak Ada Data,2,Sedang-Efisien
Panasonic,CS / CU-XU13XKP,CS / CU-XU13XKP,Inverter,945.8,11607.0,15.11,4,2761.74,3989880.0,118.009.4.43.104.21.0105,,,338,,False,0,0,0,0,0,0,0,12.272150560372172,1.5 PK,15.11,1444.6979078407091,2.837849439627828,Tidak Ada Data,2,Sedang-Efisien
Panasonic,CS / CU-XU18XKP,CS / CU-XU18XKP,Inverter,1266.6,17925.0,17.35,4,3698.47,5343182.5,118.009.4.44.104.21.0106,,,339,,False,0,0,0,0,0,0,0,14.152060634770251,2 PK,17.35,1444.7007816745845,3.1979393652297485,Tidak Ada Data,1,Besar-Efisien
Panasonic,CS / CU-XU24XKP,CS / CU-XU24XKP,Inverter,1668.6,20158.0,15.16,4,4872.31,7039029.15,118.009.4.45.104.21.0107,,,340,,False,0,0,0,0,0,0,0,12.08078628790603,2.5 PK,15.16,1444.700593763533,3.0792137120939707,Tidak Ada Data,1,Besar-Efisien
AQUA,"AQA-KCRV6WP,  AQA-KCRV6WPW ","AQA-KRV6WP, AQA-CRV6WP,  AQA-KRV6WPW, AQA-CRV6WPW",Inverter,424.8,5646.79,13.06,4,1240.42,1792029.0,118.021.4.44.104.21.0108,,,341,,False,0,0,0,0,0,0,0,13.292820150659134,1 PK,13.06,1444.695345125038,0.2328201506591334,Tidak Ada Data,2,Sedang-Efisien
AQUA,"AQA-KCRV10WP,  AQA-KCRV10WPW","AQA-KRV10WP, AQA-CRV10WP,  AQA-KRV10WPW, AQA-CRV10WPW",Inverter,735.7,9547.48,14.21,4,2148.24,3103568.11,118.021.4.45.104.21.0109,,,342,,False,0,0,0,0,0,0,0,12.977409270082912,1 PK,14.21,1444.702691505605,1.2325907299170886,Tidak Ada Data,2,Sedang-Efisien
AQUA,AQA-KCRV13WP,"AQA-KRV13WP, AQA-CRV13WP",Inverter,1138.8,12427.2,13.28,4,3325.2,4803910.66,118.021.4.46.104.21.0110,,,343,,False,0,0,0,0,0,0,0,10.912539515279242,1.5 PK,13.28,1444.6982617586914,2.367460484720757,Tidak Ada Data,2,Sedang-Efisien
Panasonic,CS-PU7UKP /   CU-PU7UKP ,CS-PU7UKP /   CU-PU7UKP ,Inverter,534.7,6667.0,4.52,4,1561.32,2255644.78,824 210224,,,344,PT TUV Rheinland Indonesia,True,0,0,0,0,0,0,0,12.468674022816533,1 PK,4.52,1444.7036994338123,7.948674022816531,Tidak Ada Data,0,Sedang-Kurang Efisien
Panasonic,CS-PU9UKP /   CU-PU9UKP ,CS-PU9UKP /   CU-PU9UKP ,Inverter,712.0,8454.0,4.54,4,2079.04,3003589.09,824 210224,,,345,PT TUV Rheinland Indonesia,True,0,0,0,0,0,0,0,11.873595505617978,1 PK,4.54,1444.7000009619824,7.333595505617978,Tidak Ada Data,0,Sedang-Kurang Efisien
Panasonic,CS-PU24UKP /  CU-PU24UKP ,CS-PU24UKP /  CU-PU24UKP ,Inverter,1795.8,20174.0,5.12,5,5243.74,7575625.4,824 210224,,,346,PT TUV Rheinland Indonesia,True,0,0,0,0,0,0,0,11.233990422096,2.5 PK,5.12,1444.6988981147044,6.113990422096001,Tidak Ada Data,3,Besar-Kurang Efisien
Panasonic,CS-PU24UKP /  CU-PU24UKP ,CS-PU24UKP /  CU-PU24UKP ,Inverter,1795.8,20174.0,5.12,5,5243.74,7575625.4,824 210224,,,347,PT TUV Rheinland Indonesia,True,0,0,0,0,0,0,0,11.233990422096,2.5 PK,5.12,1444.6988981147044,6.113990422096001,Tidak Ada Data,3,Besar-Kurang Efisien
Daikin,FTKQ15UVM4 / RKQ15UVM4,FTKQ15UVM4 / RKQ15UVM4,Inverter,321.7,5232.1,6.59,5,939.36,1357099.17,PCS 00237.01.01.HE,,,348,PT Sucofindo (Persero),True,0,0,0,0,0,0,0,16.263910475598387,0.5 PK,6.59,1444.706150996423,9.673910475598388,Tidak Ada Data,0,Sedang-Kurang Efisien
Daikin,FTKQ20UVM4 / RKQ20UVM4,FTKQ20UVM4 / RKQ20UVM4,Inverter,579.7,7321.8,6.4,5,1692.72,2445478.36,PCS 00237.01.01.HE,,,349,PT Sucofindo (Persero),True,0,0,0,0,0,0,0,12.630326030705536,1 PK,6.4,1444.7034122595585,6.230326030705536,Tidak Ada Data,0,Sedang-Kurang Efisien
Daikin,FTKQ25UVM4 / RKQ25UVM4,FTKQ25UVM4 / RKQ25UVM4,Inverter,835.3,9573.9,5.5,5,2439.08,3523733.1,PCS 00237.01.01.HE,,,350,PT Sucofindo (Persero),True,0,0,0,0,0,0,0,11.461630551897525,1 PK,5.5,1444.6976318939928,5.961630551897523,Tidak Ada Data,0,Sedang-Kurang Efisien
Daikin,FTKQ35UVM4 / RKQ35UVM4,FTKQ35UVM4 / RKQ35UVM4,Inverter,835.3,12651.9,5.98,5,2439.08,3523733.1,PCS 00237.01.01.HE,,,351,PT Sucofindo (Persero),True,0,0,0,0,0,0,0,15.146534179336763,1.5 PK,5.98,1444.6976318939928,9.166534179336765,Tidak Ada Data,0,Sedang-Kurang Efisien
Daikin,FTKQ50UVM4 / RKQ50UVM4,FTKQ50UVM4 / RKQ50UVM4,Inverter,1607.5,17667.9,5.12,5,4693.9,6781277.33,PCS 00237.01.01.HE,,,352,PT Sucofindo (Persero),True,0,0,0,0,0,0,0,10.990917573872474,2 PK,5.12,1444.7,5.870917573872474,Tidak Ada Data,3,Besar-Kurang Efisien
Daikin,FTKQ60UVM4 / RKQ60UVM4,FTKQ60UVM4 / RKQ60UVM4,Inverter,2137.4,22098.9,5.54,5,6241.21,9016673.2,PCS 00237.01.01.HE,,,353,PT Sucofindo (Persero),True,0,0,0,0,0,0,0,10.339150369607935,2.5 PK,5.54,1444.6995374294406,4.799150369607935,Tidak Ada Data,3,Besar-Kurang Efisien
Daikin,Inverter R32 Smile (New Step 5),Indoor:  FTKC15TVM4   Outdoor:   RKC15TVM4,Inverter,299.6,5118.0,6.55,5,874.83,1263869.79,824 210213,,,354,PT TUV Rheinland Indonesia,True,0,0,0,0,0,0,0,17.082777036048064,0.5 PK,6.55,1444.7033023558863,10.532777036048063,Tidak Ada Data,0,Sedang-Kurang Efisien
Daikin,Inverter R32 Smile (New Step 5),Indoor:  FTKC20TVM4 Outdoor:    RKC20TVM4,Inverter,497.3,6824.0,6.06,5,1452.0,2097704.4,824 210213,,,355,PT TUV Rheinland Indonesia,True,0,0,0,0,0,0,0,13.72209933641665,1 PK,6.06,1444.7,7.66209933641665,Tidak Ada Data,0,Sedang-Kurang Efisien
Daikin,Inverter R32 Smile (New Step 5),Indoor: FTKC25TVM4 Outdoor:   RKC25TVM4,Inverter,662.4,8530.0,6.35,5,1934.21,2794350.3,824 210213,,,356,PT TUV Rheinland Indonesia,True,0,0,0,0,0,0,0,12.8774154589372,1 PK,6.35,1444.6985074009542,6.527415458937199,Tidak Ada Data,0,Sedang-Kurang Efisien
Daikin,Inverter R32 Smile (New Step 5),Indoor:  FTKC35TVM4 Outdoor:     RKC35TVM4,Inverter,970.2,11942.0,6.36,5,2832.98,4092811.98,824 210213,,,357,PT TUV Rheinland Indonesia,True,0,0,0,0,0,0,0,12.308802308802308,1.5 PK,6.36,1444.7020381365203,5.948802308802308,Tidak Ada Data,0,Sedang-Kurang Efisien
Daikin,Inverter R32 Smile (New Step 5),Indoor:  FTKC50TVM4 Outdoor:     RKC50TVM4,Inverter,1275.1,17742.0,6.59,5,3723.29,5379039.95,824 210213,,,358,PT TUV Rheinland Indonesia,True,0,0,0,0,0,0,0,13.914202807622932,2 PK,6.59,1444.7007753895075,7.324202807622933,Tidak Ada Data,3,Besar-Kurang Efisien
Daikin,Inverter R32 Smile (New Step 5),Indoor:  FTKC60TVM4 Outdoor:      RKC60TVM4,Inverter,1703.8,20470.0,6.33,5,4975.1,7187521.19,824 210213,,,359,PT TUV Rheinland Indonesia,True,0,0,0,0,0,0,0,12.014320929686583,2.5 PK,6.33,1444.6988382143072,5.684320929686583,Tidak Ada Data,3,Besar-Kurang Efisien
Daikin,Inverter R32 Smile (New Step 5),Indoor:  FTKC60TVM4 Outdoor:      RKC60TVM4,Inverter,1703.8,20470.0,6.33,5,4975.1,7187521.19,824 210213,,,360,PT TUV Rheinland Indonesia,True,0,0,0,0,0,0,0,12.014320929686583,2.5 PK,6.33,1444.6988382143072,5.684320929686583,Tidak Ada Data,3,Besar-Kurang Efisien
Daikin,Inverter R32 Smile (New Step 5),Indoor: FTKC71TVM4 Outdoor: RKC71TVM4,Inverter,2054.8,24224.0,5.99,5,6000.02,8668223.12,824 210213,,,361,PT TUV Rheinland Indonesia,True,0,0,0,0,0,0,0,11.788981896048275,3+ PK,5.99,1444.699037669874,5.798981896048275,Tidak Ada Data,3,Besar-Kurang Efisien
Daikin,Hi-Inverter (Premium) R32 series,Indoor:  FTKM25SVM4 Outdoor: RKM25SVM4,Inverter,493.4,8530.0,7.92,5,1440.73,2081419.74,824 210213,,,362,PT TUV Rheinland Indonesia,True,0,0,0,0,0,0,0,17.28820429671666,1 PK,7.92,1444.6979933783568,9.36820429671666,Tidak Ada Data,0,Sedang-Kurang Efisien
Daikin,Hi-Inverter (Premium) R32 series,Indoor: FTKM35SVM4 Outdoor: RKM35SVM4,Inverter,816.0,11942.0,6.95,5,2382.72,3442315.58,824 210213,,,363,PT TUV Rheinland Indonesia,True,0,0,0,0,0,0,0,14.634803921568627,1.5 PK,6.95,1444.6999983212463,7.684803921568627,Tidak Ada Data,0,Sedang-Kurang Efisien
Daikin,Hi-Inverter (Premium) R32 series,Indoor: FTKM50SVM4 Outdoor: RKM50SVM4,Inverter,1220.1,17742.0,6.82,5,3562.69,5147021.13,824 210213,,,364,PT TUV Rheinland Indonesia,True,0,0,0,0,0,0,0,14.541431030243425,2 PK,6.82,1444.7008103427463,7.721431030243423,Tidak Ada Data,3,Besar-Kurang Efisien
Daikin,Hi-Inverter (Premium) R32 series,Indoor: FTKM60SVM4 Outdoor: RKM60SVM4,Inverter,1505.7,20472.0,6.23,5,4396.64,6351831.59,824 210213,,,365,PT TUV Rheinland Indonesia,True,0,0,0,0,0,0,0,13.596333931061965,2.5 PK,6.23,1444.7013150951634,7.366333931061964,Tidak Ada Data,3,Besar-Kurang Efisien
Daikin,Hi-Inverter (Premium) R32 series,Indoor: FTKM71SVM4 Outdoor: RKM71SVM4,Inverter,2021.3,24225.0,5.87,5,5902.2,8526902.56,824 210213,,,366,PT TUV Rheinland Indonesia,True,0,0,0,0,0,0,0,11.984861227922623,3+ PK,5.87,1444.6990207041445,6.114861227922625,Tidak Ada Data,3,Besar-Kurang Efisien
Sharp,Indoor:  AH-X6ZY  Outdoor:  AU-X6ZY ,Indoor:  AH-X6ZY  Outdoor:  AU-X6ZY ,Inverter,396.0,5084.0,5.07,5,1155.74,1669691.8,824 210235,,,367,PT TUV Rheinland Indonesia,True,0,0,0,0,0,0,0,12.83838383838384,0.5 PK,5.07,1444.6950006056725,7.768383838383839,Tidak Ada Data,0,Sedang-Kurang Efisien
Sharp,Indoor:  AH-X10ZY  Outdoor:  AU-X10ZY ,Indoor:  AH-X10ZY  Outdoor:  AU-X10ZY ,Inverter,769.0,9008.0,5.23,5,2244.02,3241935.69,824 210235,,,368,PT TUV Rheinland Indonesia,True,0,0,0,0,0,0,0,11.713914174252276,1 PK,5.23,1444.6999982174848,6.483914174252275,Tidak Ada Data,0,Sedang-Kurang Efisien
Sharp,Indoor:  AH-X13ZY  Outdoor:  AU-X13ZY ,Indoor:  AH-X13ZY  Outdoor:  AU-X13ZY ,Inverter,1116.0,12010.0,5.07,5,3259.3,4708716.49,824 210235,2021-12-17,2025-12-16,369,PT TUV Rheinland Indonesia,True,0,0,0,0,0,0,0,10.761648745519713,1.5 PK,5.07,1444.7017733869236,5.691648745519712,Aktif,0,Sedang-Kurang Efisien
Sharp,Indoor:  AH-X18ZY  Outdoor:  AU-X18ZY ,Indoor:  AH-X18ZY  Outdoor:  AU-X18ZY ,Inverter,1769.0,18015.0,4.91,4,5165.48,7462568.96,824 210235,,,370,PT TUV Rheinland Indonesia,True,0,0,0,0,0,0,0,10.183719615602037,2 PK,4.91,1444.7000007743716,5.273719615602035,Tidak Ada Data,3,Besar-Kurang Efisien
Midea,MSIAF-09CRDN2(I) / MSIAF-09CRDN2(O),MSIAF-09CRDN2(I) / MSIAF-09CRDN2(O),Inverter,767.4,9558.9,4.73,4,433.9,626855.33,005/LSP/QI/06.1-IV/2022,,,371,PT Qualis Indonesia,True,0,0,0,0,0,0,0,12.456215793588742,1 PK,4.73,1444.7,7.726215793588741,Tidak Ada Data,0,Sedang-Kurang Efisien
Midea,MSIAF-12CRDN2(I) / MSIAF-12CRDN2(O),MSIAF-12CRDN2(I) / MSIAF-12CRDN2(O),Inverter,1048.4,11944.2,4.8,4,534.88,772741.14,005/LSP/QI/06.1-IV/2022,,,372,PT Qualis Indonesia,True,0,0,0,0,0,0,0,11.392789011827546,1.5 PK,4.8,1444.700007478313,6.592789011827546,Tidak Ada Data,0,Sedang-Kurang Efisien
Midea,MSIAF-18CRDN2(I) / MSIAF-18CRDN2(O),MSIAF-18CRDN2(I) / MSIAF-18CRDN2(O),Inverter,1838.2,18250.4,4.96,4,790.96,1142699.91,005/LSP/QI/06.1-IV/2022,,,373,PT Qualis Indonesia,True,0,0,0,0,0,0,0,9.928408225437927,2 PK,4.96,1444.699997471427,4.968408225437929,Tidak Ada Data,3,Besar-Kurang Efisien
Sharp,Indoor: AH-XP10VXY Outdoor: AU-X10VXY,Indoor: AH-XP10VXY Outdoor: AU-X10VXY,Inverter,483.8,8530.0,8.22,5,1412.7,2040921.91,824 220102,,,374,PT TUV Rheinland Indonesia,True,0,0,0,0,0,0,0,17.63125258371228,1 PK,8.22,1444.6959085439228,9.411252583712278,Tidak Ada Data,2,Sedang-Efisien
Sharp,Indoor: AH-XP13VXY Outdoor: AU-X13VXY,Indoor: AH-XP13VXY Outdoor: AU-X13VXY,Inverter,753.6,11601.0,7.39,5,2200.51,3179079.69,824 220102,,,375,PT TUV Rheinland Indonesia,True,0,0,0,0,0,0,0,15.394108280254777,1.5 PK,7.39,1444.7013146952297,8.004108280254776,Tidak Ada Data,0,Sedang-Kurang Efisien
Samsung,AR10BYFANWKN (Indoor) ; AR10BYFANWKX (Outdoor),AR10BYFANWKN (Indoor) ; AR10BYFANWKX (Outdoor),Inverter,884.0,10000.0,5.22,5,2581.28,3729175.22,824 220163,,,376,PT TUV Rheinland Indonesia,True,0,0,0,0,0,0,0,11.312217194570136,1.5 PK,5.22,1444.7000015496187,6.092217194570137,Tidak Ada Data,0,Sedang-Kurang Efisien
Samsung,AR13BYFANWKN (Indoor) ; AR13BYFANWKX (Outdoor),AR13BYFANWKN (Indoor) ; AR13BYFANWKX (Outdoor),Inverter,1161.5,12000.0,5.14,5,3391.58,4899815.63,824 220163,,,377,PT TUV Rheinland Indonesia,True,0,0,0,0,0,0,0,10.331467929401636,1.5 PK,5.14,1444.7000011793914,5.191467929401637,Tidak Ada Data,0,Sedang-Kurang Efisien
Samsung,AR18BYFANWKN (Indoor) ; AR18BYFANWKX (Outdoor),AR18BYFANWKN (Indoor) ; AR18BYFANWKX (Outdoor),Inverter,1795.3,18000.0,4.82,4,5242.28,7573516.14,824 220163,,,378,PT TUV Rheinland Indonesia,True,0,0,0,0,0,0,0,10.026179468612488,2 PK,4.82,1444.6988981893376,5.206179468612488,Tidak Ada Data,3,Besar-Kurang Efisien
AQUA,AQAKRV10WXW / AQACRV10WXW,AQAKRV10WXW / AQACRV10WXW,Inverter,724.8,10000.0,5.88,5,529.1,764396.55,824 220157,,,379,PT TUV Rheinland Indonesia,True,0,0,0,0,0,0,0,13.796909492273732,1.5 PK,5.88,1444.7109242109243,7.916909492273732,Tidak Ada Data,0,Sedang-Kurang Efisien
Midea,MSIMT-09CRN2(I) / MSIMT-09CRN2 (O),MSIMT-09CRN2(I) / MSIMT-09CRN2 (O),Inverter,614.5,9583.3,6.42,5,320.82,463490.1,015/LSP/QI/06.1-VII/2022,,,380,PT Qualis Indonesia,True,0,0,0,0,0,0,0,15.595280716029292,1 PK,6.42,1444.7045072002993,9.175280716029292,Tidak Ada Data,0,Sedang-Kurang Efisien
Midea,MSIMT-12CRN2(I) / MSIMT-12CRN2 (O),MSIMT-12CRN2(I) / MSIMT-12CRN2 (O),Inverter,870.5,12281.5,5.62,5,600.99,868250.25,015/LSP/QI/06.1-VII/2022,,,381,PT Qualis Indonesia,True,0,0,0,0,0,0,0,14.108558299827685,1.5 PK,5.62,1444.6999950082363,8.488558299827684,Tidak Ada Data,0,Sedang-Kurang Efisien
Gree,"GWC-05F1S/I / GWC-05F1S/O,GWC-05F1S Gold/I / GWC-05F1S Gold/O","GWC-05F1S/I / GWC-05F1S/O,GWC-05F1S Gold/I / GWC-05F1S Gold/O",Inverter,349.1,5209.3,4.71,4,237.56,343204.38,016/LSP/QI/06.1-VIII/2022,2022-08-02,2026-08-01,382,PT Qualis Indonesia,True,0,0,0,0,0,0,0,14.922085362360354,0.5 PK,4.71,1444.7060953022394,10.212085362360355,Aktif,0,Sedang-Kurang Efisien
Gree,"GWC-09F1S/I / GWC-09F1S/O, GWC-09F1S Gold/I / GWC-09F1S Gold/O","GWC-09F1S/I / GWC-09F1S/O, GWC-09F1S Gold/I / GWC-09F1S Gold/O",Inverter,706.2,8125.7,4.57,4,382.17,552116.66,016/LSP/QI/06.1-VIII/2022,2022-08-02,2026-08-01,383,PT Qualis Indonesia,True,0,0,0,0,0,0,0,11.506230529595015,1 PK,4.57,1444.6886464138995,6.936230529595015,Aktif,0,Sedang-Kurang Efisien
Gree,"GWC-09Freair/I / GWC-09Freair/O, GWC-09Freair Gold/I / GWC-09Freair Gold/O, GWC-09Freair Jade/I / GWC-09Freair Jade/O, GWC-09Freair Cyan/I / GWC-09Freair Cyan/O","GWC-09Freair/I / GWC-09Freair/O, GWC-09Freair Gold/I / GWC-09Freair Gold/O, GWC-09Freair Jade/I / GWC-09Freair Jade/O, GWC-09Freair Cyan/I / GWC-09Freair Cyan/O",Inverter,578.6,11380.3,6.23,5,392.65,567255.68,016/LSP/QI/06.1-VIII/2022,2022-08-02,2026-08-01,384,PT Qualis Indonesia,True,0,0,0,0,0,0,0,19.668683027998615,1.5 PK,6.23,1444.685292245002,13.438683027998614,Aktif,0,Sedang-Kurang Efisien
Gree,"GWC-12Freair/I / GWC-12Freair/O, GWC-12Freair Gold/I / GWC-12Freair Gold/O, GWC-12Freair Jade/I / GWC-12Freair Jade/O, GWC-12Freair Cyan/I / GWC-12Freair Cyan/O","GWC-12Freair/I / GWC-12Freair/O, GWC-12Freair Gold/I / GWC-12Freair Gold/O, GWC-12Freair Jade/I / GWC-12Freair Jade/O, GWC-12Freair Cyan/I / GWC-12Freair Cyan/O",Inverter,801.2,14971.5,7.29,5,441.53,637875.5,016/LSP/QI/06.1-VIII/2022,2022-08-02,2026-08-01,385,PT Qualis Indonesia,True,0,0,0,0,0,0,0,18.686345481777337,2 PK,7.29,1444.6934523135462,11.396345481777336,Aktif,0,Sedang-Kurang Efisien
AQUA,"AQA-KRV6WHP/AQA-CRV6WHP, AQA-KRV6WHP1/AQA-CRV6WHP1","AQA-KRV6WHP/AQA-CRV6WHP, AQA-KRV6WHP1/AQA-CRV6WHP1",Inverter,452.7,7019.2,4.38,4,3441.88,4972486.93,021/LSP/QI/06.1-VIII/2022,,,386,PT Qualis Indonesia,False,0,0,0,0,0,0,0,15.505191075767616,1 PK,4.38,1444.700840819552,11.125191075767615,Tidak Ada Data,0,Sedang-Kurang Efisien
Gree,"GWC-12F1S/I / GWC-12F1S/O, GWC-12F1S Gold/I / GWC-12F1S Gold/O","GWC-12F1S/I / GWC-12F1S/O, GWC-12F1S Gold/I / GWC-12F1S Gold/O",Inverter,1254.7,14624.6,5.13,5,612.92,885481.05,027/LSP/QI/06.1-IX/2022,2022-09-09,2026-09-08,387,PT Qualis Indonesia,True,0,0,0,0,0,0,0,11.655853989001354,2 PK,5.13,1444.692700515565,6.525853989001354,Aktif,3,Besar-Kurang Efisien
Gree,GWC-05F5S/I / GWC-05F5S/O,GWC-05F5S/I / GWC-05F5S/O,Inverter,371.4,5588.4,4.65,4,258.29,373157.34,027/LSP/QI/06.1-IX/2022,2022-09-09,2026-09-08,388,PT Qualis Indonesia,True,0,0,0,0,0,0,0,15.046849757673668,1 PK,4.65,1444.722366332417,10.396849757673667,Aktif,0,Sedang-Kurang Efisien
Gree,GWC-09F5S/I / GWC-09F5S/O,GWC-09F5S/I / GWC-09F5S/O,Inverter,710.1,9118.4,5.22,5,375.6,542631.63,027/LSP/QI/06.1-IX/2022,2022-09-09,2026-09-08,389,PT Qualis Indonesia,True,0,0,0,0,0,0,0,12.841008308688917,1 PK,5.22,1444.7061501597443,7.621008308688917,Aktif,0,Sedang-Kurang Efisien
Gree,GWC-12F5S/I / GWC-12F5S/O,GWC-12F5S/I / GWC-12F5S/O,Inverter,1275.8,14155.0,5.02,5,605.53,874812.66,027/LSP/QI/06.1-IX/2022,2022-09-09,2026-09-08,390,PT Qualis Indonesia,True,0,0,0,0,0,0,0,11.094999216178085,1.5 PK,5.02,1444.705728865622,6.074999216178085,Aktif,3,Besar-Kurang Efisien
Gree,GWC-18F5S/I / GWC-18F5S/O,GWC-18F5S/I / GWC-18F5S/O,Inverter,1619.5,19963.8,5.95,5,720.74,1041257.85,027/LSP/QI/06.1-IX/2022,2022-09-09,2026-09-08,391,PT Qualis Indonesia,True,0,0,0,0,0,0,0,12.32713800555727,2.5 PK,5.95,1444.706620972889,6.37713800555727,Aktif,3,Besar-Kurang Efisien
Gree,GWC-24F5S/I / GWC-24F5S/O,GWC-24F5S/I / GWC-24F5S/O,Inverter,2028.7,34304.3,7.63,5,965.7,1395144.05,039/LSP/QI/06.1-XI/2022,2022-11-02,2026-11-01,392,PT Qualis Indonesia,False,0,1,0,0,0,0,0,16.909498693744762,3+ PK,7.63,1444.6971626799211,9.279498693744763,Aktif,3,Besar-Kurang Efisien
LG,T05EV5 NINWAC / T05EV5 UINWAC,T05EV5 NINWAC / T05EV5 UINWAC,Inverter,436.1,5132.6,3.83,3,288.2,416362.54,046/LSP/QI/06.1-XII/2022,,,393,PT Qualis Indonesia,True,0,0,0,0,0,0,0,11.769318963540472,0.5 PK,3.83,1444.7,7.939318963540472,Tidak Ada Data,0,Sedang-Kurang Efisien
LG,T09EV5 NINWAC / T09EV5 UINWAC,T09EV5 NINWAC / T09EV5 UINWAC,Inverter,924.7,9203.1,4.21,4,469.28,677964.48,046/LSP/QI/06.1-XII/2022,,,394,PT Qualis Indonesia,True,0,0,0,0,0,0,0,9.952525143289716,1 PK,4.21,1444.690760313672,5.742525143289716,Tidak Ada Data,0,Sedang-Kurang Efisien
LG,T12EV5 NINJAT / T12EV5 UINJAT,T12EV5 NINJAT / T12EV5 UINJAT,Inverter,1071.4,11523.3,4.35,4,569.15,822255.34,046/LSP/QI/06.1-XII/2022,,,395,PT Qualis Indonesia,True,0,0,0,0,0,0,0,10.755366809781592,1.5 PK,4.35,1444.707616621277,6.405366809781594,Tidak Ada Data,0,Sedang-Kurang Efisien
LG,T18EV5 NINJAT / T18EV5 UINJAT,T18EV5 NINJAT / T18EV5 UINJAT,Inverter,1875.2,17340.8,4.24,4,878.09,1268580.96,046/LSP/QI/06.1-XII/2022,,,396,PT Qualis Indonesia,True,0,0,0,0,0,0,0,9.247440273037542,2 PK,4.24,1444.7049391292464,5.007440273037542,Tidak Ada Data,3,Besar-Kurang Efisien
LG,E06SV5 NWAC / E06SV5 UWAC,E06SV5 NWAC / E06SV5 UWAC,Inverter,489.9,6000.0,4.84,4,1430.51,2066654.91,824 220393,,,397,PT TUV Rheinland Indonesia,True,0,0,0,0,0,0,0,12.24739742804654,1 PK,4.84,1444.6979818386449,7.40739742804654,Tidak Ada Data,0,Sedang-Kurang Efisien
LG,E10SV5 NWAC / E10SV5 UWAC,E10SV5 NWAC / E10SV5 UWAC,Inverter,915.9,9200.0,4.53,4,2674.43,3863746.13,824 220393,,,398,PT TUV Rheinland Indonesia,True,0,0,0,0,0,0,0,10.044764712304836,1 PK,4.53,1444.6989190219972,5.514764712304836,Tidak Ada Data,0,Sedang-Kurang Efisien
LG,E13SV5 NJAC / E13SV5 UJAC,E13SV5 NJAC / E13SV5 UJAC,Inverter,1039.4,12000.0,5.31,5,3035.05,4384733.85,824 220393,,,399,PT TUV Rheinland Indonesia,True,0,0,0,0,0,0,0,11.545122185876464,1.5 PK,5.31,1444.6990494390536,6.235122185876466,Tidak Ada Data,0,Sedang-Kurang Efisien
LG,E19SV5 NKAC / E19SV5 UKAC,E19SV5 NKAC / E19SV5 UKAC,Inverter,1538.4,18000.0,5.03,5,4492.13,6489777.32,824 220393,,,400,PT TUV Rheinland Indonesia,True,0,0,0,0,0,0,0,11.700468018720748,2 PK,5.03,1444.6993564300233,6.670468018720748,Tidak Ada Data,3,Besar-Kurang Efisien
Sansui,L 24 D2 / LO 24 D2,L 24 D2 / LO 24 D2,Inverter,2246.4,23640.8,5.21,5,6559.49,9476492.31,6915.1041/23.120/IX/2022 ,,,401,Balai Besar Standardisasi dan Pelayanan Jasa Industri Bahan dan Barang Teknik (BBSPJIBBT),True,0,0,0,0,0,0,0,10.523860398860398,3+ PK,5.21,1444.6995589596145,5.313860398860398,Tidak Ada Data,3,Besar-Kurang Efisien
AQUA,"AQA-KRV9WHQ / AQA-CRV9WHQ, AQA-KRV9WHQ1/ AQA-CRV9WHQ1","AQA-KRV9WHQ / AQA-CRV9WHQ, AQA-KRV9WHQ1/ AQA-CRV9WHQ1",Inverter,992.1,9227.22,4.5,4,440.17,635919.23,004/LSP/QI/06.1-I/2023,,,402,PT Qualis Indonesia,False,0,0,0,0,0,0,0,9.300695494405804,1 PK,4.5,1444.712792784606,4.8006954944058045,Tidak Ada Data,0,Sedang-Kurang Efisien
Gree,GWC-05F5A,GWC-05F5A,Inverter,358.8,4438.3,4.36,4,218.87,316207.27,014/LSP/QI/06.1-III/2023,,,403,PT Qualis Indonesia,True,0,0,0,0,0,0,0,12.36984392419175,0.5 PK,4.36,1444.7264129391876,8.009843924191749,Tidak Ada Data,0,Sedang-Kurang Efisien
Gree,GWC-09F5A,GWC-09F5A,Inverter,669.1,8295.8,4.87,4,365.68,528303.67,014/LSP/QI/06.1-III/2023,,,404,PT Qualis Indonesia,True,0,0,0,0,0,0,0,12.39844567329248,1 PK,4.87,1444.7157897615402,7.52844567329248,Tidak Ada Data,0,Sedang-Kurang Efisien
Gree,GWC-12F5A,GWC-12F5A,Inverter,1137.7,13107.2,5.34,5,527.1,761504.26,014/LSP/QI/06.1-III/2023,,,405,PT Qualis Indonesia,True,0,0,0,0,0,0,0,11.520787553836689,1.5 PK,5.34,1444.7054828305825,6.180787553836689,Tidak Ada Data,0,Sedang-Kurang Efisien
Gree,GWC-18F5A,GWC-18F5A,Inverter,1544.6,15743.2,5.06,5,669.01,966515.86,014/LSP/QI/06.1-III/2023,,,406,PT Qualis Indonesia,True,0,0,0,0,0,0,0,10.19241227502266,2 PK,5.06,1444.6956846683906,5.13241227502266,Tidak Ada Data,3,Besar-Kurang Efisien
Daikin,FTKF25AV14 / RKF25AV14,FTKF25AV14 / RKF25AV14,Inverter,810.1,8.87,5.35,5,2365.49,3417426.29,6842.1050/23.120/VIII/2022 ,,,407,Balai Besar Standardisasi dan Pelayanan Jasa Industri Bahan dan Barang Teknik (BBSPJIBBT),True,0,0,0,0,0,0,0,0.0109492655227749,0.5 PK,5.35,1444.7012204659502,5.339050734477225,Tidak Ada Data,0,Sedang-Kurang Efisien
Daikin,FTKF35AV14 / RKF35AV14,FTKF35AV14 / RKF35AV14,Inverter,1219.3,13193.9,5.91,5,3560.36,5143646.31,6842.1050/23.120/VIII/2022,,,408,Balai Besar Standardisasi dan Pelayanan Jasa Industri Bahan dan Barang Teknik (BBSPJIBBT),True,0,0,0,0,0,0,0,10.820880833264988,1.5 PK,5.91,1444.6983760069204,4.910880833264988,Tidak Ada Data,0,Sedang-Kurang Efisien
Daikin,FTKF50AV14 / RKF50AV14,FTKF50AV14 / RKF50AV14,Inverter,1898.7,18734.2,4.97,4,5544.2,8009711.52,6842.1050/23.120/VIII/2022,,,409,Balai Besar Standardisasi dan Pelayanan Jasa Industri Bahan dan Barang Teknik (BBSPJIBBT),True,0,0,0,0,0,0,0,9.866856270079529,2 PK,4.97,1444.7010425309331,4.896856270079529,Tidak Ada Data,3,Besar-Kurang Efisien
Daikin,FTKF60AV14 / RKF60AV14,FTKF60AV14 / RKF60AV14,Inverter,1943.0,22978.9,6.22,5,5673.56,8196592.13,6842.1050/23.120/VIII/2022 ,,,410,Balai Besar Standardisasi dan Pelayanan Jasa Industri Bahan dan Barang Teknik (BBSPJIBBT),True,0,0,0,0,0,0,0,11.826505404014412,2.5 PK,6.22,1444.6999996474876,5.606505404014412,Tidak Ada Data,3,Besar-Kurang Efisien
BEKO,BSVOG 090 / BSVOG 091,BSVOG 090 / BSVOG 091,Inverter,835.8,9800.0,4.51,4,485.92,702004.29,027/LSP/QI/06.1-VI/2023,,,411,PT Qualis Indonesia,True,0,0,0,0,0,0,0,11.725293132328307,1 PK,4.51,1444.6910808363516,7.215293132328309,Tidak Ada Data,0,Sedang-Kurang Efisien
BEKO,BSVOG 120 / BSVOG 121,BSVOG 120 / BSVOG 121,Inverter,1060.5,11600.0,4.76,4,551.08,796151.05,027/LSP/QI/06.1-VI/2023,,,412,PT Qualis Indonesia,True,0,0,0,0,0,0,0,10.938236680810938,1.5 PK,4.76,1444.710477607607,6.178236680810938,Tidak Ada Data,0,Sedang-Kurang Efisien
TECO,LS24FGID2 / LT24FGID2,LS24FGID2 / LT24FGID2,Inverter,2294.2,24000.0,4.87,4,11037.09,15945282.48,036/LSP/QI/06.1-VII/2023,,,413,PT Qualis Indonesia,False,0,0,1,1,0,0,0,10.461162932612677,3+ PK,4.87,1444.6998692590166,5.591162932612677,Tidak Ada Data,3,Besar-Kurang Efisien
Samsung,AR10CYFAAWK,(Indoor) : AR10CYFAAWK NSE (Outdoor) : AR10CYFAAWK XSE,Inverter,892.8,10000.0,5.24,5,2606.98,3766298.23,824 230240,,,414,PT TUV Rheinland Indonesia,False,0,0,0,0,0,0,0,11.200716845878135,1.5 PK,5.24,1444.6977844095466,5.960716845878137,Tidak Ada Data,0,Sedang-Kurang Efisien
Mitsubishi Electric,Indoor: MSYJT05VF Outdoor: MUYJT05VF,Indoor: MSYJT05VF Outdoor: MUYJT05VF,Inverter,352.1,5118.0,6.4,5,1028.13,1485342.3,824 230255,,,415,PT TUV Rheinland Indonesia,True,0,0,0,0,0,0,0,14.535643283158192,0.5 PK,6.4,1444.7028099559393,8.135643283158192,Tidak Ada Data,0,Sedang-Kurang Efisien
Mitsubishi Electric,Indoor: MSYJT07VF Outdoor: MUYJT07VF,Indoor: MSYJT07VF Outdoor: MUYJT07VF,Inverter,577.0,6824.0,6.21,5,1684.84,2434088.35,824 230255,,,416,PT TUV Rheinland Indonesia,True,0,0,0,0,0,0,0,11.826689774696709,1 PK,6.21,1444.7000011870564,5.616689774696707,Tidak Ada Data,0,Sedang-Kurang Efisien
Mitsubishi Electric,Indoor: MSYJT10VF Outdoor: MUYJT10VF,Indoor: MSYJT10VF Outdoor: MUYJT10VF,Inverter,937.4,8871.0,5.5,5,2737.21,3954447.29,824 230255,,,417,PT TUV Rheinland Indonesia,True,0,0,0,0,0,0,0,9.463409430339237,1 PK,5.5,1444.7000010960064,3.9634094303392366,Tidak Ada Data,0,Sedang-Kurang Efisien
Mitsubishi Electric,Indoor: MSYJT13VF Outdoor: MUYJT13VF,Indoor: MSYJT13VF Outdoor: MUYJT13VF,Inverter,1310.4,12283.0,5.64,5,3826.37,5527956.74,824 230255,,,418,PT TUV Rheinland Indonesia,True,0,0,0,0,0,0,0,9.373473748473748,1.5 PK,5.64,1444.7000002613445,3.733473748473748,Tidak Ada Data,0,Sedang-Kurang Efisien
Mitsubishi Electric,Indoor: MSYJT18VF Outdoor: MUYJT18VF,Indoor: MSYJT18VF Outdoor: MUYJT18VF,Inverter,1911.1,17742.0,5.04,5,5580.41,8062018.33,824 230255,,,419,PT TUV Rheinland Indonesia,True,0,0,0,0,0,0,0,9.283658625922245,2 PK,5.04,1444.7000005375949,4.243658625922245,Tidak Ada Data,3,Besar-Kurang Efisien
HISENSE,AI06KCG ; AI06KEG ; AI06KSG,AI06KCG ; AI06KEG ; AI06KSG,Inverter,424.6,6000.0,5.8,5,1239.83,1791182.4,824 230262,,,420,PT TUV Rheinland Indonesia,True,0,0,0,0,0,0,0,14.13094677343382,1 PK,5.8,1444.699999193438,8.33094677343382,Tidak Ada Data,0,Sedang-Kurang Efisien
HISENSE,AI09KCG ; AI09KEG ; AI09KSG,AI09KCG ; AI09KEG ; AI09KSG,Inverter,833.1,9200.0,4.65,4,2432.65,3514452.34,824 230262,,,421,PT TUV Rheinland Indonesia,True,0,0,0,0,0,0,0,11.043092065778415,1 PK,4.65,1444.701185949479,6.393092065778417,Tidak Ada Data,0,Sedang-Kurang Efisien
HISENSE,AI12KCG ; AI12KEG ; AI12KSG,AI12KCG ; AI12KEG ; AI12KSG,Inverter,1393.4,12000.0,4.48,4,4068.73,5878091.34,824 230262,,,422,PT TUV Rheinland Indonesia,True,0,0,0,0,0,0,0,8.612028132625232,1.5 PK,4.48,1444.699289458873,4.132028132625232,Tidak Ada Data,3,Besar-Kurang Efisien
HISENSE,AI18KCG ; AI18KEG ; AI18KSG,AI18KCG ; AI18KEG ; AI18KSG,Inverter,1683.9,16720.0,5.08,5,4916.99,7103575.45,824 230262,,,423,PT TUV Rheinland Indonesia,True,0,0,0,0,0,0,0,9.929330720351563,2 PK,5.08,1444.6999993898708,4.849330720351563,Tidak Ada Data,3,Besar-Kurang Efisien
Mitsubishi Electric,Indoor: MSYJT24VF Outdoor: MUYJT24VF,Indoor: MSYJT24VF Outdoor: MUYJT24VF,Inverter,2004.5,22520.0,5.9,5,5853.14,8456031.36,824 230255,,,424,PT TUV Rheinland Indonesia,True,0,0,0,0,0,0,0,11.234721875779496,2.5 PK,5.9,1444.7000003416968,5.334721875779495,Tidak Ada Data,3,Besar-Kurang Efisien
Daikin,FTKZ25XVM4 / RKZ25XVM4,FTKZ25XVM4 / RKZ25XVM4,Inverter,460.9,9072.2,8.23,5,1345.83,0.0,7437.1075/23.120/III/2023,,,425,Balai Besar Standardisasi dan Pelayanan Jasa Industri Bahan dan Barang Teknik (BBSPJIBBT),True,0,0,0,0,0,1,0,19.683662399652857,1 PK,8.23,0.0,11.453662399652856,Tidak Ada Data,2,Sedang-Efisien
Daikin,FTKZ50XVM4 / RKZ50XVM4,FTKZ50XVM4 / RKZ50XVM4,Inverter,1368.1,18702.1,7.0,5,3994.85,0.0,7437.1075/23.120/III/2023,,,426,Balai Besar Standardisasi dan Pelayanan Jasa Industri Bahan dan Barang Teknik (BBSPJIBBT),True,0,0,0,0,0,1,0,13.670126452744682,2 PK,7.0,0.0,6.670126452744682,Tidak Ada Data,3,Besar-Kurang Efisien
Daikin,FTKZ35XVM4 / RKZ35XVM4,FTKZ35XVM4 / RKZ35XVM4,Inverter,780.9,12728.6,7.43,5,2280.23,3294245.39,7437.1075/23.120/III/2023,,,427,Balai Besar Standardisasi dan Pelayanan Jasa Industri Bahan dan Barang Teknik (BBSPJIBBT),True,0,0,0,0,0,0,0,16.29991035984121,1.5 PK,7.43,1444.6987321454417,8.86991035984121,Tidak Ada Data,0,Sedang-Kurang Efisien
Daikin,FTKZ60XVM4 / RKZ60XVM4,FTKZ60XVM4 / RKZ60XVM4,Inverter,1524.8,21789.3,7.07,5,4452.42,0.0,7437.1075/23.120/III/2023,,,428,Balai Besar Standardisasi dan Pelayanan Jasa Industri Bahan dan Barang Teknik (BBSPJIBBT),True,0,0,0,0,0,1,0,14.289939664218258,2.5 PK,7.07,0.0,7.219939664218257,Tidak Ada Data,3,Besar-Kurang Efisien
Daikin,FTKZ71XVM4 / RKZ71XVM4,FTKZ71XVM4 / RKZ71XVM4,Inverter,2171.2,25474.0,6.41,5,6339.9,9159259.31,7437.1075/23.120/III/2023,,,429,Balai Besar Standardisasi dan Pelayanan Jasa Industri Bahan dan Barang Teknik (BBSPJIBBT),True,0,0,0,0,0,0,0,11.73268238761975,3+ PK,6.41,1444.7009116863044,5.32268238761975,Tidak Ada Data,3,Besar-Kurang Efisien
Panasonic,CS-XU10AKP / CU-XU10AKP,CS-XU10AKP / CU-XU10AKP,Inverter,712.8,9720.0,5.61,5,2081.38,3006969.69,824 230273,,,430,PT TUV Rheinland Indonesia,True,0,0,0,0,0,0,0,13.636363636363637,1 PK,5.61,1444.7000019218017,8.026363636363637,Tidak Ada Data,0,Sedang-Kurang Efisien
Panasonic,CS-XU13AKP / CU-XU13AKP,CS-XU13AKP / CU-XU13AKP,Inverter,925.7,12500.0,6.23,5,2703.04,3905081.89,824 230273,,,431,PT TUV Rheinland Indonesia,True,0,0,0,0,0,0,0,13.50329480393216,1.5 PK,6.23,1444.7000007399076,7.273294803932158,Tidak Ada Data,0,Sedang-Kurang Efisien
Panasonic,CS-XU18AKP / CU-XU18AKP,CS-XU18AKP / CU-XU18AKP,Inverter,1261.0,18100.0,6.7,5,3682.12,5319558.76,824 230273,,,432,PT TUV Rheinland Indonesia,True,0,0,0,0,0,0,0,14.35368754956384,2 PK,6.7,1444.699998913669,7.653687549563839,Tidak Ada Data,3,Besar-Kurang Efisien
Panasonic,CS-XU24AKP / CU-XU24AKP,CS-XU24AKP / CU-XU24AKP,Inverter,1683.2,21300.0,5.99,5,4914.94,7100619.6,824 230273,,,433,PT TUV Rheinland Indonesia,True,0,0,0,0,0,0,0,12.654467680608365,2.5 PK,5.99,1444.7011764131405,6.6644676806083645,Tidak Ada Data,3,Besar-Kurang Efisien
Sharp,AH-X8BEY / AU-X8BEY ; AH-XP8BMY / AU-X8BMY,AH-X8BEY / AU-X8BEY ; AH-XP8BMY / AU-X8BMY,Inverter,573.2,7000.0,5.13,5,1673.74,2418052.18,824 230289,,,434,PT TUV Rheinland Indonesia,False,0,0,0,0,0,0,0,12.212142358688066,1 PK,5.13,1444.7000011949287,7.082142358688066,Tidak Ada Data,0,Sedang-Kurang Efisien
AQUA,AQA-KRV9ANQC / AQA-CRV9ANQC; AQA-KR9VQC / AQA-CR9VQC; AQA-KRV9VRA / AQA-CRV9VRA,AQA-KRV9ANQC / AQA-CRV9ANQC; AQA-KR9VQC / AQA-CR9VQC; AQA-KRV9VRA / AQA-CRV9VRA,Inverter,898.0,9100.0,4.4,4,2622.16,3788234.55,824 230261,,,435,PT TUV Rheinland Indonesia,True,0,0,0,0,0,0,0,10.133630289532292,1 PK,4.4,1444.69999923727,5.733630289532293,Tidak Ada Data,0,Sedang-Kurang Efisien
AQUA,AQA-KRV12ANQC / AQA-CRV12ANQC; AQA-KR12VQC / AQA-CR12VQC; AQA-KRV12VRA / AQA-CRV12VRA,AQA-KRV12ANQC / AQA-CRV12ANQC; AQA-KR12VQC / AQA-CR12VQC; AQA-KRV12VRA / AQA-CRV12VRA,Inverter,1221.3,12500.0,4.75,4,3566.2,5152083.36,824 230261,,,436,PT TUV Rheinland Indonesia,True,0,0,0,0,0,0,0,10.234995496601982,1.5 PK,4.75,1444.6983792271888,5.484995496601982,Tidak Ada Data,0,Sedang-Kurang Efisien
AQUA,AQA-KRV18ANQC / AQA-CRV18ANQC; AQA-KR18VQC / AQA-CR18VQC; AQA-KRV18VRA / AQA-CRV18VRA,AQA-KRV18ANQC / AQA-CRV18ANQC; AQA-KR18VQC / AQA-CR18VQC; AQA-KRV18VRA / AQA-CRV18VRA,Inverter,1722.3,19000.0,4.65,4,5029.12,7265563.89,824 230261,,,437,PT TUV Rheinland Indonesia,True,0,0,0,0,0,0,0,11.031759856006504,2.5 PK,4.65,1444.6988518866124,6.381759856006504,Tidak Ada Data,3,Besar-Kurang Efisien
Midea,MSIAF-09CRDN2X(I) / MSIAF-09CRDN2X(O),MSIAF-09CRDN2X(I) / MSIAF-09CRDN2X(O),Inverter,853.3,9000.0,4.68,4,4269.97,6168825.66,054/LSP/QI/06.1-XII/2023,,,438,PT Qualis Indonesia,False,0,0,0,0,0,0,0,10.547287003398573,1 PK,4.68,1444.7000002341936,5.867287003398571,Tidak Ada Data,0,Sedang-Kurang Efisien
Sharp,(Indoor) : AH-XP6YHY (Outdoor) : AU-X6YHY,(Indoor) : AH-XP6YHY (Outdoor) : AU-X6YHY,Inverter,393.8,5000.0,4.89,4,1149.9,0.0,824 240011,,,439,PT TUV Rheinland Indonesia,True,0,0,0,0,0,1,0,12.696800406297612,0.5 PK,4.89,0.0,7.806800406297612,Tidak Ada Data,0,Sedang-Kurang Efisien
Sharp,(Indoor) : AH-XP10YHY (Outdoor) : AU-X10YHY,(Indoor) : AH-XP10YHY (Outdoor) : AU-X10YHY,Inverter,833.1,9000.0,4.82,4,2432.65,0.0,824 240011,,,440,PT TUV Rheinland Indonesia,True,0,0,0,0,0,1,0,10.803024846957149,1 PK,4.82,0.0,5.9830248469571465,Tidak Ada Data,0,Sedang-Kurang Efisien
Sharp,(Indoor) : AH-XP13YHY (Outdoor) : AU-X13YHY,(Indoor) : AH-XP13YHY (Outdoor) : AU-X13YHY,Inverter,1218.7,12000.0,4.53,4,3558.6,0.0,824 240011,,,441,PT TUV Rheinland Indonesia,True,0,0,0,0,0,1,0,9.846557807499794,1.5 PK,4.53,0.0,5.316557807499794,Tidak Ada Data,0,Sedang-Kurang Efisien
AQUA,AQA-KRV5WHQ / AQA-CRV5WHQ; AQA-KR5VQCL / AQA-CR5VQCL; AQA-KR5VRAL / AQA-CR5VRAL,AQA-KRV5WHQ / AQA-CRV5WHQ; AQA-KR5VQCL / AQA-CR5VQCL; AQA-KR5VRAL / AQA-CR5VRAL,Inverter,426.4,5000.0,4.21,4,264.45,382052.36,005/LSP/QI/06.1-II/2024,,,442,PT Qualis Indonesia,False,0,0,0,0,0,0,0,11.726078799249532,0.5 PK,4.21,1444.7054641709208,7.516078799249532,Tidak Ada Data,0,Sedang-Kurang Efisien
AQUA,AQAKRV5ANQC / AQACRV5ANQC; AQA-KR5VQC / AQA-CR5VQC ; AQA-KR5VRA / AQA-CR5VRA,AQAKRV5ANQC / AQACRV5ANQC; AQA-KR5VQC / AQA-CR5VQC ; AQA-KR5VRA / AQA-CR5VRA,Inverter,419.8,5000.0,4.37,4,122.58,0.0,824 240023,,,443,PT TUV Rheinland Indonesia,True,0,0,0,0,0,1,0,11.910433539780849,0.5 PK,4.37,0.0,7.540433539780847,Tidak Ada Data,0,Sedang-Kurang Efisien
AQUA,AQAKRV5ANQC / AQACRV5ANQC; AQA-KR5VQC / AQA-CR5VQC ; AQA-KR5VRA / AQA-CR5VRA,AQAKRV5ANQC / AQACRV5ANQC; AQA-KR5VQC / AQA-CR5VQC ; AQA-KR5VRA / AQA-CR5VRA,Inverter,419.8,5000.0,4.37,4,122.58,0.0,824 240023,,,444,PT TUV Rheinland Indonesia,True,0,0,0,0,0,1,0,11.910433539780849,0.5 PK,4.37,0.0,7.540433539780847,Tidak Ada Data,0,Sedang-Kurang Efisien
AQUA,AQA-KRV10VSW / AQA-CRV10VSW,AQA-KRV10VSW / AQA-CRV10VSW,Inverter,741.9,9200.0,5.4,5,21663.48,0.0,824 240037,,,445,PT TUV Rheinland Indonesia,True,0,0,1,0,0,1,0,12.400593071842566,1 PK,5.4,0.0,7.000593071842566,Tidak Ada Data,0,Sedang-Kurang Efisien
AQUA,AQA-KR19,AQA-KR19VSW / AQA-CR19VSW AQA-KRV19WXW / AQACRV19WXW,Inverter,1427.9,19000.0,6.23,5,4169.47,0.0,824 240037,,,446,PT TUV Rheinland Indonesia,True,0,0,0,0,0,1,0,13.306253939351494,2.5 PK,6.23,0.0,7.076253939351494,Tidak Ada Data,3,Besar-Kurang Efisien
Midea,MSIAF-05CRDN2X (I) / MSIAF-05CRDN2X (O),MSIAF-05CRDN2X (I) / MSIAF-05CRDN2X (O),Inverter,393.8,5000.0,4.49,4,249.29,360150.71,008/LSP/QI/06.1-III/2024,,,447,PT Qualis Indonesia,True,0,0,0,0,0,0,0,12.696800406297612,0.5 PK,4.49,1444.7058044847367,8.206800406297612,Tidak Ada Data,0,Sedang-Kurang Efisien
Midea,MSIAF-09CRDN2X (I) / MSIAF-09CRDN2X (O),MSIAF-09CRDN2X (I) / MSIAF-09CRDN2X (O),Inverter,848.9,9000.0,4.4,4,417.23,602776.52,008/LSP/QI/06.1-III/2024,,,448,PT Qualis Indonesia,True,0,0,0,0,0,0,0,10.60195547178702,1 PK,4.4,1444.7103995398222,6.201955471787018,Tidak Ada Data,0,Sedang-Kurang Efisien
Samsung,AR12AYHLAWKNSE / AR12AYHLAWKXSE,AR12AYHLAWKNSE / AR12AYHLAWKXSE,Inverter,1329.6,12000.0,4.33,4,3882.43,0.0,824 230071,,,449,PT TUV Rheinland Indonesia,True,0,0,0,0,0,1,0,9.025270758122744,1.5 PK,4.33,0.0,4.695270758122744,Tidak Ada Data,0,Sedang-Kurang Efisien
Samsung,AR18AYHLAWKNSE / AR18AYHLAWKXSE,AR18AYHLAWKNSE / AR18AYHLAWKXSE,Inverter,1979.3,18000.0,4.52,4,5779.56,0.0,824 230071,,,450,PT TUV Rheinland Indonesia,True,0,0,0,0,0,1,0,9.094124185318044,2 PK,4.52,0.0,4.574124185318043,Tidak Ada Data,3,Besar-Kurang Efisien
Panasonic,"CS/CU-RU5AKJ,  CS/CU-PU5AKJ,  CS/CU-QU5AKJ.","CS/CU-RU5AKJ,  CS/CU-PU5AKJ,  CS/CU-QU5AKJ.",Inverter,428.2,5367.0,4.63,4,1250.3,1806308.41,PCS 00017.04.06.HE,2024-04-02,2028-04-01,451,PT Sucofindo (Persero),True,0,0,0,0,0,0,0,12.533862680990191,0.5 PK,4.63,1444.7,7.903862680990192,Aktif,0,Sedang-Kurang Efisien
Panasonic,"CS/CU-RU7AKJ,  CS/CU-PU7AKJ,  CS/CU-QU7AKJ.","CS/CU-RU7AKJ,  CS/CU-PU7AKJ,  CS/CU-QU7AKJ.",Inverter,527.5,6630.5,4.77,4,1540.3,2225271.41,PCS 00017.04.06.HE,2024-04-02,2028-04-01,452,PT Sucofindo (Persero),True,0,0,0,0,0,0,0,12.569668246445495,1 PK,4.77,1444.7,7.799668246445497,Aktif,0,Sedang-Kurang Efisien
Panasonic,"CS/CU-RU9AKJ,  CS/CU-PU9AKJ,  CS/CU-PU9AKJ-1,  CS/CU-QU9AKJ.","CS/CU-RU9AKJ,  CS/CU-PU9AKJ,  CS/CU-PU9AKJ-1,  CS/CU-QU9AKJ.",Inverter,677.0,8041.0,4.77,4,1976.8,2855882.96,PCS 00017.04.06.HE,2024-04-02,2028-04-01,453,PT Sucofindo (Persero),True,0,0,0,0,0,0,0,11.877400295420976,1 PK,4.77,1444.7,7.107400295420975,Aktif,0,Sedang-Kurang Efisien
Panasonic,"CS/CU-RU12AKJ,  CS/CU-PU12AKJ,  CS/CU-PU12AKJ-1,  CS/CU-QU12AKJ.","CS/CU-RU12AKJ,  CS/CU-PU12AKJ,  CS/CU-PU12AKJ-1,  CS/CU-QU12AKJ.",Inverter,951.2,11283.0,5.12,4,2777.5,4012654.25,PCS 00017.04.06.HE,2024-04-02,2028-04-01,454,PT Sucofindo (Persero),True,0,0,0,0,0,0,0,11.861858704793944,1.5 PK,5.12,1444.7,6.741858704793944,Aktif,0,Sedang-Kurang Efisien
LG,E06SV5 NWAC / E06SV5 UWAC,E06SV5 NWAC / E06SV5 UWAC,Inverter,489.5,6000.0,4.7,4,1429.34,2064967.5,824 240082,2024-06-04,2028-06-03,455,PT TUV Rheinland Indonesia,True,0,0,0,0,0,0,0,12.257405515832485,1 PK,4.7,1444.7000013992472,7.557405515832483,Aktif,0,Sedang-Kurang Efisien
LG,E10SV5 NWAC / E10SV5 UWAC,E10SV5 NWAC / E10SV5 UWAC,Inverter,922.4,9200.0,4.41,4,2693.41,3891166.54,824 240082,2024-06-04,2028-06-03,456,PT TUV Rheinland Indonesia,True,0,0,0,0,0,0,0,9.97398091934085,1 PK,4.41,1444.6989281245708,5.56398091934085,Aktif,0,Sedang-Kurang Efisien
Panasonic,CS/CU-XU10XKP,CS/CU-XU10XKP,Inverter,796.1,9720.0,5.3,5,2324.61,3358366.96,824 240141,2024-07-05,2028-07-04,457,PT TUV Rheinland Indonesia,True,0,0,0,0,0,0,0,12.209521416907425,1 PK,5.3,1444.7012445098317,6.909521416907423,Aktif,0,Sedang-Kurang Efisien
Panasonic,CS/CU-XU13XKP,CS/CU-XU13XKP,Inverter,966.8,12500.0,6.14,5,2823.06,4078469.0,824 240141,2024-07-05,2028-07-04,458,PT TUV Rheinland Indonesia,True,0,0,0,0,0,0,0,12.9292511377741,1.5 PK,6.14,1444.6979518678313,6.789251137774101,Aktif,0,Sedang-Kurang Efisien
Panasonic,CS/CU-XU18XKP,CS/CU-XU18XKP,Inverter,1270.4,18100.0,6.75,5,3709.57,5359212.89,824 240141,2024-07-05,2028-07-04,459,PT TUV Rheinland Indonesia,True,0,0,0,0,0,0,0,14.24748110831234,2 PK,6.75,1444.6992212035357,7.497481108312341,Aktif,3,Besar-Kurang Efisien
Panasonic,CS/CU-XU24XKP,CS/CU-XU24XKP,Inverter,1695.3,21300.0,6.04,5,4950.28,7151663.74,824 240141,2024-07-05,2028-07-04,460,PT TUV Rheinland Indonesia,True,0,0,0,0,0,0,0,12.56414793841798,2.5 PK,6.04,1444.698833197314,6.52414793841798,Aktif,3,Besar-Kurang Efisien
Mitsubishi Heavy Industries,SRK13YYP-W3 / SRC13YYP-W3,SRK13YYP-W3 / SRC13YYP-W3,Inverter,1196.0,12253.0,5.34,5,3492.32,5045354.7, 16/06.06.06/1A/24/LSPro/V/2024,2024-05-27,2028-05-26,461,Balai Standardisasi dan Pelayanan Jasa Industri (BSPJI) Surabaya,True,0,0,0,0,0,0,0,10.244983277591974,1.5 PK,5.34,1444.6999988546297,4.904983277591974,Aktif,0,Sedang-Kurang Efisien
Mitsubishi Heavy Industries,SRK18YYP-W3 / SRC18YYP-W3,SRK18YYP-W3 / SRC18YYP-W3,Inverter,1718.4,16544.0,4.86,4,5017.73,7249114.53,16/06.06.06/1A/24/LSPro/V/2024,2024-05-27,2028-05-26,462,Balai Standardisasi dan Pelayanan Jasa Industri (BSPJI) Surabaya,True,0,0,0,0,0,0,0,9.627560521415267,2 PK,4.86,1444.6999998007068,4.767560521415269,Aktif,3,Besar-Kurang Efisien
Mitsubishi Heavy Industries,SRK10YYP-W3 / SRC10YYP-W3,SRK10YYP-W3 / SRC10YYP-W3,Inverter,860.3,9909.88,5.6,5,2512.08,3629201.98,16/06.06.06/1A/24/LSPro/V/2024,2024-05-27,2028-05-26,463,Balai Standardisasi dan Pelayanan Jasa Industri (BSPJI) Surabaya,True,0,0,0,0,0,0,0,11.51909798907358,1.5 PK,5.6,1444.700001592306,5.919097989073579,Aktif,0,Sedang-Kurang Efisien
Mitsubishi Heavy Industries,SRK18YYM-W3 / SRC18YYM-W3,SRK18YYM-W3 / SRC18YYM-W3,Inverter,1640.8,19041.46,6.37,5,4791.14,6921759.96, 16/06.06.06/1A/24/LSPro/V/2024,2024-05-27,2028-05-26,464,Balai Standardisasi dan Pelayanan Jasa Industri (BSPJI) Surabaya,True,0,0,0,0,0,0,0,11.604985372988786,2.5 PK,6.37,1444.700000417437,5.234985372988786,Aktif,3,Besar-Kurang Efisien
Mitsubishi Heavy Industries,SRK24YYM-W3 / SRC24YYM-W3,SRK24YYM-W3 / SRC24YYM-W3,Inverter,2417.0,25196.96,6.09,5,7057.64,10196172.51,16/06.06.06/1A/24/LSPro/V/2024,2024-05-27,2028-05-26,465,Balai Standardisasi dan Pelayanan Jasa Industri (BSPJI) Surabaya,True,0,0,1,1,0,0,0,10.424890359950352,3+ PK,6.09,1444.7000002833809,4.334890359950352,Aktif,3,Besar-Kurang Efisien
Mitsubishi Heavy Industries,SRK10YYM-W3 / SRC10YYM-W3,SRK10YYM-W3 / SRC10YYM-W3,Inverter,721.4,10289.65,6.71,5,21.06,30425.38,16/06.06.06/1A/24/LSPro/V/2024,2024-05-27,2028-05-26,466,Balai Standardisasi dan Pelayanan Jasa Industri (BSPJI) Surabaya,True,0,0,0,0,0,0,0,14.26344607707236,1.5 PK,6.71,1444.6999050332386,7.553446077072359,Aktif,0,Sedang-Kurang Efisien
Mitsubishi Heavy Industries,SRK13YYM-W3 / SRC13YYM-W3,SRK13YYM-W3 / SRC13YYM-W3,Inverter,1252.5,13195.78,6.17,5,3657.3,5283701.31,16/06.06.06/1A/24/LSPro/V/2024,2024-05-27,2028-05-26,467,Balai Standardisasi dan Pelayanan Jasa Industri (BSPJI) Surabaya,True,0,0,0,0,0,0,0,10.535552894211577,1.5 PK,6.17,1444.6999999999998,4.365552894211577,Aktif,0,Sedang-Kurang Efisien
TCL,TAC-12,"Indoor unit: TAC‐12CSD/TPHI‐ID, TAC‐12CSD/TPHI1‐ID, TAC‐12CSD/TPHI2‐ID, TAC-12CSD/TPHI2 Pro-ID ; Outdoor Unit: TAC-12CSD/TPHI‐OD, TAC‐12CSD/TPHI1‐OD, TAC‐12CSD/TPHI2‐OD, TAC-12CSD/TPHI2 Pro-OD",Inverter,1101.1,12000.0,5.28,5,3215.21,4645016.78,824 240145,2028-07-09,2024-07-10,468,PT TUV Rheinland Indonesia,True,0,0,0,0,0,0,0,10.898192716374536,1.5 PK,5.28,1444.700899785706,5.618192716374534,Kedaluwarsa,0,Sedang-Kurang Efisien
TCL,TAC18,"Indoor unit : TAC‐18CSD/TPHI‐ID, TAC‐18CSD/TPHI1‐ID, TAC‐18CSD/TPHI2‐ID, TAC-18CSD/TPHI2 Pro-ID ; Outdoor Unit : TAC-18CSD/TPHI‐OD, TAC‐18CSD/TPHI1‐OD, TAC‐18CSD/TPHI2‐OD, TAC-18CSD/TPHI2 Pro-OD",Inverter,1824.2,18000.0,5.48,5,5326.66,7695431.48,824 240145,2024-07-10,2028-07-09,469,PT TUV Rheinland Indonesia,True,0,0,0,0,0,0,0,9.867339107553995,2 PK,5.48,1444.7010847322713,4.387339107553995,Aktif,3,Besar-Kurang Efisien
Sharp,AH-XP13,AH-XP13BMY / AU-X13BMY ; AH-X13BEY / AU-X13BEY,Inverter,1030.0,12000.0,5.01,5,2968.47,4288551.5,824 240178,2024-07-26,2028-07-25,470,PT TUV Rheinland Indonesia,True,0,0,0,0,0,0,0,11.650485436893204,1.5 PK,5.01,1444.7009739023808,6.640485436893204,Aktif,0,Sedang-Kurang Efisien
Sharp,AH-XP13,AH-XP13BMY / AU-X13BMY ; AH-X13BEY / AU-X13BEY,Inverter,1030.0,12000.0,5.01,5,2968.47,4288551.5,824 240178,2024-07-26,2028-07-25,471,PT TUV Rheinland Indonesia,True,0,0,0,0,0,0,0,11.650485436893204,1.5 PK,5.01,1444.7009739023808,6.640485436893204,Aktif,0,Sedang-Kurang Efisien
Panasonic,CS/CU-PU5XKJ,CS/CU-PU5XKJ,Inverter,424.5,5190.0,4.32,4,1239.5,1790705.65,PCS 00017.04.03.HE,2024-07-08,2028-07-07,472,PT Sucofindo (Persero),True,0,0,0,0,0,0,0,12.226148409893993,0.5 PK,4.32,1444.6999999999998,7.906148409893992,Aktif,0,Sedang-Kurang Efisien
Panasonic,CS/CU-PU7XKJ,CS/CU-PU7XKJ,Inverter,526.1,6700.4,4.61,4,1536.2,2219348.14,PCS 00017.04.03.HE,2024-07-08,2028-07-07,473,PT Sucofindo (Persero),True,0,0,0,0,0,0,0,12.735981752518532,1 PK,4.61,1444.7,8.12598175251853,Aktif,0,Sedang-Kurang Efisien
Panasonic,CS/CU-PU9XKJ,CS/CU-PU9XKJ,Inverter,687.9,8202.0,4.73,4,2008.7,2901968.89,PCS 00017.04.03.HE,2024-07-08,2028-07-07,474,PT Sucofindo (Persero),True,0,0,0,0,0,0,0,11.92324465765373,1 PK,4.73,1444.7,7.193244657653729,Aktif,0,Sedang-Kurang Efisien
Panasonic,CS/CU-PU12XKJ,CS/CU-PU12XKJ,Inverter,954.0,11447.6,5.03,5,2785.7,4024500.79,PCS 00017.04.03.HE,2024-07-08,2028-07-07,475,PT Sucofindo (Persero),True,0,0,0,0,0,0,0,11.99958071278826,1.5 PK,5.03,1444.7,6.96958071278826,Aktif,0,Sedang-Kurang Efisien
Panasonic,CS/CU-PU18XKJ,CS/CU-PU18XKJ,Inverter,1362.9,16941.3,5.6,5,3979.7,5749472.59,PCS 00017.04.03.HE,2024-07-08,2028-07-07,476,PT Sucofindo (Persero),True,0,0,0,0,0,0,0,12.43033237948492,2 PK,5.6,1444.7,6.83033237948492,Aktif,3,Besar-Kurang Efisien
Panasonic,CS/CU-PU24XKJ,CS/CU-PU24XKJ,Inverter,1688.3,20300.2,5.52,5,4929.8,7122082.06,PCS 00017.04.03.HE,2024-07-08,2028-07-07,477,PT Sucofindo (Persero),True,0,0,0,0,0,0,0,12.02404785879287,2.5 PK,5.52,1444.6999999999998,6.50404785879287,Aktif,3,Besar-Kurang Efisien
TCL,TAC‐09CSD,"Indoor unit: TAC‐09CSD/TPHI‐ID, TAC‐09CSD/TPHI1‐ID, TAC‐09CSD/TPHI2‐ID, TAC-09CSD/TPHI2 Pro-ID ; Outdoor Unit: TAC-09CSD/TPHI‐OD, TAC-09CSD/TPHI1‐OD, TAC‐09CSD/TPHI2‐OD, TAC-09CSD/TPHI2 Pro-OD",Inverter,812.8,9100.0,5.04,5,2373.38,3428816.31,824 240195,2024-08-20,2028-08-19,478,PT TUV Rheinland Indonesia,False,0,0,0,0,0,0,0,11.195866141732283,1 PK,5.04,1444.6975663399876,6.155866141732283,Aktif,0,Sedang-Kurang Efisien
Honshu,HSWS24DS,HSWS24DS,Inverter,2204.2,24000.0,4.82,4,6436.26,9298470.6,824 240159,2024-08-19,2028-08-18,479,PT TUV Rheinland Indonesia,True,0,0,0,0,0,0,0,10.888304146629164,3+ PK,4.82,1444.7008977263192,6.068304146629163,Aktif,3,Besar-Kurang Efisien
LG,T12EV5 NJAT T12EV5 UJAT,T12EV5 NJAT T12EV5 UJAT,Inverter,1072.0,11000.0,4.96,4,3130.24,4522257.73,824 240172,2024-09-12,2028-09-11,480,PT TUV Rheinland Indonesia,True,0,0,0,0,0,0,0,10.261194029850746,1.5 PK,4.96,1444.700000638929,5.301194029850746,Aktif,0,Sedang-Kurang Efisien
LG,T18EV5 NJAT T18EV5 UJAT,T18EV5 NJAT T18EV5 UJAT,Inverter,1860.4,17000.0,4.69,4,5432.37,7848142.05,824 240172,2024-09-12,2028-09-11,481,PT TUV Rheinland Indonesia,True,0,0,0,0,0,0,0,9.137819823693828,2 PK,4.69,1444.699468187918,4.447819823693828,Aktif,3,Besar-Kurang Efisien
Samsung,AR40F05D0AMNSE AR40F05D0AMXSE,AR40F05D0AMNSE AR40F05D0AMXSE,Inverter,387.8,5000.0,5.41,5,1132.38,1635943.61,824 240215,2024-09-19,2028-09-18,482,PT TUV Rheinland Indonesia,True,0,0,0,0,0,0,0,12.893243940175347,0.5 PK,5.41,1444.6948992387713,7.483243940175347,Aktif,0,Sedang-Kurang Efisien
Samsung,AR40F09D0AMNSE AR40F09D0AMXSE,AR40F09D0AMNSE AR40F09D0AMXSE,Inverter,838.1,9000.0,5.15,5,2447.25,3535544.96,824 240215,2024-09-19,2028-09-18,483,PT TUV Rheinland Indonesia,True,0,0,0,0,0,0,0,10.738575349003698,1 PK,5.15,1444.7011788742466,5.588575349003698,Aktif,0,Sedang-Kurang Efisien
Samsung,AR40F12D0AMNSE AR40F12D0AMXSE,AR40F12D0AMNSE AR40F12D0AMXSE,Inverter,1108.4,11900.0,4.84,4,3236.53,4675812.0,824 240215,2024-09-19,2028-09-18,484,PT TUV Rheinland Indonesia,True,0,0,0,0,0,0,0,10.736196319018404,1.5 PK,4.84,1444.6991067593997,5.896196319018404,Aktif,0,Sedang-Kurang Efisien
Samsung,AR40F18D0AMNSE AR40F18D0AMXSE,AR40F18D0AMNSE AR40F18D0AMXSE,Inverter,1108.4,17800.0,4.62,4,5162.27,7457928.58,824 240215,2024-09-19,2028-09-18,485,PT TUV Rheinland Indonesia,True,0,0,0,0,0,0,0,16.059184409960302,2 PK,4.62,1444.699440362476,11.4391844099603,Aktif,3,Besar-Kurang Efisien
TCL,XAFI2,TAC‐09CSD/ XAFI2‐ID / TAC-09CSD/ XAFI2‐OD,Inverter,909.7,9000.0,4.44,4,2656.32,3837591.28,824 240237,2024-10-11,2028-10-10,486,PT TUV Rheinland Indonesia,True,0,0,0,0,0,0,0,9.89337144113444,1 PK,4.44,1444.7021744368146,5.453371441134439,Aktif,0,Sedang-Kurang Efisien
TCL,XAFI2,TAC‐12CSD/ XAFI2‐ID / TAC-12CSD/ XAFI2‐OD,Inverter,1285.6,12000.0,4.6,4,3753.95,5423334.45,824 240237,2024-10-11,2028-10-10,487,PT TUV Rheinland Indonesia,True,0,0,0,0,0,0,0,9.334163036714376,1.5 PK,4.6,1444.7007685238218,4.734163036714376,Aktif,0,Sedang-Kurang Efisien
TCL,XAFI2,TAC‐18CSD/ XAFI2‐ID / TAC-18CSD/ XAFI2‐OD,Inverter,1946.7,18000.0,4.88,4,5684.36,8212200.67,824 240237,2024-10-11,2028-10-10,488,PT TUV Rheinland Indonesia,True,0,0,0,0,0,0,0,9.246417013407305,2 PK,4.88,1444.7010164732706,4.366417013407305,Aktif,3,Besar-Kurang Efisien
LG,T12EV5 NJAT T12EV5 UJAT,T12EV5 NJAT T12EV5 UJAT,Inverter,1072.0,11000.0,4.96,4,3130.24,4522257.73,824 240173,2024-09-12,2028-09-11,489,PT TUV Rheinland Indonesia,True,0,0,0,0,0,0,0,10.261194029850746,1.5 PK,4.96,1444.700000638929,5.301194029850746,Aktif,0,Sedang-Kurang Efisien
LG,T18EV5 NJAT T18EV5 UJAT,T18EV5 NJAT T18EV5 UJAT,Inverter,1860.4,17000.0,4.69,4,5432.37,7848142.05,824 240173,2024-09-12,2028-09-11,490,PT TUV Rheinland Indonesia,True,0,0,0,0,0,0,0,9.137819823693828,2 PK,4.69,1444.699468187918,4.447819823693828,Aktif,3,Besar-Kurang Efisien
Daikin,FTKE15YV14 / RKE15YV14,FTKE15YV14 / RKE15YV14,Inverter,363.6,5000.0,5.64,5,1061.71,1533855.33,824 240266,2024-10-31,2028-10-30,491,PT TUV Rheinland Indonesia,True,0,0,0,0,0,0,0,13.751375137513753,0.5 PK,5.64,1444.7027248495351,8.11137513751375,Aktif,0,Sedang-Kurang Efisien
Daikin,FTKE20YV14 / RKE20YV14,FTKE20YV14 / RKE20YV14,Inverter,655.5,7000.0,4.9,4,1914.06,2765242.48,824 240266,2024-10-31,2028-10-30,492,PT TUV Rheinland Indonesia,True,0,0,0,0,0,0,0,10.678871090770404,1 PK,4.9,1444.699998955101,5.778871090770403,Aktif,0,Sedang-Kurang Efisien
Daikin,FTKE25YV14 / RKE25YV14,FTKE25YV14 / RKE25YV14,Inverter,954.9,9000.0,4.66,4,2788.31,4028268.57,824 240266,2024-10-31,2028-10-30,493,PT TUV Rheinland Indonesia,True,0,0,0,0,0,0,0,9.42507068803016,1 PK,4.66,1444.6989646058007,4.7650706880301605,Aktif,0,Sedang-Kurang Efisien
Daikin,FTKE35YV14 / RKE35YV14,FTKE35YV14 / RKE35YV14,Inverter,1270.5,12300.0,4.77,4,3709.86,5359634.74,824 240266,2024-10-31,2028-10-30,494,PT TUV Rheinland Indonesia,True,0,0,0,0,0,0,0,9.681227863046043,1.5 PK,4.77,1444.6999994608962,4.9112278630460455,Aktif,0,Sedang-Kurang Efisien
Panasonic,"CS/CU-RU18AKJ, CS/CU-PU18AKJ, CS/CU-QU18AKJ, CS/CU-PU18AKJ-1.","CS/CU-RU18AKJ, CS/CU-PU18AKJ, CS/CU-QU18AKJ, CS/CU-PU18AKJ-1.",Inverter,1492.0,17533.0,5.68,5,4356.6,6293980.02,PCS 00017.04.07.HE,2024-05-27,2028-05-26,495,PT Sucofindo (Persero),True,0,0,0,0,0,0,0,11.751340482573726,2 PK,5.68,1444.6999999999998,6.071340482573726,Aktif,3,Besar-Kurang Efisien
Panasonic,"CS/CU-RU24AKJ, CS/CU-PU24AKJ, CS/CU-QU24AKJ, CS/CU-PU24AKJ-1.","CS/CU-RU24AKJ, CS/CU-PU24AKJ, CS/CU-QU24AKJ, CS/CU-PU24AKJ-1.",Inverter,1743.2,20766.0,5.32,5,5090.1,7353667.47,PCS 00017.04.07.HE,2027-05-27,2028-05-26,496,PT Sucofindo (Persero),True,0,0,0,0,0,0,0,11.912574575493345,2.5 PK,5.32,1444.6999999999998,6.5925745754933445,Aktif,3,Besar-Kurang Efisien
AC MU,GTS09IW1 / GTS09IW1,GTS09IW1 / GTS09IW1,Inverter,661.9,9013.38,5.37,5,1932.75,2792241.04,"8764,796/23.120/VI/2024",2024-06-24,2028-06-23,497,Balai Besar Standardisasi dan Pelayanan Jasa Industri Bahan dan Barang Teknik (BBSPJIBBT),False,0,0,0,0,0,0,0,13.617434657803292,1 PK,5.37,1444.6985073082396,8.247434657803293,Aktif,0,Sedang-Kurang Efisien
AC MU,GTS12IW1 / GTS12IW1,GTS12IW1 / GTS12IW1,Inverter,1065.6,11396.1,5.19,5,3111.52,4495212.94,8764.796/23.120/VI/2024,2024-06-24,2028-06-23,498,Balai Besar Standardisasi dan Pelayanan Jasa Industri Bahan dan Barang Teknik (BBSPJIBBT),False,0,0,0,0,0,0,0,10.694538288288287,1.5 PK,5.19,1444.6999987144548,5.5045382882882885,Aktif,0,Sedang-Kurang Efisien
AC MU,GTS18IW1 / GTS18IW1,GTS18IW1 / GTS18IW1,Inverter,1860.9,20161.05,5.53,5,5433.83,7850251.31,9032.796/23.120/IX/2024,2024-09-17,2028-09-16,499,Balai Besar Standardisasi dan Pelayanan Jasa Industri Bahan dan Barang Teknik (BBSPJIBBT),False,0,0,0,0,0,0,0,10.83403192003869,2.5 PK,5.53,1444.6994679627444,5.30403192003869,Aktif,3,Besar-Kurang Efisien
ALUFT,GTS18IW1 / GTS18IW1,GTS18IW1 / GTS18IW1,Inverter,1860.9,20161.05,5.53,5,5433.83,7850251.31,8765.796/23.120/VI/2024,2024-06-24,2028-06-23,500,Balai Besar Standardisasi dan Pelayanan Jasa Industri Bahan dan Barang Teknik (BBSPJIBBT),True,0,0,0,0,0,0,0,10.83403192003869,2.5 PK,5.53,1444.6994679627444,5.30403192003869,Aktif,3,Besar-Kurang Efisien
ALUFT,GTS12IW1 / GTS12IW1,GTS12IW1 / GTS12IW1,Inverter,1065.6,11396.01,5.19,5,3111.55,4495259.17,8765.796/23.120/VI/2024,2024-06-24,2028-06-23,501,Balai Besar Standardisasi dan Pelayanan Jasa Industri Bahan dan Barang Teknik (BBSPJIBBT),True,0,0,0,0,0,0,0,10.69445382882883,1.5 PK,5.19,1444.7009271906284,5.50445382882883,Aktif,0,Sedang-Kurang Efisien
ALUFT,GTS09IW1 / GTS09IW1,GTS09IW1 / GTS09IW1,Inverter,661.9,9013.38,5.27,5,1932.75,2792241.04,8765.796/23.120/VI/2024,2024-06-24,2028-06-23,502,Balai Besar Standardisasi dan Pelayanan Jasa Industri Bahan dan Barang Teknik (BBSPJIBBT),True,0,0,0,0,0,0,0,13.617434657803292,1 PK,5.27,1444.6985073082396,8.347434657803293,Aktif,0,Sedang-Kurang Efisien
HISENSE,AI06KCG,AI06KCG,Inverter,431.2,6092.89,5.67,5,1259.1,1819027.55,7489.796/23.120/IV/2023,2023-04-11,2027-04-10,503,Balai Besar Standardisasi dan Pelayanan Jasa Industri Bahan dan Barang Teknik (BBSPJIBBT),True,0,0,0,0,0,0,0,14.130078849721707,1 PK,5.67,1444.7045905805735,8.460078849721707,Aktif,0,Sedang-Kurang Efisien
HISENSE,AI09KCG,AI09KCG,Inverter,852.1,10055.72,5.04,5,2488.13,3594604.3,7489.796/23.120/IV/2023,2023-04-11,2027-04-10,504,Balai Besar Standardisasi dan Pelayanan Jasa Industri Bahan dan Barang Teknik (BBSPJIBBT),True,0,0,0,0,0,0,0,11.801103156906466,1.5 PK,5.04,1444.7011611129642,6.761103156906466,Aktif,0,Sedang-Kurang Efisien
HISENSE,AI12KCG,AI12KCG,Inverter,1335.9,12525.22,4.85,4,3900.83,5635526.21,7489.796/23.120/IV/2023,2023-04-11,2027-04-10,505,Balai Besar Standardisasi dan Pelayanan Jasa Industri Bahan dan Barang Teknik (BBSPJIBBT),True,0,0,0,0,0,0,0,9.375866457070138,1.5 PK,4.85,1444.6992588756752,4.525866457070139,Aktif,3,Besar-Kurang Efisien
HISENSE,AI18KCG,AI18KCG,Inverter,1624.5,17896.65,5.09,5,4743.54,6852992.24,7489.796/23.120/IV/2023,2023-04-11,2027-04-10,506,Balai Besar Standardisasi dan Pelayanan Jasa Industri Bahan dan Barang Teknik (BBSPJIBBT),True,0,0,0,0,0,0,0,11.016712834718376,2 PK,5.09,1444.700000421626,5.926712834718376,Aktif,3,Besar-Kurang Efisien
MIJIA,ASC-09WO/N1C5-ID (Indoor : ASC-09W/N1C5-ID) (Outdoor : ASC-09O/N1C5-ID),ASC-09WO/N1C5-ID (Indoor : ASC-09W/N1C5-ID) (Outdoor : ASC-09O/N1C5-ID),Inverter,630.0,9000.0,5.74,5,338.37,488841.69,001/LSP/QI/06.1-I/2025,2025-01-15,2029-01-14,507,PT Qualis Indonesia,False,0,0,0,0,0,0,0,14.285714285714286,1 PK,5.74,1444.6957177054703,8.545714285714286,Aktif,0,Sedang-Kurang Efisien
Akari,A-09T55Vi (Indoor) ; A-09T55VK (Outdoor),A-09T55Vi (Indoor) ; A-09T55VK (Outdoor),Inverter,910.0,9300.0,4.53,4,2657.2,3838856.84,824 250020,2025-01-22,2029-01-21,508,PT TUV Rheinland Indonesia,True,0,0,0,0,0,0,0,10.21978021978022,1 PK,4.53,1444.7,5.689780219780219,Aktif,0,Sedang-Kurang Efisien
Akari,A-12T55Vi (Indoor) : A-12T55Vk (Outdoor),A-12T55Vi (Indoor) : A-12T55Vk (Outdoor),Inverter,1528.4,12950.0,4.56,4,4462.93,6447592.08,824 250020,2025-01-22,2029-01-21,509,PT TUV Rheinland Indonesia,True,0,0,0,0,0,0,0,8.472912850039256,1.5 PK,4.56,1444.6993522192818,3.912912850039256,Aktif,3,Besar-Kurang Efisien
Akari,A-18T55Vi (Indoor) : A-18T55Vk (Outdoor),A-18T55Vi (Indoor) : A-18T55Vk (Outdoor),Inverter,1687.3,18200.0,4.96,4,4926.92,7117915.55,824 250020,2025-01-22,2029-01-21,510,PT TUV Rheinland Indonesia,True,0,0,0,0,0,0,0,10.786463580868844,2 PK,4.96,1444.6988280710868,5.826463580868844,Aktif,3,Besar-Kurang Efisien
TCL,TAC-09CSD/TPHI(I) / TAC-09CSD/TPHI(O) ; TAC-09CSD/TPHI Pro(I) / TAC-09CSD/TPHI Pro(O),TAC-09CSD/TPHI(I) / TAC-09CSD/TPHI(O) ; TAC-09CSD/TPHI Pro(I) / TAC-09CSD/TPHI Pro(O),Inverter,819.1,9100.0,4.83,4,2391.77,3455393.01,824 250022,2025-01-30,2029-01-29,511,PT TUV Rheinland Indonesia,False,0,0,0,0,0,0,0,11.109754608716884,1 PK,4.83,1444.701208728264,6.279754608716884,Aktif,0,Sedang-Kurang Efisien
TCL,TAC 09CSD/ XAFI(I) / TAC-09CSD/ XAFI(O),TAC 09CSD/ XAFI(I) / TAC-09CSD/ XAFI(O),Inverter,926.6,9000.0,4.49,4,2705.67,3908884.34,824 240334,2025-01-03,2029-01-02,512,PT TUV Rheinland Indonesia,True,0,0,0,0,0,0,0,9.712928987696955,1 PK,4.49,1444.701068496897,5.222928987696957,Aktif,0,Sedang-Kurang Efisien
TCL,TAC 12CSD/ XAFI(I) / TAC-12CSD/ XAFI(O),TAC 12CSD/ XAFI(I) / TAC-12CSD/ XAFI(O),Inverter,1559.9,12000.0,4.39,4,4554.91,6580475.59,824 240334,2025-01-03,2029-01-02,513,PT TUV Rheinland Indonesia,True,0,0,0,0,0,0,0,7.69280082056542,1.5 PK,4.39,1444.6993661784757,3.3028008205654205,Aktif,3,Besar-Kurang Efisien
TCL,TAC 18CSD/ XAFI(I) / TAC-18CSD/ XAFI(O),TAC 18CSD/ XAFI(I) / TAC-18CSD/ XAFI(O),Inverter,1999.5,18000.0,4.91,4,5838.54,8434938.74,824 240334,2025-01-03,2029-01-02,514,PT TUV Rheinland Indonesia,True,0,0,0,0,0,0,0,9.00225056264066,2 PK,4.91,1444.7000003425514,4.092250562640659,Aktif,3,Besar-Kurang Efisien
TCL,TAC-12CSD/ TPHI(I)/ TAC-12CSD/ TPHI(O) ; TAC-12CSD/ TPHI Pro(I) / TAC-12CSD/ TPHI Pro(O),TAC-12CSD/ TPHI(I)/ TAC-12CSD/ TPHI(O) ; TAC-12CSD/ TPHI Pro(I) / TAC-12CSD/ TPHI Pro(O),Inverter,1090.5,12000.0,5.24,5,3184.26,4600300.42,824 240334,2025-01-03,2029-01-02,515,PT TUV Rheinland Indonesia,True,0,0,0,0,0,0,0,11.004126547455297,1.5 PK,5.24,1444.6999993719105,5.764126547455296,Aktif,0,Sedang-Kurang Efisien
TCL,TAC-18CSD/ TPHI(I)/ TAC-18CSD/ TPHI(O) ; TAC-18CSD/ TPHI Pro(I) / TAC-18CSD/ TPHI Pro(O),TAC-18CSD/ TPHI(I)/ TAC-18CSD/ TPHI(O) ; TAC-18CSD/ TPHI Pro(I) / TAC-18CSD/ TPHI Pro(O),Inverter,1874.7,18000.0,5.34,5,5474.12,7908466.94,824 240334,2025-01-03,2029-01-02,516,PT TUV Rheinland Indonesia,True,0,0,0,0,0,0,0,9.601536245799329,2 PK,5.34,1444.701055146763,4.261536245799327,Aktif,3,Besar-Kurang Efisien
LG,T05EV5 NWAC / T05EV5 UWAC,T05EV5 NWAC / T05EV5 UWAC,Inverter,415.3,5000.0,3.83,3,1212.68,1751953.02,824 240275,2024-11-11,2028-11-10,517,PT TUV Rheinland Indonesia,False,0,0,0,0,0,0,0,12.039489525644113,0.5 PK,3.83,1444.6952369957448,8.209489525644113,Aktif,0,Sedang-Kurang Efisien
LG,T05EV5 NWAC / T05EV5 UWAC,T05EV5 NWAC / T05EV5 UWAC,Inverter,415.3,5000.0,3.83,3,1212.68,1751953.02,824 240276,2024-11-11,2028-11-10,518,PT TUV Rheinland Indonesia,False,0,0,0,0,0,0,0,12.039489525644113,0.5 PK,3.83,1444.6952369957448,8.209489525644113,Aktif,0,Sedang-Kurang Efisien
Midea,MSCE-10CRFN8-ID / MSCE-10CRFN8-OD,MSCE-10CRFN8-ID / MSCE-10CRFN8-OD,Inverter,983.2,9000.0,4.25,4,476.62,688566.7,015/LSP/QI/06.1-III/2025,2025-03-05,2029-03-04,519,PT Qualis Indonesia,True,0,0,0,0,0,0,0,9.153783563873066,1 PK,4.25,1444.6869623599512,4.903783563873066,Aktif,0,Sedang-Kurang Efisien
Midea,MSCE-13CRFN8-ID / MSCE-13CRFN8-OD,MSCE-13CRFN8-ID / MSCE-13CRFN8-OD,Inverter,1279.9,12000.0,5.29,5,479.96,693393.59,015/LSP/QI/06.1-III/2025,2025-03-05,2029-03-04,520,PT Qualis Indonesia,True,0,0,0,0,0,0,0,9.375732479099929,1.5 PK,5.29,1444.690370030836,4.085732479099929,Aktif,0,Sedang-Kurang Efisien
Panasonic,CS/CU-YU5BKJ,CS/CU-YU5BKJ,Inverter,431.0,5530.5,4.64,4,1258.5,1818154.95,PCS 00017.04.08.HE,2025-03-13,2029-03-12,521,PT Sucofindo (Persero),True,0,0,0,0,0,0,0,12.831786542923432,1 PK,4.64,1444.7,8.191786542923435,Aktif,0,Sedang-Kurang Efisien
Panasonic,CS/CU-YU7BKJ,CS/CU-YU7BKJ,Inverter,535.7,6704.9,4.89,4,1564.2,2259799.74,PCS 00017.04.08.HE,2025-03-13,2029-03-12,522,PT Sucofindo (Persero),True,0,0,0,0,0,0,0,12.516147097255924,1 PK,4.89,1444.7,7.626147097255925,Aktif,0,Sedang-Kurang Efisien
Panasonic,CS/CU-YU9BKJ,CS/CU-YU9BKJ,Inverter,715.2,8240.5,4.78,4,2088.4,3017111.48,PCS 00017.04.08.HE,2025-03-13,2029-03-12,523,PT Sucofindo (Persero),True,0,0,0,0,0,0,0,11.521951901565997,1 PK,4.78,1444.6999999999998,6.7419519015659946,Aktif,0,Sedang-Kurang Efisien
Gree,GWC-09AIRY/I /  GWC-09AIRY/O,GWC-09AIRY/I /  GWC-09AIRY/O,Inverter,646.4,9900.0,6.23,5,342.22,494408.12,021/LSP/QI/06.1-IV/2025,2025-04-10,2029-04-09,524,PT Qualis Indonesia,True,0,0,0,0,0,0,0,15.31559405940594,1 PK,6.23,1444.708433171644,9.08559405940594,Aktif,0,Sedang-Kurang Efisien
Gree,GWC-12AIRY/I /  GWC-12AIRY/O,GWC-12AIRY/I /  GWC-12AIRY/O,Inverter,907.0,12500.0,5.88,5,445.41,643490.33,021/LSP/QI/06.1-IV/2025,2025-04-10,2029-04-09,525,PT Qualis Indonesia,True,0,0,0,0,0,0,0,13.781697905181918,1.5 PK,5.88,1444.7146000314317,7.901697905181918,Aktif,0,Sedang-Kurang Efisien
Gree,GWC-18AIRY/I /  GWC-18AIRY/O,GWC-18AIRY/I /  GWC-18AIRY/O,Inverter,1413.6,19000.0,6.25,5,665.94,962088.86,021/LSP/QI/06.1-IV/2025,2025-04-10,2029-04-09,526,PT Qualis Indonesia,True,0,0,0,0,0,0,0,13.440860215053764,2.5 PK,6.25,1444.7080217437006,7.190860215053764,Aktif,3,Besar-Kurang Efisien
Gree,GWC-24AIRY/I /  GWC-24AIRY/O,GWC-24AIRY/I /  GWC-24AIRY/O,Inverter,1935.6,24800.0,6.93,5,769.69,1111974.18,021/LSP/QI/06.1-IV/2025,2025-04-10,2029-04-09,527,PT Qualis Indonesia,True,0,0,0,0,0,0,0,12.812564579458568,3+ PK,6.93,1444.7039457443905,5.882564579458567,Aktif,3,Besar-Kurang Efisien
HISENSE,AI09VAGF ; AI09VBGF ; AI09VCGF ; AI10VAGF ; AI10VBGF ; AI10VCGF,AI09VAGF ; AI09VBGF ; AI09VCGF ; AI10VAGF ; AI10VBGF ; AI10VCGF,Inverter,540.0,9200.0,7.51,5,1576.8,2278002.96,824 250125,2025-05-09,2029-05-08,528,PT TUV Rheinland Indonesia,True,0,0,0,0,0,0,0,17.037037037037038,1 PK,7.51,1444.7,9.527037037037038,Aktif,0,Sedang-Kurang Efisien
HISENSE,AI12VAGF ; AI12VBGF ; AI12VCGF ; AI13VAGF ; AI13VBGF ; AI13VCGF,AI12VAGF ; AI12VBGF ; AI12VCGF ; AI13VAGF ; AI13VBGF ; AI13VCGF,Inverter,842.0,12000.0,6.95,5,2458.64,3551997.21,824 250125,2025-05-09,2029-05-08,529,PT TUV Rheinland Indonesia,True,0,0,0,0,0,0,0,14.251781472684083,1.5 PK,6.95,1444.700000813458,7.301781472684085,Aktif,0,Sedang-Kurang Efisien
BEKO,BIVOE 090 (Indoor) ; BIVOE 091 (Outdoor),BIVOE 090 (Indoor) ; BIVOE 091 (Outdoor),Inverter,887.9,9000.0,5.14,5,2592.67,3745627.46,824 250100,2025-05-14,2029-05-13,530,PT TUV Rheinland Indonesia,True,0,0,0,0,0,0,0,10.136276607726096,1 PK,5.14,1444.698885704698,4.996276607726096,Aktif,0,Sedang-Kurang Efisien
BEKO,BIVOE 120 (Indoor) ; BIVOE 121 (Outdoor),BIVOE 120 (Indoor) ; BIVOE 121 (Outdoor),Inverter,1.16,12000.0,4.5,4,33863.24,48922222.83,824 250100,2025-05-14,2029-05-13,531,PT TUV Rheinland Indonesia,True,0,0,1,1,0,0,1,10344.827586206897,1.5 PK,4.5,1444.700000059061,10340.327586206897,Aktif,0,Sedang-Kurang Efisien
Daikin,FTKE50YV14/RKE50YV14,FTKE50YV14/RKE50YV14,Inverter,1648.3,19827.27,5.49,5,4813.04,6953393.11,9711.1253/23.120/V/2025,2025-05-06,2029-05-05,532,Balai Besar Standardisasi dan Pelayanan Jasa Industri Bahan dan Barang Teknik (BBSPJIBBT),True,0,0,0,0,0,0,0,12.028920706182127,2.5 PK,5.49,1444.6987995113277,6.538920706182127,Aktif,3,Besar-Kurang Efisien
Daikin,FTKH20YV14/RKH20YV14,FTKH20YV14/RKH20YV14,Inverter,466.0,8472.69,8.18,5,1360.72,1965832.18,9711.1253/23.120/V/2025,2025-05-06,2029-05-05,533,Balai Besar Standardisasi dan Pelayanan Jasa Industri Bahan dan Barang Teknik (BBSPJIBBT),True,0,0,0,0,0,0,0,18.181738197424895,1 PK,8.18,1444.6999970603797,10.001738197424896,Aktif,2,Sedang-Efisien
Daikin,FTKH25YV14/RKH25YV14,FTKH25YV14/RKH25YV14,Inverter,798.7,11216.39,7.17,5,2332.2,3369335.12,9711.1253/23.120/V/2025,2025-05-06,2029-05-05,534,Balai Besar Standardisasi dan Pelayanan Jasa Industri Bahan dan Barang Teknik (BBSPJIBBT),True,0,0,0,0,0,0,0,14.043307875297357,1.5 PK,7.17,1444.7024783466256,6.873307875297357,Aktif,0,Sedang-Kurang Efisien
Daikin,FTKH35YV14/RKH35YV14,FTKH35YV14/RKH35YV14,Inverter,1105.9,13748.88,5.91,5,3229.23,4665265.69,9711.1253/23.120/V/2025,2025-05-06,2029-05-05,535,Balai Besar Standardisasi dan Pelayanan Jasa Industri Bahan dan Barang Teknik (BBSPJIBBT),True,0,0,0,0,0,0,0,12.43229948458269,1.5 PK,5.91,1444.699104740139,6.522299484582691,Aktif,0,Sedang-Kurang Efisien
Daikin,FTKH50YV14/RKH50YV14,FTKH50YV14/RKH50YV14,Inverter,1817.3,20267.1,5.9,5,5306.52,7666323.67,9711.1253/23.120/V/2025,2025-05-06,2029-05-05,536,Balai Besar Standardisasi dan Pelayanan Jasa Industri Bahan dan Barang Teknik (BBSPJIBBT),True,0,0,0,0,0,0,0,11.15231387222803,2.5 PK,5.9,1444.6989119046002,5.252313872228029,Aktif,3,Besar-Kurang Efisien
Daikin,FTKH60YV14/RKH60YV14,FTKH60YV14/RKH60YV14,Inverter,2164.4,25362.11,6.38,5,6320.05,9130573.35,9711.1253/23.120/V/2025,2025-05-06,2029-05-05,537,Balai Besar Standardisasi dan Pelayanan Jasa Industri Bahan dan Barang Teknik (BBSPJIBBT),True,0,0,0,0,0,0,0,11.717847902420994,3+ PK,6.38,1444.6995435162696,5.337847902420994,Aktif,3,Besar-Kurang Efisien
Sharp,(Indoor) : AH-X6BEY AH-XP6BMY (Outdoor) : AU-X6BEY AU-X6BMY,(Indoor) : AH-X6BEY AH-XP6BMY (Outdoor) : AU-X6BEY AU-X6BMY,Inverter,512.6,6200.0,5.32,5,1357.8,1961613.66,824 230148,2023-05-30,2027-05-29,538,PT TUV Rheinland Indonesia,True,0,0,0,0,0,0,0,12.095200936402652,1 PK,5.32,1444.7,6.775200936402653,Aktif,0,Sedang-Kurang Efisien
Sharp,(Indoor) : AH-X10BEY AH-XP10BMY (Outdoor) : AU-X10BEY AU-X10BMY,(Indoor) : AH-X10BEY AH-XP10BMY (Outdoor) : AU-X10BEY AU-X10BMY,Inverter,752.5,9200.0,5.34,5,2160.8,3121707.76,824 230148,2023-05-30,2027-05-29,539,PT TUV Rheinland Indonesia,True,0,0,0,0,0,0,0,12.22591362126246,1 PK,5.34,1444.6999999999998,6.885913621262459,Aktif,0,Sedang-Kurang Efisien
Midea,MSCE-10CRFN8-ID / MSCE-10CRFN8-OD,MSCE-10CRFN8-ID / MSCE-10CRFN8-OD,Inverter,959.3,9000.0,4.29,4,440.68,636655.02,045/LSP/QI/06.1-VII/2025,2025-07-17,2029-07-06,540,PT Qualis Indonesia,True,0,0,0,0,0,0,0,9.381840925674972,1 PK,4.29,1444.7104928746485,5.091840925674972,Aktif,0,Sedang-Kurang Efisien
Midea,MSCE-13CRFN8-ID / MSCE-13CRFN8-OD,MSCE-13CRFN8-ID / MSCE-13CRFN8-OD,Inverter,1337.5,12000.0,4.82,4,512.91,740995.59,045/LSP/QI/06.1-VII/2025,2025-07-17,2029-07-16,541,PT Qualis Indonesia,True,0,0,0,0,0,0,0,8.97196261682243,1.5 PK,4.82,1444.6893022167633,4.151962616822429,Aktif,0,Sedang-Kurang Efisien
Midea,MSCE-19CRFN8-ID / MSCE-19CRFN8-OD,MSCE-19CRFN8-ID / MSCE-19CRFN8-OD,Inverter,1878.4,18000.0,5.35,5,742.84,1073180.08,045/LSP/QI/06.1-VII/2025,2025-07-17,2029-07-16,542,PT Qualis Indonesia,True,0,0,0,0,0,0,0,9.582623509369675,2 PK,5.35,1444.6988315114966,4.232623509369676,Aktif,3,Besar-Kurang Efisien
Midea,MSCE-25CRFN8-ID / MSCE-25CRFN8-OD,MSCE-25CRFN8-ID / MSCE-25CRFN8-OD,Inverter,797.9,24000.0,4.44,4,1063.23,1536042.46,045/LSP/QI/06.1-VII/2025,2025-07-17,2029-07-16,543,PT Qualis Indonesia,True,0,0,0,0,0,0,0,30.07895726281489,3+ PK,4.44,1444.6944311202656,25.638957262814888,Aktif,3,Besar-Kurang Efisien
COMFEE,CFS-06VGPF / CFS-06VGPC,CFS-06VGPF / CFS-06VGPC,Inverter,434.6,5500.0,4.87,4,234.1,338208.75,042/LSP/QI/06.1-VII/2025,2025-07-11,2029-07-10,544,PT Qualis Indonesia,True,0,0,0,0,0,0,0,12.655315232397609,1 PK,4.87,1444.7191371208885,7.785315232397607,Aktif,0,Sedang-Kurang Efisien
COMFEE,CFS-10VGPF / CFS-10VGPC,CFS-10VGPF / CFS-10VGPC,Inverter,959.3,9000.0,4.29,4,440.68,636655.02,042/LSP/QI/06.1-VII/2025,2025-07-11,2029-07-10,545,PT Qualis Indonesia,True,0,0,0,0,0,0,0,9.381840925674972,1 PK,4.29,1444.7104928746485,5.091840925674972,Aktif,0,Sedang-Kurang Efisien
COMFEE,CFS-13VGPF / CFS-13VGPC,CFS-13VGPF / CFS-13VGPC,Inverter,1309.1,12000.0,4.88,4,512.37,740219.49,042/LSP/QI/06.1-VII/2025,2025-07-11,2029-07-10,546,PT Qualis Indonesia,True,0,0,0,0,0,0,0,9.166603009701324,1.5 PK,4.88,1444.6971719655717,4.286603009701323,Aktif,0,Sedang-Kurang Efisien
Midea,MSCE-06CRFN8-ID / MSCE-06CRFN8-OD,MSCE-06CRFN8-ID / MSCE-06CRFN8-OD,Inverter,434.6,5500.0,4.87,4,234.1,338208.75,043/LSP/QI/06.1-VII/2025,2025-07-11,2029-07-10,547,PT Qualis Indonesia,True,0,0,0,0,0,0,0,12.655315232397609,1 PK,4.87,1444.7191371208885,7.785315232397607,Aktif,0,Sedang-Kurang Efisien
Midea,MSCE-19CRFN8-ID /  MSCE-19CRFN8-OD,MSCE-19CRFN8-ID /  MSCE-19CRFN8-OD,Inverter,1878.4,18000.0,5.35,5,742.84,1073180.08,043/LSP/QI/06.1-VII/2025,2025-07-11,2029-07-10,548,PT Qualis Indonesia,True,0,0,0,0,0,0,0,9.582623509369675,2 PK,5.35,1444.6988315114966,4.232623509369676,Aktif,3,Besar-Kurang Efisien
Midea,MSCE-22CRFN8-ID / MSCE-22CRFN8-OD,MSCE-22CRFN8-ID / MSCE-22CRFN8-OD,Inverter,2262.6,22000.0,4.69,4,902.88,1304389.15,043/LSP/QI/06.1-VII/2025,2025-07-11,2029-07-10,549,PT Qualis Indonesia,True,0,0,0,0,0,0,0,9.723327145761514,2.5 PK,4.69,1444.6982433989012,5.033327145761514,Aktif,3,Besar-Kurang Efisien
Midea,MSCE-25CRFN8-ID /  MSCE-25CRFN8-OD,MSCE-25CRFN8-ID /  MSCE-25CRFN8-OD,Inverter,2526.0,24000.0,4.44,4,1063.23,1536042.46,043/LSP/QI/06.1-VII/2025,2025-07-11,2029-07-10,550,PT Qualis Indonesia,True,0,0,0,0,0,0,0,9.501187648456057,3+ PK,4.44,1444.6944311202656,5.061187648456056,Aktif,3,Besar-Kurang Efisien
AQUA,AQA-KR9VRAL2 / AQA-CR9VRAL2,AQA-KR9VRAL2 / AQA-CR9VRAL2,Inverter,902.7,9800.0,4.67,4,404.99,585082.7,052/LSP/QI/06.1-VII/2025,2025-07-28,2029-07-27,552,PT Qualis Indonesia,True,0,0,0,0,0,0,0,10.856319929101584,1 PK,4.67,1444.684313192918,6.186319929101584,Aktif,0,Sedang-Kurang Efisien
AQUA,AQA-KR12VRAL2 / AQA-CR12VRAL2,AQA-KR12VRAL2 / AQA-CR12VRAL2,Inverter,1226.8,13500.0,5.25,5,524.32,757488.43,052/LSP/QI/06.1-VII/2025,2025-07-28,2029-07-27,553,PT Qualis Indonesia,True,0,0,0,0,0,0,0,11.004238669709814,1.5 PK,5.25,1444.706343454379,5.754238669709814,Aktif,0,Sedang-Kurang Efisien
BESTLIFE,BEST-09 SHC/I / BEST-09 SHC/O; BEST - 09 SHC3/I / BEST - 09 SHC3/O BEST - 09 SHC5/I / BEST - 09 SHC5/O,BEST-09 SHC/I / BEST-09 SHC/O; BEST - 09 SHC3/I / BEST - 09 SHC3/O BEST - 09 SHC5/I / BEST - 09 SHC5/O,Inverter,951.2,9000.0,4.31,4,450.97,651509.28,056/LSP/QI/06.1-VIII/2025,2025-08-07,2029-08-06,554,PT Qualis Indonesia,True,0,0,0,0,0,0,0,9.461732548359963,1 PK,4.31,1444.6843027252366,5.151732548359965,Aktif,0,Sedang-Kurang Efisien
BESTLIFE,BEST-12SHC/I / BEST-12SHC/O; BEST - 12 SHC3/I / BEST - 12 SHC3/O; BEST - 12 SHC5/I / BEST - 12 SHC5/O,BEST-12SHC/I / BEST-12SHC/O; BEST - 12 SHC3/I / BEST - 12 SHC3/O; BEST - 12 SHC5/I / BEST - 12 SHC5/O,Inverter,1282.4,12000.0,4.37,4,556.54,804029.0,056/LSP/QI/06.1-VIII/2025,2025-08-07,2029-08-06,555,PT Qualis Indonesia,True,0,0,0,0,0,0,0,9.357454772301931,1.5 PK,4.37,1444.69220541201,4.987454772301933,Aktif,0,Sedang-Kurang Efisien
BESTLIFE,BEST-18SHC/I / BEST-18SHC/O; BEST - 18 SHC3/I / BEST - 18 SHC3/O; BEST - 18 SHC5/I / BEST - 18 SHC5/O,BEST-18SHC/I / BEST-18SHC/O; BEST - 18 SHC3/I / BEST - 18 SHC3/O; BEST - 18 SHC5/I / BEST - 18 SHC5/O,Inverter,1968.3,18000.0,4.86,4,819.71,1184237.06,056/LSP/QI/06.1-VIII/2025,2025-08-07,2029-08-06,556,PT Qualis Indonesia,True,0,0,0,0,0,0,0,9.144947416552355,2 PK,4.86,1444.702467945981,4.284947416552355,Aktif,3,Besar-Kurang Efisien
Sansui,X 24 SV /  XO 24 SV,X 24 SV /  XO 24 SV,Inverter,2387.9,22117.16,4.59,4,6972.67,10073413.46,9969.1370/23.120/VII/2025,2025-07-31,2029-07-30,557,Balai Besar Standardisasi dan Pelayanan Jasa Industri Bahan dan Barang Teknik (BBSPJIBBT),True,0,0,1,1,0,0,0,9.262180158298086,2.5 PK,4.59,1444.6995856680442,4.672180158298087,Aktif,3,Besar-Kurang Efisien
Sansui,X 18 SV / XO 18 SV,X 18 SV / XO 18 SV,Inverter,1761.0,18193.2,5.59,5,5142.12,7428820.76,9969.1370/23.120/VII/2025,2025-07-31,2029-07-30,558,Balai Besar Standardisasi dan Pelayanan Jasa Industri Bahan dan Barang Teknik (BBSPJIBBT),True,0,0,0,0,0,0,0,10.331175468483815,2 PK,5.59,1444.6999992221108,4.741175468483817,Aktif,3,Besar-Kurang Efisien
Sansui,X 12 SV /  XO 12 SV,X 12 SV /  XO 12 SV,Inverter,1532.3,12055.78,4.02,3,4474.32,6464044.33,9969.1370/23.120/VII/2025,2025-07-31,2029-07-30,559,Balai Besar Standardisasi dan Pelayanan Jasa Industri Bahan dan Barang Teknik (BBSPJIBBT),True,0,0,0,0,0,0,0,7.867767408470927,1.5 PK,4.02,1444.698709524576,3.847767408470927,Aktif,3,Besar-Kurang Efisien
Sansui,X 09 SV / XO 09 SV,X 09 SV / XO 09 SV,Inverter,1060.3,9321.97,3.96,3,3096.08,4472901.0,9969.1370/23.120/VII/2025,2025-07-31,2029-07-30,560,Balai Besar Standardisasi dan Pelayanan Jasa Industri Bahan dan Barang Teknik (BBSPJIBBT),True,0,0,0,0,0,0,0,8.791823068942751,1 PK,3.96,1444.698134415131,4.831823068942751,Aktif,0,Sedang-Kurang Efisien
Sansui,X 05 SV / XO 05 SV,X 05 SV / XO 05 SV,Inverter,383.4,5576.8,5.3,5,1119.53,1617382.1,9969.1370/23.120/VII/2025,2025-07-31,2029-07-30,561,Balai Besar Standardisasi dan Pelayanan Jasa Industri Bahan dan Barang Teknik (BBSPJIBBT),True,0,0,0,0,0,0,0,14.54564423578508,1 PK,5.3,1444.6974176663423,9.245644235785084,Aktif,0,Sedang-Kurang Efisien
AIWA,AER-C2N20SDC,AER-C2N20SDC,Inverter,1757.1,16829.02,4.77,4,5130.73,7412368.52,9962.1368/23.120/VII/2025,2025-07-22,2029-07-21,562,Balai Besar Standardisasi dan Pelayanan Jasa Industri Bahan dan Barang Teknik (BBSPJIBBT),True,0,0,0,0,0,0,0,9.577724659951055,2 PK,4.77,1444.7005630777687,4.807724659951058,Aktif,3,Besar-Kurang Efisien
AIWA,AER-C2N15SDC,AER-C2N15SDC,Inverter,1149.6,10903.5,4.14,3,3356.83,4849615.19,9962.1368/23.120/VII/2025,2025-07-22,2029-07-21,563,Balai Besar Standardisasi dan Pelayanan Jasa Industri Bahan dan Barang Teknik (BBSPJIBBT),True,0,0,0,0,0,0,0,9.484603340292276,1.5 PK,4.14,1444.7008606333957,5.344603340292276,Aktif,0,Sedang-Kurang Efisien
AIWA,AER-C2N10SDC,AER-C2N10SDC,Inverter,861.8,8204.15,4.33,4,2516.46,3635523.98,9962.1368/23.120/VII/2025,2025-07-22,2029-07-21,564,Balai Besar Standardisasi dan Pelayanan Jasa Industri Bahan dan Barang Teknik (BBSPJIBBT),True,0,0,0,0,0,0,0,9.51978417266187,1 PK,4.33,1444.6977023278732,5.18978417266187,Aktif,0,Sedang-Kurang Efisien
MITSUBISHI,SRK10YYF-W3/SRC10YYF-W3,SRK10YYF-W3/SRC10YYF-W3,Inverter,944.5,10410.79,5.38,5,2757.94,3984395.92,8394.1166/23.120/II/2024,2025-11-25,2029-11-24,565,Balai Besar Standardisasi dan Pelayanan Jasa Industri Bahan dan Barang Teknik (BBSPJIBBT),True,0,0,0,0,0,0,0,11.022541026998413,1.5 PK,5.38,1444.7000007251788,5.642541026998413,Aktif,0,Sedang-Kurang Efisien
MITSUBISHI,SRK13YYF-W3/SRC13YYF-W3,SRK13YYF-W3/SRC13YYF-W3,Inverter,1212.6,131617.8,5.42,5,3540.79,5115382.2,8394.1166/23.120/II/2024,2025-11-25,2029-11-24,566,Balai Besar Standardisasi dan Pelayanan Jasa Industri Bahan dan Barang Teknik (BBSPJIBBT),True,0,1,0,0,0,0,0,108.54181098466104,3+ PK,5.42,1444.7008153547656,103.12181098466104,Aktif,4,Besar-Kurang Efisien
MITSUBISHI,SRK18YYF-W3/SRC18YYF-W3,SRK18YYF-W3/SRC18YYF-W3,Inverter,1688.8,18482.17,5.6,5,4931.3,7124243.33,8394.1166/23.120/II/2024,2025-11-25,2029-11-24,567,Balai Besar Standardisasi dan Pelayanan Jasa Industri Bahan dan Barang Teknik (BBSPJIBBT),True,0,0,0,0,0,0,0,10.943966129796303,2 PK,5.6,1444.698827895281,5.343966129796305,Aktif,3,Besar-Kurang Efisien
LG,K05NVA NIN / K05NVA UIN; K05NVB NIN / K05NVB UIN,K05NVA NIN / K05NVA UIN; K05NVB NIN / K05NVB UIN,Inverter,440.0,5000.0,4.34,4,262.79,379647.66,075/LSP/QI/06.1-XI/2025,2025-11-28,2029-11-27,568,PT Qualis Indonesia,False,0,0,0,0,0,0,0,11.363636363636363,0.5 PK,4.34,1444.6807717188628,7.0236363636363635,Aktif,0,Sedang-Kurang Efisien
Sharp,AH-X18ZY; AU-X18ZY,AH-X18ZY (Indoor) ; AU-X18ZY (Outdoor),Inverter,1769.5,18000.0,4.73,4,6745.2,9744790.44,824 250254,2025-12-04,2029-12-03,569,PT TUV Rheinland Indonesia,False,0,0,1,1,0,0,0,10.17236507487991,2 PK,4.73,1444.7,5.442365074879909,Aktif,3,Besar-Kurang Efisien
Panasonic,CS-HU10CKJ/CU-HU10CKJ,CS-HU10CKJ/CU-HU10CKJ,Inverter,726.8,9058.7,6.04,5,2122.3,3066086.81,PCS 00017.04.09.HE,2025-12-19,2029-12-18,570,PT Sucofindo (Persero),True,0,0,0,0,0,0,0,12.463813979086408,1 PK,6.04,1444.6999999999998,6.423813979086408,Aktif,0,Sedang-Kurang Efisien
Panasonic,CS-HU13CKJ/CU-HU13CKJ,CS-HU13CKJ/CU-HU13CKJ,Inverter,992.7,11851.9,6.18,5,2898.7,4187751.89,PCS 00017.04.09.HE,2025-12-19,2029-12-18,571,PT Sucofindo (Persero),True,0,0,0,0,0,0,0,11.939055102246398,1.5 PK,6.18,1444.7,5.759055102246398,Aktif,0,Sedang-Kurang Efisien
Panasonic,CS-HU18CKJ/CU-HU18CKJ,CS-HU18CKJ/CU-HU18CKJ,Inverter,1316.6,18132.0,6.93,5,3844.5,5554149.15,PCS 00017.04.09.HE,2025-12-19,2029-12-18,572,PT Sucofindo (Persero),True,0,0,0,0,0,0,0,13.77183654868601,2 PK,6.93,1444.7,6.841836548686011,Aktif,3,Besar-Kurang Efisien
Panasonic,CS-HU24CKJ/CU-HU24CKJ,CS-HU24CKJ/CU-HU24CKJ,Inverter,1743.1,20854.3,6.24,5,5089.9,7353378.53,PCS 00017.04.09.HE,2025-12-19,2029-12-18,573,PT Sucofindo (Persero),True,0,0,0,0,0,0,0,11.963914864322184,2.5 PK,6.24,1444.7,5.723914864322184,Aktif,3,Besar-Kurang Efisien
LG,K09NVA NIN1 / K09NVA UIN1; K09NVB NIN1 / K09NVB UIN1,K09NVA NIN1 / K09NVA UIN1; K09NVB NIN1 / K09NVB UIN1,Inverter,1027.6,8800.0,4.22,4,4470.38,6458363.76,001/LSP/QI/06.1-I/2026,2026-01-08,2030-01-07,574,PT Qualis Indonesia,False,0,0,0,0,0,0,0,8.563643441027638,1 PK,4.22,1444.7012916127935,4.3436434410276386,Aktif,0,Sedang-Kurang Efisien
LG,A09TVA NTH / A09TVA UTH,A09TVA NTH / A09TVA UTH,Inverter,810.0,9200.0,5.29,5,2365.2,3417004.44,824 260012,2026-02-10,2030-02-09,575,PT TUV Rheinland Indonesia,True,0,0,0,0,0,0,0,11.358024691358024,1 PK,5.29,1444.7,6.068024691358025,Aktif,0,Sedang-Kurang Efisien
LG,A12TVA NTH / A12TVA UTH,A12TVA NTH / A12TVA UTH,Inverter,1150.0,12200.0,5.92,5,3358.0,4851302.6,824 260012,2026-02-10,2030-02-09,576,PT TUV Rheinland Indonesia,True,0,0,0,0,0,0,0,10.608695652173912,1.5 PK,5.92,1444.6999999999998,4.688695652173912,Aktif,0,Sedang-Kurang Efisien
LG,A18TVA NTH / A18TVA UTH,A18TVA NTH / A18TVA UTH,Inverter,1760.0,18000.0,5.42,5,5139.2,7424602.24,824 260012,2026-02-10,2030-02-09,577,PT TUV Rheinland Indonesia,True,0,0,0,0,0,0,0,10.227272727272728,2 PK,5.42,1444.7,4.807272727272727,Aktif,3,Besar-Kurang Efisien
Sharp,AH-XP13DPY / AU-X13DPY,AH-XP13DPY / AU-X13DPY,Inverter,1011.7,12000.0,5.23,5,484.35,699742.32,009/LSP/QI/06.1-II/2026,2026-02-19,2030-02-18,578,PT Qualis Indonesia,False,0,0,0,0,0,0,0,11.861223682909952,1.5 PK,5.23,1444.703871167544,6.631223682909953,Aktif,0,Sedang-Kurang Efisien
Haier,HSU-05VSCTF / HSU-05VSCTC; HSU-05VSDTF / HSU-05VSDTC,HSU-05VSCTF / HSU-05VSCTC; HSU-05VSDTF / HSU-05VSDTC,Inverter,375.5,5000.0,5.54,5,200.1,289081.87,014/LSP/QI/06.1-III/2026,2026-03-06,2030-03-05,579,PT Qualis Indonesia,True,0,0,0,0,0,0,0,13.315579227696404,0.5 PK,5.54,1444.6870064967516,7.775579227696405,Aktif,0,Sedang-Kurang Efisien
Haier,HSU-09VSDTF / HSU-09VSDTC; HSU-09VSCTF / HSU-09VSCTC,HSU-09VSDTF / HSU-09VSDTC; HSU-09VSCTF / HSU-09VSCTC,Inverter,828.5,9200.0,5.71,5,360.07,520186.92,014/LSP/QI/06.1-III/2026,2026-03-06,2030-03-05,580,PT Qualis Indonesia,True,0,0,0,0,0,0,0,11.104405552202776,1 PK,5.71,1444.6827561307523,5.394405552202776,Aktif,0,Sedang-Kurang Efisien
Haier,HSU-12VSCTF / HSU-12VSCTC,HSU-12VSCTF / HSU-12VSCTC,Inverter,1268.4,12300.0,5.71,5,514.93,743913.59,014/LSP/QI/06.1-III/2026,2026-03-06,2030-03-05,581,PT Qualis Indonesia,True,0,0,0,0,0,0,0,9.697256385998108,1.5 PK,5.71,1444.688773231313,3.987256385998107,Aktif,0,Sedang-Kurang Efisien
Samsung,AR60H05D1KWN (Indoor) / AR60H05D1KWX (Outdoor),AR60H05D1KWN (Indoor) / AR60H05D1KWX (Outdoor),Inverter,330.5,5200.0,6.16,5,965.06,1394222.18,824 260037,2026-03-13,2030-03-12,582,PT TUV Rheinland Indonesia,True,0,0,0,0,0,0,0,15.733736762481088,0.5 PK,6.16,1444.69999792759,9.573736762481088,Aktif,0,Sedang-Kurang Efisien
Samsung,AR60H10D1LWN (Indoor) / AR60H10D1LWX (Outdoor),AR60H10D1LWN (Indoor) / AR60H10D1LWX (Outdoor),Inverter,759.6,9000.0,5.71,5,2218.0,3204344.6,824 260037,2026-03-13,2030-03-12,583,PT TUV Rheinland Indonesia,True,0,0,0,0,0,0,0,11.848341232227488,1 PK,5.71,1444.7,6.138341232227488,Aktif,0,Sedang-Kurang Efisien
Samsung,AR60H13D1LWN (Indoor) / AR60H13D1LWX (Outdoor),AR60H13D1LWN (Indoor) / AR60H13D1LWX (Outdoor),Inverter,1010.0,12000.0,5.9,5,2949.2,4345079.72,824 260037,2026-03-13,2030-03-12,584,PT TUV Rheinland Indonesia,True,0,0,0,0,0,0,0,11.88118811881188,1.5 PK,5.9,1473.3079207920791,5.981188118811881,Aktif,0,Sedang-Kurang Efisien
Samsung,AR60H18D1LWN (Indoor) / AR60H18D1LWX (Outdoor),AR60H18D1LWN (Indoor) / AR60H18D1LWX (Outdoor),Inverter,1841.9,18000.0,5.23,5,5378.0,7593343.2,824 260037,2026-03-13,2030-03-12,585,PT TUV Rheinland Indonesia,True,0,0,0,0,0,0,0,9.77251750909387,2 PK,5.23,1411.9269616957977,4.542517509093869,Aktif,3,Besar-Kurang Efisien
Samsung,AR80H10DADWN (Indoor) / AR80H10DADWX (Outdoor,AR80H10DADWN (Indoor) / AR80H10DADWX (Outdoor,Inverter,697.6,9000.0,5.63,5,2037.0,2942853.9,824 260037,2026-03-13,2030-03-12,586,PT TUV Rheinland Indonesia,True,0,0,0,0,0,0,0,12.90137614678899,1 PK,5.63,1444.7,7.271376146788991,Aktif,0,Sedang-Kurang Efisien
Samsung,AR80H13DADWN (Indoor) / AR80H13DADWX (Outdoor),AR80H13DADWN (Indoor) / AR80H13DADWX (Outdoor),Inverter,1148.5,12000.0,5.19,5,3354.0,4977858.32,824 260037,2026-03-13,2030-03-12,587,PT TUV Rheinland Indonesia,True,0,0,0,0,0,0,0,10.44841097083152,1.5 PK,5.19,1484.155730471079,5.258410970831519,Aktif,0,Sedang-Kurang Efisien
Samsung,AR80H18DADWN (Indoor) / AR80H18DADWX (Outdoor),AR80H18DADWN (Indoor) / AR80H18DADWX (Outdoor),Inverter,1589.2,18000.0,5.55,5,4640.5,6538712.2,824 260037,2026-03-13,2030-03-12,588,PT TUV Rheinland Indonesia,True,0,0,0,0,0,0,0,11.326453561540395,2 PK,5.55,1409.053377868764,5.776453561540397,Aktif,3,Besar-Kurang Efisien
AQUA,AQA-KR5VQCL2 / AQA-CR5VQCL2; AQA-KR5VRAL2 / AQA-CR5VRAL2; AQA-KR5VQGL / AQA-CR5VQGL,AQA-KR5VQCL2 / AQA-CR5VQCL2; AQA-KR5VRAL2 / AQA-CR5VRAL2; AQA-KR5VQGL / AQA-CR5VQGL,Inverter,376.5,5000.0,5.62,5,199.85,288723.01,015/LSP/QI/06.1-III/2026,2026-03-17,2030-03-16,589,PT Qualis Indonesia,True,0,0,0,0,0,0,0,13.280212483399737,0.5 PK,5.62,1444.698573930448,7.660212483399735,Aktif,0,Sedang-Kurang Efisien
AQUA,AQA-KR12VQCL2 / AQA-CR12VQCL2,AQA-KR12VQCL2 / AQA-CR12VQCL2,Inverter,1247.1,12000.0,5.11,5,507.57,733285.95,015/LSP/QI/06.1-III/2026,2026-03-17,2030-03-16,590,PT Qualis Indonesia,True,0,0,0,0,0,0,0,9.622323791195576,1.5 PK,5.11,1444.6991547963828,4.512323791195574,Aktif,0,Sedang-Kurang Efisien
AQUA,AQA-KR18VQCL2 / AQA-CR18VQCL2,AQA-KR18VQCL2 / AQA-CR18VQCL2,Inverter,1807.5,17500.0,4.97,4,778.77,1125090.75,015/LSP/QI/06.1-III/2026,2026-03-17,2030-03-16,591,PT Qualis Indonesia,True,0,0,0,0,0,0,0,9.681881051175656,2 PK,4.97,1444.7022227358527,4.711881051175657,Aktif,3,Besar-Kurang Efisien
AQUA,AQA-KR9VQCL2/ AQA-CR9VQCL2; AQA-KR9VRAL2 / AQA-CR9VRAL2,AQA-KR9VQCL2/ AQA-CR9VQCL2; AQA-KR9VRAL2 / AQA-CR9VRAL2,Inverter,810.1,9000.0,6.06,5,332.5,480365.93,015/LSP/QI/06.1-III/2026,2026-03-17,2030-03-16,592,PT Qualis Indonesia,True,0,0,0,0,0,0,0,11.1097395383286,1 PK,6.06,1444.7095639097745,5.049739538328601,Aktif,0,Sedang-Kurang Efisien
AQUA,AQA-KR9VQGL / AQA-CR9VQGL; AQA-KR9VQCL2S / AQA-CR9VQCL2S,AQA-KR9VQGL / AQA-CR9VQGL; AQA-KR9VQCL2S / AQA-CR9VQCL2S,Inverter,907.7,8740.0,5.58,5,369.9,534396.84,015/LSP/QI/06.1-III/2026,2026-03-17,2030-03-16,593,PT Qualis Indonesia,True,0,0,0,0,0,0,0,9.628731959898644,1 PK,5.58,1444.7062449310624,4.048731959898644,Aktif,0,Sedang-Kurang Efisien
PHILIPS,FAC09AB1CIID (In) / FAC09AB1COID (Out),FAC09AB1CIID (In) / FAC09AB1COID (Out),Inverter,295.9,9730.0,5.19,5,864.0,1248220.8,824 260054,2026-05-07,2030-05-06,594,PT TUV Rheinland Indonesia,True,0,0,0,0,0,0,0,32.88273065224738,1 PK,5.19,1444.7,27.69273065224738,Aktif,0,Sedang-Kurang Efisien
PHILIPS,FAC12AB1CIID (In) / FAC12AB1COID (Out),FAC12AB1CIID (In) / FAC12AB1COID (Out),Inverter,328.2,12300.0,5.13,5,958.0,1384022.6,824 260054,2026-05-07,2030-05-06,595,PT TUV Rheinland Indonesia,True,0,0,0,0,0,0,0,37.47714808043876,1.5 PK,5.13,1444.7,32.34714808043876,Aktif,0,Sedang-Kurang Efisien
PHILIPS,FAC18AB1CIID (In) / FAC18AB1COID (Out),FAC18AB1CIID (In) / FAC18AB1COID (Out),Inverter,506.9,18000.0,5.64,5,1480.0,2138156.0,824 260054,2026-05-07,2030-05-06,596,PT TUV Rheinland Indonesia,True,0,0,0,0,0,0,0,35.50996251726179,2 PK,5.64,1444.7,29.86996251726179,Aktif,0,Sedang-Kurang Efisien
PHILIPS,FAC24AB1CIID (In) / FAC24AB1COID (Out),FAC24AB1CIID (In) / FAC24AB1COID (Out),Inverter,752.5,24200.0,5.01,5,2197.0,3174005.9,824 260054,2026-05-07,2030-05-06,597,PT TUV Rheinland Indonesia,True,0,0,0,0,0,0,0,32.159468438538205,3+ PK,5.01,1444.7,27.149468438538207,Aktif,3,Besar-Kurang Efisien
ACERPURE,SACD 535-09W / OACD 535-09W,SACD 535-09W / OACD 535-09W,Inverter,870.6,9000.0,4.13,3,381.67,551398.07,024/LSP/QI/06.1-V/2026,2026-05-19,2030-05-18,598,PT Qualis Indonesia,True,0,0,0,0,0,0,0,10.337698139214334,1 PK,4.13,1444.698482982681,6.207698139214334,Aktif,0,Sedang-Kurang Efisien
ACERPURE,SACD 535-18W / OACD 535-18W,SACD 535-18W / OACD 535-18W,Inverter,1567.3,18000.0,6.48,5,626.63,905288.03,024/LSP/QI/06.1-V/2026,2026-05-19,2030-05-18,599,PT Qualis Indonesia,True,0,0,0,0,0,0,0,11.484718943405856,2 PK,6.48,1444.6930884253866,5.004718943405857,Aktif,3,Besar-Kurang Efisien
ACERPURE,SACD 535-12W / OACD 535-12W ,SACD 535-12W / OACD 535-12W ,Inverter,1440.6,32.0,4.51,4,690.39,997411.78,024/LSP/QI/06.1-V/2026,2026-05-19,2030-05-18,600,PT Qualis Indonesia,True,0,0,0,0,0,0,0,0.0222129668193808,0.5 PK,4.51,1444.7077448978114,4.487787033180619,Aktif,0,Sedang-Kurang Efisien
HISENSE,"AI05CEG, AI05KEG, AI05CSG, AS05E3CEA, AS05E3KCA, AS05E3KBA, AS05X3CEA, AS05X3KCA, AS05X3KBA","AI05CEG, AI05KEG, AI05CSG, AS05E3CEA, AS05E3KCA, AS05E3KBA, AS05X3CEA, AS05X3KCA, AS05X3KBA",Inverter,510.4,5800.0,4.93,4,1490.37,2153134.65,22/06.06.06/1A/26/LSPro/V/2026,2026-05-19,2030-05-18,601,Balai Standardisasi dan Pelayanan Jasa Industri (BSPJI) Surabaya,True,0,0,0,0,0,0,0,11.363636363636363,1 PK,4.93,1444.6980615551845,6.433636363636364,Aktif,0,Sedang-Kurang Efisien
HISENSE,"AI06KCG, AI06KEG, AI06KSG, AS07E4KCA, AS07E4KBA, AS07X5KCA, AS07X5KBA","AI06KCG, AI06KEG, AI06KSG, AS07E4KCA, AS07E4KBA, AS07X5KCA, AS07X5KBA",Inverter,529.7,6800.0,5.24,5,1546.72,2234552.16,22/06.06.06/1A/26/LSPro/V/2026,2026-05-19,2030-05-18,602,Balai Standardisasi dan Pelayanan Jasa Industri (BSPJI) Surabaya,True,0,0,0,0,0,0,0,12.83745516329998,1 PK,5.24,1444.7037343539878,7.59745516329998,Aktif,0,Sedang-Kurang Efisien
HISENSE,"AI09KCG, AI09KEG, AI09KSG, AS10E4KCA, AS10E4KBA, AS10X5KCA, AS10X5KBA","AI09KCG, AI09KEG, AI09KSG, AS10E4KCA, AS10E4KBA, AS10X5KCA, AS10X5KBA",Inverter,940.2,9800.0,4.92,4,2745.38,3966256.26,22/06.06.06/1A/26/LSPro/V/2026,2026-05-19,2030-05-18,603,Balai Standardisasi dan Pelayanan Jasa Industri (BSPJI) Surabaya,True,0,0,0,0,0,0,0,10.423314188470538,1 PK,4.92,1444.7021031696886,5.503314188470538,Aktif,0,Sedang-Kurang Efisien
HISENSE,"AI12KCG, AI12KEG, AI12KSG, AS13E4KCA, AS13E4KBA, AS13X5KCA, AS13X5KBA","AI12KCG, AI12KEG, AI12KSG, AS13E4KCA, AS13E4KBA, AS13X5KCA, AS13X5KBA",Inverter,1591.0,13000.0,4.01,3,4645.72,6711671.68,22/06.06.06/1A/26/LSPro/V/2026,2026-05-19,2030-05-18,604,Balai Standardisasi dan Pelayanan Jasa Industri (BSPJI) Surabaya,True,0,0,0,0,0,0,0,8.170961659333752,1.5 PK,4.01,1444.6999991389923,4.160961659333752,Aktif,3,Besar-Kurang Efisien
HISENSE,"AI18KCG, AI18KEG, AI18KSG, AS19E4KCA, AS19E4KBA, AS19X5KCA, AS19X5KBA","AI18KCG, AI18KEG, AI18KSG, AS19E4KCA, AS19E4KBA, AS19X5KCA, AS19X5KBA",Inverter,1799.4,18800.0,4.52,4,5254.25,7590812.09,22/06.06.06/1A/26/LSPro/V/2026,2026-05-19,2030-05-18,605,Balai Standardisasi dan Pelayanan Jasa Industri (BSPJI) Surabaya,True,0,0,0,0,0,0,0,10.447927086806711,2 PK,4.52,1444.6994509206831,5.927927086806713,Aktif,3,Besar-Kurang Efisien
Midea,MSCE-10CRFN8-ID / MSCE-10CRFN8-OD,MSCE-10CRFN8-ID / MSCE-10CRFN8-OD,Inverter,892.5,9176.61,5.23,5,2606.1,3765032.67,442.1419/23.120/I/2026,2026-01-13,2030-01-12,606,Balai Besar Standardisasi dan Pelayanan Jasa Industri Bahan dan Barang Teknik (BBSPJIBBT),True,0,0,0,0,0,0,0,10.281915966386554,1 PK,5.23,1444.7,5.051915966386554,Aktif,0,Sedang-Kurang Efisien
COMFEE,CFS-10VGPF / CFS-10VGPC,CFS-10VGPF / CFS-10VGPC,Inverter,868.9,9045.25,5.41,5,2537.19,3665475.5,443.1419/23.120/I/2026,2026-01-13,2030-01-12,607,Balai Besar Standardisasi dan Pelayanan Jasa Industri Bahan dan Barang Teknik (BBSPJIBBT),True,0,0,0,0,0,0,0,10.410001150880424,1 PK,5.41,1444.6988597621778,5.000001150880424,Aktif,0,Sedang-Kurang Efisien
TCL,TAC- SA05CSV/ZB2-ID / TAC- SA05CSV/ZB2- OD ; TAC- SA05CSV/ZC2-ID / TAC- SA05CSV/ZC2- OD,TAC- SA05CSV/ZB2-ID / TAC- SA05CSV/ZB2- OD ; TAC- SA05CSV/ZC2-ID / TAC- SA05CSV/ZC2- OD,Inverter,420.3,5000.0,4.79,4,1227.28,1773045.64,824 260065,2026-06-23,2030-06-22,608,PT TUV Rheinland Indonesia,True,0,0,0,0,0,0,0,11.8962645729241,0.5 PK,4.79,1444.695293657519,7.106264572924101,Aktif,0,Sedang-Kurang Efisien
TCL,TAC- SA09CSV/ZB2-ID / TAC- SA09CSV/ZB2- OD ; TAC- SA09CSV/ZC2-ID / TAC- SA09CSV/ZC2- OD,TAC- SA09CSV/ZB2-ID / TAC- SA09CSV/ZB2- OD ; TAC- SA09CSV/ZC2-ID / TAC- SA09CSV/ZC2- OD,Inverter,892.7,9000.0,4.68,4,2606.68,3765876.37,824 260065,2026-06-23,2030-06-22,609,PT TUV Rheinland Indonesia,True,0,0,0,0,0,0,0,10.081774392293044,1 PK,4.68,1444.7022150781838,5.401774392293044,Aktif,0,Sedang-Kurang Efisien
TCL,TAC- SA12CSV/ZB2-ID / TAC- SA12CSV/ZB2- OD ; TAC- SA12CSV/ZC2-ID / TAC- SA12CSV/ZC2- OD,TAC- SA12CSV/ZB2-ID / TAC- SA12CSV/ZB2- OD ; TAC- SA12CSV/ZC2-ID / TAC- SA12CSV/ZC2- OD,Inverter,1414.7,12000.0,3.64,2,4130.92,5967945.9,824 260065,2026-06-23,2030-06-22,610,PT TUV Rheinland Indonesia,True,0,0,0,0,0,0,0,8.482363752032233,1.5 PK,3.64,1444.701398235744,4.842363752032233,Aktif,3,Besar-Kurang Efisien
TCL,TAC- BR12CSV/TB2-ID / TAC- BR12CSV/TB2- OD ; TAC- BR12CSV/TA2-ID / TAC- BR12CSV/TA2- OD ; TAC- 12CSD/TPHI2 Pro-ID / TAC- 12CSD/TPHI2 Pro-OD,TAC- BR12CSV/TB2-ID / TAC- BR12CSV/TB2- OD ; TAC- BR12CSV/TA2-ID / TAC- BR12CSV/TA2- OD ; TAC- 12CSD/TPHI2 Pro-ID / TAC- 12CSD/TPHI2 Pro-OD,Inverter,1072.6,12300.0,5.08,5,3131.99,4524788.84,824 260065,2026-06-23,2030-06-22,611,PT TUV Rheinland Indonesia,True,0,0,0,0,0,0,0,11.467462241282863,1.5 PK,5.08,1444.7009217781667,6.387462241282865,Aktif,0,Sedang-Kurang Efisien
TCL,TAC- BR09CSV/TB2-ID / TAC- BR09CSV/TB2- OD ; TAC- BR09CSV/TA2-ID / TAC- BR09CSV/TA2- OD ; TAC- 09CSD/TPHI2 Pro-ID / TAC- 09CSD/TPHI2 Pro-OD,TAC- BR09CSV/TB2-ID / TAC- BR09CSV/TB2- OD ; TAC- BR09CSV/TA2-ID / TAC- BR09CSV/TA2- OD ; TAC- 09CSD/TPHI2 Pro-ID / TAC- 09CSD/TPHI2 Pro-OD,Inverter,753.6,9500.0,5.06,5,2200.51,3179079.69,824 260065,2026-06-23,2030-06-22,612,PT TUV Rheinland Indonesia,True,0,0,0,0,0,0,0,12.60615711252654,1 PK,5.06,1444.7013146952297,7.546157112526539,Aktif,0,Sedang-Kurang Efisien
TCL,TAC- SA24CSV/ZB2-ID / TAC- SA24CSV/ZB2- OD ; TAC- SA24CSV/ZC2-ID / TAC- SA24CSV/ZC2- OD,TAC- SA24CSV/ZB2-ID / TAC- SA24CSV/ZB2- OD ; TAC- SA24CSV/ZC2-ID / TAC- SA24CSV/ZC2- OD,Inverter,2364.9,24000.0,5.27,5,6905.51,9976387.41,824 260065,2026-06-23,2030-06-22,613,PT TUV Rheinland Indonesia,True,0,0,1,1,0,0,0,10.148420652036028,3+ PK,5.27,1444.6995819280546,4.878420652036027,Aktif,3,Besar-Kurang Efisien
TCL,TAC- SA18CSV/ZB2-ID / TAC- SA18CSV/ZB2- OD ; TAC- SA18CSV/ZC2-ID / TAC- SA18CSV/ZC2- OD,TAC- SA18CSV/ZB2-ID / TAC- SA18CSV/ZB2- OD ; TAC- SA18CSV/ZC2-ID / TAC- SA18CSV/ZC2- OD,Inverter,1987.8,18000.0,5.01,5,5804.38,8385582.01,824 260065,2026-06-23,2030-06-22,614,PT TUV Rheinland Indonesia,True,0,0,0,0,0,0,0,9.055236945366737,2 PK,5.01,1444.699004889411,4.045236945366737,Aktif,3,Besar-Kurang Efisien
TCL,TAC- BR18CSV/TB2-ID / TAC- BR18CSV/TB2- OD ; TAC- BR18CSV/TA2-ID / TAC- BR18CSV/TA2- OD ; TAC- 18CSD/TPHI2 Pro-ID / TAC- 18CSD/TPHI2 Pro-OD,TAC- BR18CSV/TB2-ID / TAC- BR18CSV/TB2- OD ; TAC- BR18CSV/TA2-ID / TAC- BR18CSV/TA2- OD ; TAC- 18CSD/TPHI2 Pro-ID / TAC- 18CSD/TPHI2 Pro-OD,Inverter,2017.1,18500.0,4.78,4,5889.93,8509184.76,824 260065,2026-06-23,2030-06-22,615,PT TUV Rheinland Indonesia,True,0,0,0,0,0,0,0,9.171582965643749,2 PK,4.78,1444.700490498189,4.391582965643747,Aktif,3,Besar-Kurang Efisien
Gree,GWC-05F5A/I / GWC-05F5A/O,GWC-05F5A/I / GWC-05F5A/O,Inverter,366.0,5000.0,4.56,4,230.37,332821.32,036/LSP/QI/06.1-VII/2026,2026-07-17,2030-07-16,616,PT Qualis Indonesia,True,0,0,0,0,0,0,0,13.66120218579235,0.5 PK,4.56,1444.725094413335,9.10120218579235,Aktif,0,Sedang-Kurang Efisien
Gree,GWC-09F5A/I / GWC-09F5A/O,GWC-09F5A/I / GWC-09F5A/O,Inverter,667.3,9000.0,5.1,5,360.68,521072.66,036/LSP/QI/06.1-VII/2026,2026-07-17,2030-07-16,617,PT Qualis Indonesia,True,0,0,0,0,0,0,0,13.487187172186424,1 PK,5.1,1444.695186869247,8.387187172186424,Aktif,0,Sedang-Kurang Efisien
Gree,GWC-12F5A/I / GWC-12F5A/O,GWC-12F5A/I / GWC-12F5A/O,Inverter,1176.4,12100.0,4.98,4,535.23,773244.33,036/LSP/QI/06.1-VII/2026,2026-07-17,2030-07-16,618,PT Qualis Indonesia,True,0,0,0,0,0,0,0,10.28561713702822,1.5 PK,4.98,1444.6954206602768,5.30561713702822,Aktif,0,Sedang-Kurang Efisien
Gree,GWC-18F5A/I / GWC-18F5A/O,GWC-18F5A/I / GWC-18F5A/O,Inverter,1503.8,18000.0,5.72,5,6293.92,9092826.22,036/LSP/QI/06.1-VII/2026,2026-07-17,2030-07-16,619,PT Qualis Indonesia,True,0,0,0,0,0,0,0,11.969676818725894,2 PK,5.72,1444.699999364466,6.249676818725894,Aktif,3,Besar-Kurang Efisien
Gree,GWC-24F5A/I / GWC-24F5A/O,GWC-24F5A/I / GWC-24F5A/O,Inverter,1867.6,24000.0,6.26,5,813.0,1174544.42,036/LSP/QI/06.1-VII/2026,2026-07-17,2030-07-16,620,PT Qualis Indonesia,True,0,0,0,0,0,0,0,12.85071749839366,3+ PK,6.26,1444.7040836408364,6.59071749839366,Aktif,3,Besar-Kurang Efisien
Sanken,EVA-09D / EVA-09L,EVA-09D / EVA-09L,Inverter,988.7,9000.0,4.74,4,425.81,615167.13,046/LSP/QI/06.1-VII/2026,2026-07-29,2030-07-28,621,PT Qualis Indonesia,True,0,0,0,0,0,0,0,9.102862344492769,1 PK,4.74,1444.6986449355347,4.362862344492768,Aktif,0,Sedang-Kurang Efisien
Sanken,EVA-12D / EVA-12L,EVA-12D / EVA-12L,Inverter,1306.0,12000.0,5.13,5,521.31,753137.86,046/LSP/QI/06.1-VII/2026,2026-07-29,2030-07-28,622,PT Qualis Indonesia,True,0,0,0,0,0,0,0,9.188361408882082,1.5 PK,5.13,1444.702499472483,4.0583614088820825,Aktif,0,Sedang-Kurang Efisien
Sanken,EVA-18D / EVA-18L,EVA-18D / EVA-18L,Inverter,1911.9,18000.0,6.03,5,742.27,1072350.82,046/LSP/QI/06.1-VII/2026,2026-07-29,2030-07-28,623,PT Qualis Indonesia,True,0,0,0,0,0,0,0,9.414718343009572,2 PK,6.03,1444.691042343083,3.3847183430095713,Aktif,3,Besar-Kurang Efisien
Daikin,Non-Inverter R410A 1,Non-Inverter R410A 1,Non-Inverter,390.0,4982.0,11.72,4,1138.8,1670619.6,119.002.4.07.104.16.0010,,,1,,False,0,0,0,0,0,0,0,12.774358974358975,0.5 PK,11.72,1467.0000000000002,1.0543589743589743,Tidak Ada Data,2,Sedang-Efisien
Daikin,Non-Inverter R410A 2,Non-Inverter R410A 2,Non-Inverter,633.0,7131.0,11.52,4,1848.36,2711544.12,119.002.4.08.104.16.0011,,,2,,False,0,0,0,0,0,0,0,11.265402843601896,1 PK,11.52,1467.0000000000002,0.2545971563981037,Tidak Ada Data,2,Sedang-Efisien
Daikin,Non-Inverter R410A 3,Non-Inverter R410A 3,Non-Inverter,819.0,8939.0,10.51,4,2391.48,3508301.16,119.002.4.09.104.16.0012,,,3,,False,0,0,0,0,0,0,0,10.914529914529917,1 PK,10.51,1467.0,0.404529914529915,Tidak Ada Data,2,Sedang-Efisien
Daikin,Non-Inverter R410A 4,Non-Inverter R410A 4,Non-Inverter,1063.0,11430.0,10.15,3,3103.96,4553509.32,119.002.3.10.099.16.0013,,,4,,False,0,0,0,0,0,0,0,10.752587017873942,1.5 PK,10.15,1467.0,0.6025870178739421,Tidak Ada Data,2,Sedang-Efisien
Daikin,Non-Inverter R410A 5,Non-Inverter R410A 5,Non-Inverter,1650.0,17742.0,10.16,3,4818.0,7068006.0,119.002.3.11.099.16.0014,,,5,,False,0,0,0,0,0,0,0,10.752727272727272,2 PK,10.16,1467.0,0.5927272727272719,Tidak Ada Data,1,Besar-Efisien
Daikin,Non-Inverter R410A 6,Non-Inverter R410A 6,Non-Inverter,2032.0,21837.0,10.78,4,5933.44,8704356.48,119.002.4.12.104.16.0015,,,6,,False,0,0,0,0,0,0,0,10.746555118110235,2.5 PK,10.78,1467.0000000000002,0.0334448818897623,Tidak Ada Data,1,Besar-Efisien
Daikin,Deluxe Non-Inverter R32 1,Deluxe Non-Inverter R32 1,Non-Inverter,722.0,8871.0,11.65,4,2108.24,3092788.08,119.002.4.13.104.16.0016,,,7,,False,0,0,0,0,0,0,0,12.286703601108034,1 PK,11.65,1467.0000000000002,0.6367036011080334,Tidak Ada Data,2,Sedang-Efisien
Daikin,Deluxe Non-Inverter R32 2,Deluxe Non-Inverter R32 2,Non-Inverter,1042.0,12624.0,11.63,4,3042.64,4463552.88,119.002.4.14.104.16.0017,,,8,,False,0,0,0,0,0,0,0,12.115163147792709,1.5 PK,11.63,1467.0,0.4851631477927061,Tidak Ada Data,2,Sedang-Efisien
Daikin,Deluxe Non-Inverter R32 3,Deluxe Non-Inverter R32 3,Non-Inverter,1493.0,18084.0,12.19,4,4359.56,6395474.52,119.002.4.15.104.16.0018,,,9,,False,0,0,0,0,0,0,0,12.112525117213664,2 PK,12.19,1466.9999999999998,0.0774748827863351,Tidak Ada Data,1,Besar-Efisien
Daikin,Deluxe Non-Inverter R32 4,Deluxe Non-Inverter R32 4,Non-Inverter,1859.0,22519.0,11.9,4,5428.28,7963286.76,119.002.4.16.104.16.0019,,,10,,False,0,0,0,0,0,0,0,12.113501882732653,2.5 PK,11.9,1467.0,0.2135018827326522,Tidak Ada Data,1,Besar-Efisien
Daikin,Deluxe Non-Inverter R32 5,Deluxe Non-Inverter R32 5,Non-Inverter,2182.0,24566.0,12.2,4,6371.44,9346902.48,119.002.4.17.104.16.0020,,,11,,False,0,0,0,0,0,0,0,11.258478460128323,3+ PK,12.2,1467.0000000000002,0.941521539871676,Tidak Ada Data,1,Besar-Efisien
Polytron,EAW055000(PAC 05LE;PAC 05VE;PAC 05VX;PAC 05VF;PAC 05VG),EAW055000(PAC 05LE;PAC 05VE;PAC 05VX;PAC 05VF;PAC 05VG),Non-Inverter,490.0,5000.0,12.53,4,1430.8,2098983.6,011.003.4.01.104.16.0039,,,12,,False,0,0,0,0,0,0,0,10.20408163265306,0.5 PK,12.53,1467.0,2.3259183673469384,Tidak Ada Data,2,Sedang-Efisien
Polytron,EAW077200(PAC 07VE),EAW077200(PAC 07VE),Non-Inverter,725.0,8000.0,12.06,4,2117.0,3105639.0,011.003.4.02.104.16.0040,,,13,,False,0,0,0,0,0,0,0,11.03448275862069,1 PK,12.06,1467.0,1.02551724137931,Tidak Ada Data,2,Sedang-Efisien
Polytron,EAW109000(PAC 09LE;PAC 09VF;PAC 09VE;PAC 09VX;PAC 09VG),EAW109000(PAC 09LE;PAC 09VF;PAC 09VE;PAC 09VX;PAC 09VG),Non-Inverter,880.0,9500.0,11.31,4,2569.6,3769603.2,011.003.4.03.104.16.0041,,,14,,False,0,0,0,0,0,0,0,10.795454545454543,1 PK,11.31,1467.0000000000002,0.5145454545454555,Tidak Ada Data,2,Sedang-Efisien
Polytron,EAW151000(PAC 12VE;PAC 12VX;PAC 12VF;PAC 12VG),EAW151000(PAC 12VE;PAC 12VX;PAC 12VF;PAC 12VG),Non-Inverter,1050.0,12000.0,11.95,4,3066.0,4497822.0,011.003.4.04.104.16.0042,,,15,,False,0,0,0,0,0,0,0,11.428571428571429,1.5 PK,11.95,1467.0,0.5214285714285705,Tidak Ada Data,2,Sedang-Efisien
Polytron,EAW201600(PAC 18VE;PAC 18VX;PAC 18VF;PAC 18VG),EAW201600(PAC 18VE;PAC 18VX;PAC 18VF;PAC 18VG),Non-Inverter,1690.0,18000.0,12.06,4,4934.8,7239351.6,011.003.4.05.104.16.0043,,,16,,False,0,0,0,0,0,0,0,10.650887573964496,2 PK,12.06,1466.9999999999998,1.409112426035504,Tidak Ada Data,1,Besar-Efisien
LG,QS-C0566NKO(T05NWA;T05NLA;T05EG),QS-C0566NKO(T05NWA;T05NLA;T05EG),Non-Inverter,610.0,4600.0,10.98,4,1781.2,2613020.4,118.004.4.01.104.16.0044,,,17,,False,0,0,0,0,0,0,0,7.540983606557377,0.5 PK,10.98,1467.0,3.439016393442623,Tidak Ada Data,2,Sedang-Efisien
LG,QS-C0564NAO,QS-C0564NAO,Non-Inverter,480.0,4300.0,12.14,4,1401.6,2056147.2,118.004.4.02.104.16.0045,,,18,,False,0,0,0,0,0,0,0,8.958333333333334,0.5 PK,12.14,1467.0,3.181666666666666,Tidak Ada Data,2,Sedang-Efisien
Mitsubishi Electric,Indoor MS-HK 10 VA /Outdoor MU-HK 10 VA,Indoor MS-HK 10 VA /Outdoor MU-HK 10 VA,Non-Inverter,800.0,8405.46,10.48,4,2336.0,3426912.0,119.005.4.01.104.16.0053,,,19,,False,0,0,0,0,0,0,0,10.506825,1 PK,10.48,1467.0,0.0268249999999987,Tidak Ada Data,2,Sedang-Efisien
Mitsubishi Electric,Indoor MS-HK 13 VA /Outdoor MU-HK 13 VA,Indoor MS-HK 13 VA /Outdoor MU-HK 13 VA,Non-Inverter,1160.0,12414.22,10.74,4,3387.2,4969022.4,119.005.4.02.104.16.0054,,,20,,False,0,0,0,0,0,0,0,10.701913793103447,1.5 PK,10.74,1467.0000000000002,0.038086206896553,Tidak Ada Data,2,Sedang-Efisien
Mitsubishi Electric,Indoor MS-HK 18VA /Outdoor MS-HK 18 VA,Indoor MS-HK 18VA /Outdoor MS-HK 18 VA,Non-Inverter,1610.0,16108.73,10.02,3,4701.2,6896660.4,119.005.3.03.099.16.0055,,,21,,False,0,0,0,0,0,0,0,10.005422360248447,2 PK,10.02,1467.0000000000002,0.0145776397515522,Tidak Ada Data,1,Besar-Efisien
Mitsubishi Electric,Indoor MS-HK 24VA /Outdoor MS-HK 24VA,Indoor MS-HK 24VA /Outdoor MS-HK 24VA,Non-Inverter,2180.0,21748.09,9.98,3,6365.6,9338335.2,119.005.3.04.009.16.0056,,,22,,False,0,0,0,0,0,0,0,9.976188073394496,2.5 PK,9.98,1466.9999999999998,0.0038119266055041,Tidak Ada Data,1,Besar-Efisien
Daikin,FTV15AXV14 /RV15AXV14;FTV15BXV14 /RV15BXV14,FTV15AXV14 /RV15AXV14;FTV15BXV14 /RV15BXV14,Non-Inverter,393.67,5982.09,15.2,4,1149.52,1686340.56,119.002.4.34.104.16.0061,,,23,,False,0,0,0,0,0,0,0,15.195696903497852,1 PK,15.2,1466.9954067784815,0.0043030965021468,Tidak Ada Data,2,Sedang-Efisien
Daikin,FTV20AXV14 /RV20AXV14;FTV20BXV14 /RV20BXV14,FTV20AXV14 /RV20AXV14;FTV20BXV14 /RV20BXV14,Non-Inverter,627.1,6803.53,10.85,4,1831.13,2686270.64,119.002.4.35.104.16.0062,,,24,,False,0,0,0,0,0,0,0,10.84919470578855,1 PK,10.85,1467.0016001048532,0.0008052942114495,Tidak Ada Data,2,Sedang-Efisien
Daikin,FTV25AXV14 /RV25AXV14;FTV25BXV14 /RV25BXV14,FTV25AXV14 /RV25AXV14;FTV25BXV14 /RV25BXV14,Non-Inverter,784.3,8473.36,10.8,4,2290.16,3359658.85,119.002.4.36.104.16.0063,,,25,,False,0,0,0,0,0,0,0,10.803723065153642,1 PK,10.8,1466.9974368603068,0.0037230651536415,Tidak Ada Data,2,Sedang-Efisien
Daikin,FTV35AXV14 /RV35AXV14;FTV35BXV14 /RV35BXV14,FTV35AXV14 /RV35AXV14;FTV35BXV14 /RV35BXV14,Non-Inverter,1153.6,11604.21,10.06,3,3368.51,4941607.1,119.002.3.37.099.16.0064,,,26,,False,0,0,0,0,0,0,0,10.059127947295424,1.5 PK,10.06,1467.0008698207812,0.0008720527045777,Tidak Ada Data,2,Sedang-Efisien
Daikin,FTV50AXV14 /RV50AXV14;FTV50BXV14 /RV50BXV14,FTV50AXV14 /RV50AXV14;FTV50BXV14 /RV50BXV14,Non-Inverter,1813.7,17726.36,9.77,2,5296.0,7769237.87,119.002.2.38.091.16.0065,,,27,,False,0,0,0,0,0,0,0,9.773589899101284,2 PK,9.77,1467.0011083836855,0.0035898991012857,Tidak Ada Data,1,Besar-Efisien
Panasonic,CU/CS-YN5SKJ,CU/CS-YN5SKJ,Non-Inverter,411.9,4455.0,10.82,4,1202.75,1764431.32,119.006.4.01.104.16.0066,,,28,,False,0,0,0,0,0,0,0,10.815731973780045,0.5 PK,10.82,1466.997563916026,0.0042680262199557,Tidak Ada Data,2,Sedang-Efisien
Panasonic,CU/CS-PN5SKJ,CU/CS-PN5SKJ,Non-Inverter,382.4,4953.0,12.96,4,1116.61,1638063.94,119.006.4.02.104.16.0067,,,29,,False,0,0,0,0,0,0,0,12.952405857740589,0.5 PK,12.96,1466.9973759862442,0.0075941422594141,Tidak Ada Data,2,Sedang-Efisien
Panasonic,CU/CS-KN5SKJCU/CS-XN5SKJ,CU/CS-KN5SKJCU/CS-XN5SKJ,Non-Inverter,363.1,4856.0,13.38,4,1060.25,1555389.68,119.006.4.03.104.16.0068,,,30,,False,0,0,0,0,0,0,0,13.373726246213163,0.5 PK,13.38,1467.0027634991748,0.0062737537868375,Tidak Ada Data,2,Sedang-Efisien
Panasonic,CU/CS-YN7SKJ,CU/CS-YN7SKJ,Non-Inverter,644.9,6850.0,10.62,4,1883.11,2762519.44,119.006.4.04.104.16.0069,,,31,,False,0,0,0,0,0,0,0,10.621801829741043,1 PK,10.62,1466.9984440632784,0.001801829741046,Tidak Ada Data,2,Sedang-Efisien
Panasonic,CU/CS-PN7SKJ,CU/CS-PN7SKJ,Non-Inverter,599.9,6737.0,11.23,4,1751.71,2569755.64,119.006.4.05.104.16.0070,,,32,,False,0,0,0,0,0,0,0,11.230205034172362,1 PK,11.23,1466.998327348705,0.000205034172362,Tidak Ada Data,2,Sedang-Efisien
Panasonic,CU/CS-KN7SKJCU/CS-XN7SKJ,CU/CS-KN7SKJCU/CS-XN7SKJ,Non-Inverter,587.7,6796.0,11.56,4,1716.08,2517495.23,119.006.4.06.104.16.0071,,,33,,False,0,0,0,0,0,0,0,11.563722987919006,1 PK,11.56,1467.0034205864529,0.003722987919005,Tidak Ada Data,2,Sedang-Efisien
Panasonic,CU/CS-YN9SKJ,CU/CS-YN9SKJ,Non-Inverter,801.1,8603.0,10.74,4,2339.21,3431624.0,119.006.4.07.104.16.0072,,,34,,False,0,0,0,0,0,0,0,10.73898389714143,1 PK,10.74,1467.0012525596248,0.0010161028585695,Tidak Ada Data,2,Sedang-Efisien
Panasonic,CU/CS-PN9SKJ,CU/CS-PN9SKJ,Non-Inverter,719.2,8105.0,11.27,4,2100.06,3080793.89,119.006.4.08.104.16.0073,,,35,,False,0,0,0,0,0,0,0,11.269466073414904,1 PK,11.27,1467.0027951582338,0.0005339265850956,Tidak Ada Data,2,Sedang-Efisien
Panasonic,CU/CS-KN9SKJCU/CS-XV9SKJ,CU/CS-KN9SKJCU/CS-XV9SKJ,Non-Inverter,707.3,8457.0,11.96,4,2065.32,3029818.57,119.006.4.09.104.16.0074,,,36,,False,0,0,0,0,0,0,0,11.95673688675244,1 PK,11.96,1466.9971578254217,0.0032631132475611,Tidak Ada Data,2,Sedang-Efisien
Panasonic,CU/CS-PN12SKJ,CU/CS-PN12SKJ,Non-Inverter,1023.3,11078.0,10.83,4,2988.04,4383448.81,119.006.4.10.104.16.0075,,,37,,False,0,0,0,0,0,0,0,10.825759796736053,1.5 PK,10.83,1466.9980355015327,0.004240203263949,Tidak Ada Data,2,Sedang-Efisien
Samsung,AR05KRFLAWKN /AR05KRFLAWKX,AR05KRFLAWKN /AR05KRFLAWKX,Non-Inverter,400.0,5080.5,12.7,4,1168.0,1713456.0,118.001.4.12.104.16.0076,,,38,,False,0,0,0,0,0,0,0,12.70125,0.5 PK,12.7,1467.0,0.0012500000000006,Tidak Ada Data,2,Sedang-Efisien
Samsung,AR07KRFLAWKN /AR07KRFLAWKX,AR07KRFLAWKN /AR07KRFLAWKX,Non-Inverter,687.0,7595.1,11.0,4,2006.04,2942860.68,118.001.4.13.104.16.0077,,,39,,False,0,0,0,0,0,0,0,11.055458515283844,1 PK,11.0,1467.0,0.0554585152838438,Tidak Ada Data,2,Sedang-Efisien
Samsung,AR09KRFLAWKN /AR09KRFLAWKX,AR09KRFLAWKN /AR09KRFLAWKX,Non-Inverter,816.0,9127.1,11.0,4,2382.72,3495450.24,118.001.4.14.104.16.0078,,,40,,False,0,0,0,0,0,0,0,11.185171568627451,1 PK,11.0,1467.0000000000002,0.1851715686274513,Tidak Ada Data,2,Sedang-Efisien
Samsung,AR05KRFLBWKN /AR05KRFLBWKX,AR05KRFLBWKN /AR05KRFLBWKX,Non-Inverter,400.0,5080.5,12.7,4,1168.0,1713456.0,118.001.4.15.104.16.0079,,,41,,False,0,0,0,0,0,0,0,12.70125,0.5 PK,12.7,1467.0,0.0012500000000006,Tidak Ada Data,2,Sedang-Efisien
Samsung,AR07KRFLBWKN /AR07KRFLBWKX,AR07KRFLBWKN /AR07KRFLBWKX,Non-Inverter,687.0,7595.1,11.0,4,2006.04,2942860.68,118.001.4.16.104.16.0080,,,42,,False,0,0,0,0,0,0,0,11.055458515283844,1 PK,11.0,1467.0,0.0554585152838438,Tidak Ada Data,2,Sedang-Efisien
Samsung,AR09KRFLBWKN /AR09KRFLBWKX,AR09KRFLBWKN /AR09KRFLBWKX,Non-Inverter,816.0,9127.1,11.0,4,2382.72,3495450.24,118.001.4.17.104.16.0081,,,43,,False,0,0,0,0,0,0,0,11.185171568627451,1 PK,11.0,1467.0000000000002,0.1851715686274513,Tidak Ada Data,2,Sedang-Efisien
Electrolux,VITA 05,VITA 05,Non-Inverter,300.0,4800.0,16.0,4,876.0,1285092.0,118.007.4.01.104.16.0082,,,44,,False,0,0,0,0,0,0,0,16.0,0.5 PK,16.0,1467.0,0.0,Tidak Ada Data,2,Sedang-Efisien
Electrolux,VITA 07,VITA 07,Non-Inverter,500.0,6820.0,13.64,4,1460.0,2141820.0,118.007.4.02.104.16.0083,,,45,,False,0,0,0,0,0,0,0,13.64,1 PK,13.64,1467.0,0.0,Tidak Ada Data,2,Sedang-Efisien
Electrolux,VITA 09,VITA 09,Non-Inverter,650.0,9000.0,13.85,4,1898.0,2784366.0,118.007.4.03.104.16.0084,,,46,,False,0,0,0,0,0,0,0,13.846153846153848,1 PK,13.85,1467.0,0.0038461538461529,Tidak Ada Data,2,Sedang-Efisien
Electrolux,VITA 12,VITA 12,Non-Inverter,900.0,12000.0,13.33,4,2628.0,3855276.0,118.007.4.04.104.16.0085,,,47,,False,0,0,0,0,0,0,0,13.333333333333334,1.5 PK,13.33,1467.0,0.0033333333333338,Tidak Ada Data,2,Sedang-Efisien
Electrolux,VITA 18,VITA 18,Non-Inverter,1530.0,18000.0,11.76,4,4467.6,6553969.2,118.007.4.05.104.16.0086,,,48,,False,0,0,0,0,0,0,0,11.764705882352942,2 PK,11.76,1467.0,0.0047058823529422,Tidak Ada Data,1,Besar-Efisien
Sharp,AH-A24SEY /AU-A24SEY,AH-A24SEY /AU-A24SEY,Non-Inverter,2395.1,22613.37,9.45,2,6993.69,10259746.16,118.008.2.03.091.16.0089,,,49,,False,0,0,1,1,0,0,0,9.441513924262036,2.5 PK,9.45,1467.0004189490814,0.0084860757379647,Tidak Ada Data,1,Besar-Efisien
Sharp,AH-A18SEY /AU-A18SEY;AH-A18UBY /AU-A18UBY;,AH-A18SEY /AU-A18SEY;AH-A18UBY /AU-A18UBY;,Non-Inverter,1887.6,18008.88,9.55,2,5511.79,8085798.86,118.008.2.04.091.16.0090,,,50,,False,0,0,0,0,0,0,0,9.540623013350286,2 PK,9.55,1467.000531587742,0.0093769866497144,Tidak Ada Data,1,Besar-Efisien
Sharp,AH-A5SEY /AU-A5SEY;AH-AP5SSY /AU-A5SSY;AH-A5UBY /AU-A5UBY;AH-A5UEY /AU-A5UEY;AH-A5SAY /AU-A5SAY;,AH-A5SEY /AU-A5SEY;AH-AP5SSY /AU-A5SSY;AH-A5UBY /AU-A5UBY;AH-A5UEY /AU-A5UEY;AH-A5SAY /AU-A5SAY;,Non-Inverter,434.7,4724.05,10.88,4,1269.32,1862098.31,118.008.4.05.104.16.0091,,,51,,False,0,0,0,0,0,0,0,10.86737980216241,0.5 PK,10.88,1467.004624523367,0.0126201978375899,Tidak Ada Data,2,Sedang-Efisien
Sharp,AH-AP5SHL /AU-A5SHL;AH-AP5UHL /AU-A5UHL;,AH-AP5SHL /AU-A5SHL;AH-AP5UHL /AU-A5UHL;,Non-Inverter,377.2,4532.36,12.01,4,1101.42,1615789.01,118.008.4.06.104.16.0092,,,52,,False,0,0,0,0,0,0,0,12.015800636267231,0.5 PK,12.01,1467.0053294837574,0.0058006362672315,Tidak Ada Data,2,Sedang-Efisien
Sharp,AH-A5SDL /AU-A5SDL,AH-A5SDL /AU-A5SDL,Non-Inverter,374.7,4554.95,12.14,4,1094.12,1605079.91,118.008.4.07.104.16.0093,,,53,,False,0,0,0,0,0,0,0,12.156258340005335,0.5 PK,12.14,1467.0053650422258,0.0162583400053364,Tidak Ada Data,2,Sedang-Efisien
Sharp,AH-AP9SHL /AU-A9SHL,AH-AP9SHL /AU-A9SHL,Non-Inverter,784.4,8928.49,11.39,4,2290.45,3360087.22,118.008.4.08.104.16.0094,,,54,,False,0,0,0,0,0,0,0,11.38257266700663,1 PK,11.39,1466.9987207753936,0.0074273329933713,Tidak Ada Data,2,Sedang-Efisien
Sharp,AH-XP10SHY /AU-X10SHY,AH-XP10SHY /AU-X10SHY,Non-Inverter,814.0,7391.19,13.3,4,2376.88,3486882.96,118.008.4.09.104.16.0095,,,55,,False,0,0,0,0,0,0,0,9.080085995085994,1 PK,13.3,1467.0,4.219914004914006,Tidak Ada Data,2,Sedang-Efisien
Sharp,AH-A12SEY /AU-A12SEY;AH-AP12SSY /AU-A12SSY;AH-A12UBY /AU-A12UBY;AH-A12SAY /AU-A12SAY;,AH-A12SEY /AU-A12SEY;AH-AP12SSY /AU-A12SSY;AH-A12UBY /AU-A12UBY;AH-A12SAY /AU-A12SAY;,Non-Inverter,1102.78,11730.2,10.64,4,3220.12,4723912.52,118.008.4.10.104.16.0096,,,56,,False,0,0,0,0,0,0,0,10.636935744210088,1.5 PK,10.64,1466.9989068730356,0.003064255789912,Tidak Ada Data,2,Sedang-Efisien
Sharp,AH-AP12SHL /AU-A12SHL;AH-AP12UHL /AU-A12UHL,AH-AP12SHL /AU-A12SHL;AH-AP12UHL /AU-A12UHL,Non-Inverter,1006.28,11709.47,11.64,4,2938.34,4310541.26,118.008.4.11.104.16.0097,,,57,,False,0,0,0,0,0,0,0,11.636393449139405,1.5 PK,11.64,1466.9988020446915,0.0036065508605958,Tidak Ada Data,2,Sedang-Efisien
Sharp,AH-A9SDL /AU-A9SDL;AH-A9UDL /AU-A9UDL;AH-AP9UHL /AU-A9UHL,AH-A9SDL /AU-A9SDL;AH-A9UDL /AU-A9UDL;AH-AP9UHL /AU-A9UHL,Non-Inverter,767.06,8679.28,11.31,4,2239.82,3285808.9,118.008.4.12.104.16.0098,,,58,,False,0,0,0,0,0,0,0,11.31499491565197,1 PK,11.31,1466.9968568902857,0.0049949156519701,Tidak Ada Data,2,Sedang-Efisien
Sharp,AH-AP7SHL /AU-A7SHL,AH-AP7SHL /AU-A7SHL,Non-Inverter,587.15,6890.7,11.74,4,1714.48,2515139.23,118.008.4.13.104.16.0099,,,59,,False,0,0,0,0,0,0,0,11.735842629651708,1 PK,11.74,1466.9982910270169,0.0041573703482935,Tidak Ada Data,2,Sedang-Efisien
Sharp,AH-A7SDL /AU-A7SDL;AH-A7UDL /AU-A7UDL;AH-AP7UHL /AU-A7UHL,AH-A7SDL /AU-A7SDL;AH-A7UDL /AU-A7UDL;AH-AP7UHL /AU-A7UHL,Non-Inverter,584.53,6991.39,11.96,4,1706.83,2503916.09,118.008.4.14.104.16.0100,,,60,,False,0,0,0,0,0,0,0,11.96070347116487,1 PK,11.96,1466.9979376973688,0.0007034711648685,Tidak Ada Data,2,Sedang-Efisien
Sharp,AH-A9TEY /AU-A9TEY,AH-A9TEY /AU-A9TEY,Non-Inverter,909.52,8641.09,9.5,2,2655.8,3896056.25,118.008.2.15.091.16.0101,,,61,,False,0,0,0,0,0,0,0,9.500714662679217,1 PK,9.5,1466.9991151442125,0.0007146626792149,Tidak Ada Data,2,Sedang-Efisien
Sharp,AH-AP7SSY /AU-A7SSY;AH-A7SEY /AU-A7SEY;AH-A7SAY /AU-A7SAY;,AH-AP7SSY /AU-A7SSY;AH-A7SEY /AU-A7SEY;AH-A7SAY /AU-A7SAY;,Non-Inverter,660.08,6691.34,10.14,3,1927.43,2827545.09,118.008.3.16.099.16.0102,,,62,,False,0,0,0,0,0,0,0,10.137165192097926,1 PK,10.14,1467.002739399096,0.0028348079020741,Tidak Ada Data,2,Sedang-Efisien
Sharp,AH-A5TEY /AU-A5TEY,AH-A5TEY /AU-A5TEY,Non-Inverter,526.64,5210.09,9.84,2,1537.79,2255936.17,118.008.2.17.091.16.0103,,,63,,False,0,0,0,0,0,0,0,9.893076864651375,0.5 PK,9.84,1466.998855500426,0.0530768646513752,Tidak Ada Data,2,Sedang-Efisien
Sharp,AH-A7TEY /AU-A7TEY,AH-A7TEY /AU-A7TEY,Non-Inverter,678.48,6730.68,9.92,2,1981.16,2906364.07,118.008.2.18.091.16.0104,,,64,,False,0,0,0,0,0,0,0,9.92023346303502,1 PK,9.92,1467.0011861737569,0.0002334630350198,Tidak Ada Data,2,Sedang-Efisien
Daikin,FTNE15JEV14 /RNE15JEV14,FTNE15JEV14 /RNE15JEV14,Non-Inverter,323.5,4398.41,13.6,4,944.62,1385757.54,119.002.4.39.104.16.0105,,,65,,False,0,0,0,0,0,0,0,13.596321483771252,0.5 PK,13.6,1467.0,0.0036785162287475,Tidak Ada Data,2,Sedang-Efisien
Daikin,FTNE20JEV14 /RNE20JEV14,FTNE20JEV14 /RNE20JEV14,Non-Inverter,537.9,6114.65,11.37,4,1570.67,2304169.96,119.002.4.40.104.16.0106,,,66,,False,0,0,0,0,0,0,0,11.367633389105782,1 PK,11.37,1466.9981345540436,0.0023666108942173,Tidak Ada Data,2,Sedang-Efisien
Daikin,FTNE25JEV14 /RNE25JEV14,FTNE25JEV14 /RNE25JEV14,Non-Inverter,699.8,8018.89,11.46,4,2043.42,2997691.27,119.002.4.41.104.16.0107,,,67,,False,0,0,0,0,0,0,0,11.458831094598455,1 PK,11.46,1466.9971273649078,0.0011689054015437,Tidak Ada Data,2,Sedang-Efisien
Daikin,FTNE35JEV14 /RNE35JEV14,FTNE35JEV14 /RNE35JEV14,Non-Inverter,989.5,11211.83,11.33,4,2889.34,4238661.78,119.002.4.42.104.16.0108,,,68,,False,0,0,0,0,0,0,0,11.330803436078828,1.5 PK,11.33,1467.0,0.0008034360788276,Tidak Ada Data,2,Sedang-Efisien
Daikin,FTNE50JEV14 /RNE50JEV14,FTNE50JEV14 /RNE50JEV14,Non-Inverter,1611.0,16388.52,9.87,2,4704.12,6900944.04,119.002.2.43.091.16.0109,,,69,,False,0,0,0,0,0,0,0,10.172886405959032,2 PK,9.87,1467.0,0.3028864059590326,Tidak Ada Data,1,Besar-Efisien
Daikin,FTNE60JEV14 /RNE60JEV15,FTNE60JEV14 /RNE60JEV15,Non-Inverter,1927.6,20477.12,10.38,3,5628.59,8257144.46,119.002.3.44.099.16.0110,,,70,,False,0,0,0,0,0,0,0,10.62311682921768,2.5 PK,10.38,1467.000520556658,0.2431168292176799,Tidak Ada Data,1,Besar-Efisien
Akari,Family 1,Family 1,Non-Inverter,409.0,5210.0,12.7,4,1194.28,1752008.76,119.010.4.01.104.16.0118,,,71,,False,0,0,0,0,0,0,0,12.73838630806846,0.5 PK,12.7,1467.0,0.0383863080684605,Tidak Ada Data,2,Sedang-Efisien
Akari,Family 2,Family 2,Non-Inverter,753.5,7142.0,9.49,2,2200.22,3227722.74,119.010.2.02.091.16.0119,,,72,,False,0,0,0,0,0,0,0,9.47843397478434,1 PK,9.49,1467.0000000000002,0.0115660252156608,Tidak Ada Data,2,Sedang-Efisien
Panasonic,CS-UV5SKP / CU-UV5SKP,CS-UV5SKP / CU-UV5SKP,Non-Inverter,431.0,5077.1,11.78,4,1258.52,1846248.84,118.009.4.08.104.16.0120,,,73,,False,0,0,0,0,0,0,0,11.779814385150813,0.5 PK,11.78,1467.0,0.0001856148491867,Tidak Ada Data,2,Sedang-Efisien
Panasonic,CS-UV9SKP / CU-UV9SKP,CS-UV9SKP / CU-UV9SKP,Non-Inverter,780.0,9099.8,11.66,4,2277.6,3341239.2,118.009.4.09.104.16.0121,,,74,,False,0,0,0,0,0,0,0,11.666410256410256,1 PK,11.66,1467.0000000000002,0.0064102564102554,Tidak Ada Data,2,Sedang-Efisien
LG,QS-C0766NK0,QS-C0766NK0,Non-Inverter,653.1,6769.1,10.36,3,1907.05,2797645.28,118.004.3.03.099.16.0124,,,75,,False,0,0,0,0,0,0,0,10.364568978716887,1 PK,10.36,1467.001536404394,0.0045689787168896,Tidak Ada Data,2,Sedang-Efisien
LG,QS-C096QNK0,QS-C096QNK0,Non-Inverter,916.6,8303.7,9.06,2,2676.47,3926384.42,118.004.2.04.091.16.0125,,,76,,False,0,0,0,0,0,0,0,9.059240672048876,1 PK,9.06,1467.0010947255157,0.0007593279511244,Tidak Ada Data,2,Sedang-Efisien
Gree,GWC-07MOO/IGWC-07MOO/O,GWC-07MOO/IGWC-07MOO/O,Non-Inverter,731.0,6841.0,9.35,2,2134.52,3131340.84,118.011.2.01.091.16.0126,,,77,,False,0,0,0,0,0,0,0,9.358413132694938,1 PK,9.35,1467.0,0.0084131326949385,Tidak Ada Data,2,Sedang-Efisien
Electrolux,VITA PLUS 05,VITA PLUS 05,Non-Inverter,336.0,4773.4,14.21,4,981.12,1439303.04,118.007.4.06.104.16.0127,,,78,,False,0,0,0,0,0,0,0,14.206547619047615,0.5 PK,14.21,1467.0,0.0034523809523836,Tidak Ada Data,2,Sedang-Efisien
Electrolux,VITA PLUS 07,VITA PLUS 07,Non-Inverter,559.0,7073.0,12.65,4,1632.28,2394554.76,118.007.4.07.104.16.0128,,,79,,False,0,0,0,0,0,0,0,12.652951699463328,1 PK,12.65,1467.0,0.0029516994633276,Tidak Ada Data,2,Sedang-Efisien
Electrolux,VITA PLUS 09,VITA PLUS 09,Non-Inverter,718.0,8158.1,11.36,4,2096.56,3075653.52,118.007.4.08.104.16.0129,,,80,,False,0,0,0,0,0,0,0,11.362256267409473,1 PK,11.36,1467.0,0.0022562674094714,Tidak Ada Data,2,Sedang-Efisien
Haier,HSU-05ECO03/LW,HSU-05ECO03/LW,Non-Inverter,350.7,4388.0,12.5,4,1024.04,1502272.55,119.012.4.01.104.16.0130,,,81,,False,0,0,0,0,0,0,0,12.51211861990305,0.5 PK,12.5,1467.0057321979612,0.0121186199030507,Tidak Ada Data,2,Sedang-Efisien
Haier,HSU-12ECO03/LW,HSU-12ECO03/LW,Non-Inverter,1038.8,11828.0,11.39,4,3033.3,4449845.23,119.012.4.02.104.16.0131,,,82,,False,0,0,0,0,0,0,0,11.386214863303811,1.5 PK,11.39,1466.9980648138992,0.0037851366961874,Tidak Ada Data,2,Sedang-Efisien
Haier,HSU-18ECO03/LW,HSU-18ECO03/LW,Non-Inverter,1540.5,18240.0,11.84,4,4498.26,6598947.42,119.012.4.03.104.16.0132,,,83,,False,0,0,0,0,0,0,0,11.84031158714703,2 PK,11.84,1467.0,0.0003115871470296,Tidak Ada Data,1,Besar-Efisien
Haier,HSU-05GTO03 & HSU-05GTR03,HSU-05GTO03 & HSU-05GTR03,Non-Inverter,503.9,5027.0,9.98,3,1471.39,2158526.2,119.012.3.04.099.16.0133,,,84,,False,0,0,0,0,0,0,0,9.9761857511411,0.5 PK,9.98,1466.998008685665,0.0038142488588999,Tidak Ada Data,2,Sedang-Efisien
Haier,HSU-07GTO03 & HSU-07GTR03,HSU-07GTO03 & HSU-07GTR03,Non-Inverter,767.0,7070.0,9.22,2,2239.64,3285551.88,119.012.2.05.091.16.0134,,,85,,False,0,0,0,0,0,0,0,9.217731421121252,1 PK,9.22,1467.0,0.0022685788787484,Tidak Ada Data,2,Sedang-Efisien
Haier,HSU-09GTO03 & HSU-09GTR03,HSU-09GTO03 & HSU-09GTR03,Non-Inverter,891.8,8973.0,10.06,3,2604.06,3820150.15,119.012.3.06.099.16.0135,,,86,,False,0,0,0,0,0,0,0,10.061673020856697,1 PK,10.06,1466.9977458276692,0.0016730208566944,Tidak Ada Data,2,Sedang-Efisien
Haier,HSU-12GTO03 & HSU-12GTR03,HSU-12GTO03 & HSU-12GTR03,Non-Inverter,1143.0,11358.0,9.94,2,3337.56,4896200.52,119.012.2.07.091.16.0136,,,87,,False,0,0,0,0,0,0,0,9.937007874015748,1.5 PK,9.94,1467.0,0.0029921259842513,Tidak Ada Data,2,Sedang-Efisien
Haier,HSU-18GTO03 & HSU-18GTR03,HSU-18GTO03 & HSU-18GTR03,Non-Inverter,1758.0,16754.0,9.53,2,5133.36,7530639.12,119.012.2.08.091.16.0137,,,88,,False,0,0,0,0,0,0,0,9.530147895335608,2 PK,9.53,1467.0000000000002,0.0001478953356084,Tidak Ada Data,1,Besar-Efisien
Haier,HSU-24GTO03 & HSU-24GTR03,HSU-24GTO03 & HSU-24GTR03,Non-Inverter,2290.4,22598.0,9.87,2,6687.97,9811249.06,119.012.2.09.091.16.0138,,,89,,False,0,0,1,1,0,0,0,9.866398882291302,2.5 PK,9.87,1466.9995618999487,0.0036011177086976,Tidak Ada Data,1,Besar-Efisien
Sharp,AH-AP9SSY2 /AU-A9SSY2;AH-A9SEY2 /AU-A9SEY2;AH-A9UEY /AU-A9UEY;AH-A9UBY /AU-A9UBY;AH-A9SAY /AU-A9SAY;,AH-AP9SSY2 /AU-A9SSY2;AH-A9SEY2 /AU-A9SEY2;AH-A9UEY /AU-A9UEY;AH-A9UBY /AU-A9UBY;AH-A9SAY /AU-A9SAY;,Non-Inverter,847.74,8982.29,10.6,4,2475.4,3631412.97,118.008.4.22.104.16.0150,,,90,,False,0,0,0,0,0,0,0,10.595571755491072,1 PK,10.6,1467.0004726508848,0.0044282445089276,Tidak Ada Data,2,Sedang-Efisien
Midea,MSBL-09CRN1(I) /MSBL-09CRN1(O),MSBL-09CRN1(I) /MSBL-09CRN1(O),Non-Inverter,872.0,9591.0,11.0,4,2546.24,3735334.08,118.013.4.01.104.16.0151,,,91,,False,0,0,0,0,0,0,0,10.998853211009177,1 PK,11.0,1467.0000000000002,0.0011467889908249,Tidak Ada Data,2,Sedang-Efisien
Midea,MSBL-12CRN1(I) /MSBL-12CRN1(O),MSBL-12CRN1(I) /MSBL-12CRN1(O),Non-Inverter,1053.0,11474.0,10.9,4,3074.76,4510672.92,118.013.4.02.104.16.0152,,,92,,False,0,0,0,0,0,0,0,10.896486229819564,1.5 PK,10.9,1466.9999999999998,0.0035137701804366,Tidak Ada Data,2,Sedang-Efisien
Midea,MSBC-05CRN1(I) /MSBC-05CRN1(O),MSBC-05CRN1(I) /MSBC-05CRN1(O),Non-Inverter,395.0,4644.0,11.76,4,1153.4,1692037.8,118.013.4.03.104.16.0153,,,93,,False,0,0,0,0,0,0,0,11.756962025316456,0.5 PK,11.76,1467.0,0.0030379746835436,Tidak Ada Data,2,Sedang-Efisien
Midea,MSBC-07CRN1(I) /MSBC-07CRN1(O),MSBC-07CRN1(I) /MSBC-07CRN1(O),Non-Inverter,736.0,7036.0,9.6,2,2149.12,3152759.04,118.013.2.04.091.16.0154,,,94,,False,0,0,0,0,0,0,0,9.559782608695652,1 PK,9.6,1467.0,0.0402173913043473,Tidak Ada Data,2,Sedang-Efisien
Midea,MSBC-09CRN1(I) /MSBC-09CRN1(O),MSBC-09CRN1(I) /MSBC-09CRN1(O),Non-Inverter,694.0,8716.0,9.75,2,2026.48,2972846.16,118.013.2.05.091.16.0155,,,95,,False,0,0,0,0,0,0,0,12.559077809798271,1 PK,9.75,1467.0,2.8090778097982714,Tidak Ada Data,2,Sedang-Efisien
Midea,MSBC-12CRN1(I) /MSBC-12CRN1(O),MSBC-12CRN1(I) /MSBC-12CRN1(O),Non-Inverter,1184.0,11771.0,9.94,2,3457.28,5071829.76,118.013.2.06.091.16.0156,,,96,,False,0,0,0,0,0,0,0,9.941722972972974,1.5 PK,9.94,1466.9999999999998,0.0017229729729741,Tidak Ada Data,2,Sedang-Efisien
Midea,MSBC-18CRN1(I) /MSBC-18CRN1(O),MSBC-18CRN1(I) /MSBC-18CRN1(O),Non-Inverter,1715.0,17116.0,9.98,3,5007.8,7346442.6,118.013.3.07.099.16.0157,,,97,,False,0,0,0,0,0,0,0,9.980174927113705,2 PK,9.98,1466.9999999999998,0.0001749271137025,Tidak Ada Data,1,Besar-Efisien
Midea,MSBC-24CRN1(I) /MSBC-24CRN1(O),MSBC-24CRN1(I) /MSBC-24CRN1(O),Non-Inverter,2367.0,22188.0,9.37,2,6911.64,10139375.88,118.013.2.08.091.16.0158,,,98,,False,0,0,1,1,0,0,0,9.373891001267427,2.5 PK,9.37,1467.0,0.0038910012674282,Tidak Ada Data,1,Besar-Efisien
Midea,MSFC-05CRN1(I) /MSFC-05CRN1(O),MSFC-05CRN1(I) /MSFC-05CRN1(O),Non-Inverter,397.0,4607.0,11.6,4,1159.24,1700605.08,118.013.4.09.104.16.0159,,,99,,False,0,0,0,0,0,0,0,11.604534005037785,0.5 PK,11.6,1467.0,0.0045340050377831,Tidak Ada Data,2,Sedang-Efisien
Midea,MSFC-09CRN1(I) /MSFC-09CRN1(O),MSFC-09CRN1(I) /MSFC-09CRN1(O),Non-Inverter,887.0,9324.0,10.51,4,2590.04,3799588.68,118.013.4.10.104.16.0160,,,100,,False,0,0,0,0,0,0,0,10.511837655016912,1 PK,10.51,1467.0,0.0018376550169119,Tidak Ada Data,2,Sedang-Efisien
Midea,MSC4-05CRN1(I) /MSC4-05CRN1(O),MSC4-05CRN1(I) /MSC4-05CRN1(O),Non-Inverter,360.0,4272.0,11.67,4,1051.2,1542110.4,118.013.4.11.104.16.0161,,,101,,False,0,0,0,0,0,0,0,11.866666666666667,0.5 PK,11.67,1466.9999999999998,0.1966666666666672,Tidak Ada Data,2,Sedang-Efisien
Midea,MSC4-09CRN1(I) /MSC4-09CRN1(O),MSC4-09CRN1(I) /MSC4-09CRN1(O),Non-Inverter,703.0,7773.0,11.06,4,2052.76,3011398.92,118.013.4.12.104.16.0162,,,102,,False,0,0,0,0,0,0,0,11.056899004267423,1 PK,11.06,1466.9999999999998,0.0031009957325753,Tidak Ada Data,2,Sedang-Efisien
Midea,MSF-05CRN1(I) /MSF-05CRN1(O),MSF-05CRN1(I) /MSF-05CRN1(O),Non-Inverter,360.0,4272.0,11.57,4,1051.2,1542110.4,118.013.4.13.104.16.0163,,,103,,False,0,0,0,0,0,0,0,11.866666666666667,0.5 PK,11.57,1466.9999999999998,0.2966666666666668,Tidak Ada Data,2,Sedang-Efisien
Midea,MSF-09CRN1(I) /MSF-09CRN1(O),MSF-09CRN1(I) /MSF-09CRN1(O),Non-Inverter,703.0,7773.0,11.06,4,2052.76,3011398.92,118.013.4.14.104.16.0164,,,104,,False,0,0,0,0,0,0,0,11.056899004267423,1 PK,11.06,1466.9999999999998,0.0031009957325753,Tidak Ada Data,2,Sedang-Efisien
Midea,MSB2-05CRN1(I) /MSB2-05CRN1(O),MSB2-05CRN1(I) /MSB2-05CRN1(O),Non-Inverter,416.0,4470.0,10.75,4,1214.72,1781994.24,118.013.4.15.104.16.0165,,,105,,False,0,0,0,0,0,0,0,10.745192307692308,0.5 PK,10.75,1467.0,0.0048076923076916,Tidak Ada Data,2,Sedang-Efisien
Midea,MSB2-09CRN1(I) /MSB2-09CRN1(O),MSB2-09CRN1(I) /MSB2-09CRN1(O),Non-Inverter,917.0,8016.0,8.74,1,2677.64,3928097.88,118.013.1.16.085.16.0166,,,106,,False,0,0,0,0,0,0,0,8.74154852780807,1 PK,8.74,1467.0,0.0015485278080689,Tidak Ada Data,2,Sedang-Efisien
Midea,MSB2-12CRN1(I) /MSB2-12CRN1(O),MSB2-12CRN1(I) /MSB2-12CRN1(O),Non-Inverter,1095.0,10860.0,9.92,2,3197.4,4690585.8,118.013.2.17.091.16.0167,,,107,,False,0,0,0,0,0,0,0,9.917808219178085,1.5 PK,9.92,1467.0,0.0021917808219171,Tidak Ada Data,2,Sedang-Efisien
Gree,Indoor GWC-05MOO/I Outdoor GWC-05MOO/O,Indoor GWC-05MOO/I Outdoor GWC-05MOO/O,Non-Inverter,590.9,5327.5,9.02,2,1725.43,2531202.88,118.011.2.02.091.16.0173,,,108,,False,0,0,0,0,0,0,0,9.015907937045183,0.5 PK,9.02,1466.9983018725766,0.0040920629548146,Tidak Ada Data,2,Sedang-Efisien
Gree,Indoor GWC-09MOO/I Outdoor GWC-09MOO/O,Indoor GWC-09MOO/I Outdoor GWC-09MOO/O,Non-Inverter,887.1,8592.1,9.69,2,2590.33,3800017.04,118.011.2.03.091.16.0174,,,109,,False,0,0,0,0,0,0,0,9.685604779618984,1 PK,9.69,1467.0011311300104,0.0043952203810153,Tidak Ada Data,2,Sedang-Efisien
Gree,Indoor GWC-12MOO/I Outdoor GWC-12MOO/O,Indoor GWC-12MOO/I Outdoor GWC-12MOO/O,Non-Inverter,1055.0,11126.5,10.55,4,3080.6,4519240.2,118.011.4.04.104.16.0175,,,110,,False,0,0,0,0,0,0,0,10.546445497630332,1.5 PK,10.55,1467.0,0.0035545023696688,Tidak Ada Data,2,Sedang-Efisien
Gree,Indoor GWC-18MOO/I Outdoor GWC-18MOO/O,Indoor GWC-18MOO/I Outdoor GWC-18MOO/O,Non-Inverter,1721.0,17513.8,10.18,3,5025.32,7372144.44,118.011.3.05.099.16.0176,,,111,,False,0,0,0,0,0,0,0,10.176525276002325,2 PK,10.18,1467.0000000000002,0.0034747239976766,Tidak Ada Data,1,Besar-Efisien
Gree,Indoor GWC-24MOO/I Outdoor GWC-24MOO/O,Indoor GWC-24MOO/I Outdoor GWC-24MOO/O,Non-Inverter,2078.0,21260.1,10.23,3,6067.76,8901403.92,118.011.3.06.091.16.0177,,,112,,False,0,0,0,0,0,0,0,10.231039461020211,2.5 PK,10.23,1467.0,0.0010394610202109,Tidak Ada Data,1,Besar-Efisien
Gree,Indoor GWC-05COO/I Outdoor GWC-05COO/O,Indoor GWC-05COO/I Outdoor GWC-05COO/O,Non-Inverter,341.7,4531.0,13.26,4,997.76,1463719.79,118.011.4.07.104.16.0178,,,113,,False,0,0,0,0,0,0,0,13.260169739537606,0.5 PK,13.26,1467.0058831783194,0.0001697395376059,Tidak Ada Data,2,Sedang-Efisien
Gree,Indoor GWC-07COO/I Outdoor GWC-07COO/O,Indoor GWC-07COO/I Outdoor GWC-07COO/O,Non-Inverter,551.7,7002.5,12.69,4,1610.96,2363284.19,118.011.4.08.104.16.0179,,,114,,False,0,0,0,0,0,0,0,12.69258655066159,1 PK,12.69,1467.0036437900385,0.00258655066159,Tidak Ada Data,2,Sedang-Efisien
Gree,Indoor GWC-09COO/I Outdoor GWC-09COO/O,Indoor GWC-09COO/I Outdoor GWC-09COO/O,Non-Inverter,710.9,8418.1,11.84,4,2075.83,3045239.68,118.011.4.09.104.16.0180,,,115,,False,0,0,0,0,0,0,0,11.841468560979042,1 PK,11.84,1466.9985885164008,0.0014685609790419,Tidak Ada Data,2,Sedang-Efisien
Gree,Indoor GWC-12COO/I Outdoor GWC-12COO/O,Indoor GWC-12COO/I Outdoor GWC-12COO/O,Non-Inverter,1044.0,12109.2,11.6,4,3048.48,4472120.16,118.011.4.10.104.16.0181,,,116,,False,0,0,0,0,0,0,0,11.598850574712644,1.5 PK,11.6,1467.0,0.0011494252873553,Tidak Ada Data,2,Sedang-Efisien
Gree,Indoor GWC-18COO/I Outdoor GWC-18COO/O,Indoor GWC-18COO/I Outdoor GWC-18COO/O,Non-Inverter,1549.0,17759.5,11.47,4,4523.08,6635358.36,118.011.4.11.104.16.0182,,,117,,False,0,0,0,0,0,0,0,11.465138799225306,2 PK,11.47,1467.0,0.0048612007746946,Tidak Ada Data,1,Besar-Efisien
Toshiba,RAS-05S3KS-IDRAS-05S3AS-ID,RAS-05S3KS-IDRAS-05S3AS-ID,Non-Inverter,418.06,4831.19,11.56,4,1220.74,1790818.54,118.014.4.01.104.16.0188,,,118,,False,0,0,0,0,0,0,0,11.556212026981772,0.5 PK,11.56,1466.9942330062097,0.0037879730182286,Tidak Ada Data,2,Sedang-Efisien
Toshiba,RAS-07S3KS-IDRAS-07S3AS-ID,RAS-07S3KS-IDRAS-07S3AS-ID,Non-Inverter,632.39,6007.24,9.5,2,1846.58,2708931.1,118.014.2.02.091.16.0189,,,119,,False,0,0,0,0,0,0,0,9.499264694255126,1 PK,9.5,1466.9990468866772,0.0007353057448735,Tidak Ada Data,2,Sedang-Efisien
Toshiba,RAS-10S3KS-IDRAS-10S3AS-ID,RAS-10S3KS-IDRAS-10S3AS-ID,Non-Inverter,841.51,7914.61,9.41,2,2457.21,3604725.9,118.014.2.03.091.16.0190,,,120,,False,0,0,0,0,0,0,0,9.405247709474637,1 PK,9.41,1466.9995238502204,0.0047522905253654,Tidak Ada Data,2,Sedang-Efisien
Toshiba,RAS-13S3KS-IDRAS-13S3AS-ID,RAS-13S3KS-IDRAS-13S3AS-ID,Non-Inverter,1124.42,12165.49,10.82,4,3283.31,4816610.49,118.014.4.04.104.16.0191,,,121,,False,0,0,0,0,0,0,0,10.819346863271733,1.5 PK,10.82,1466.9983918667442,0.0006531367282693,Tidak Ada Data,2,Sedang-Efisien
Toshiba,RAS-18S3KS-IDRAS-18S3AS-ID,RAS-18S3KS-IDRAS-18S3AS-ID,Non-Inverter,1611.63,17048.98,10.58,4,4705.96,6903642.73,118.014.4.05.104.16.0192,,,122,,False,0,0,0,0,0,0,0,10.5787184403368,2 PK,10.58,1466.9998746270687,0.0012815596631998,Tidak Ada Data,1,Besar-Efisien
Toshiba,RAS-24S3KS-IDRAS-24S3AS-ID,RAS-24S3KS-IDRAS-24S3AS-ID,Non-Inverter,2142.17,22526.64,10.52,4,6255.14,9176285.1,118.014.4.06.104.16.0193,,,123,,False,0,0,0,0,0,0,0,10.515804067837752,2.5 PK,10.52,1466.9991558941924,0.0041959321622471,Tidak Ada Data,1,Besar-Efisien
Daikin,FTV60AXV14/ RV60AXV14;FTV60BXV14/ RV60BXV14,FTV60AXV14/ RV60AXV14;FTV60BXV14/ RV60BXV14,Non-Inverter,2012.6,20908.74,10.39,3,5876.79,8621253.86,119.002.3.45.099.16.198,,,124,,False,0,0,0,0,0,0,0,10.38891980522707,2.5 PK,10.39,1467.000498571499,0.0010801947729301,Tidak Ada Data,1,Besar-Efisien
McQuay,M5WM10L;M5WM10P /M5LC10F,M5WM10L;M5WM10P /M5LC10F,Non-Inverter,889.67,8999.39,10.12,3,2597.84,3811026.0,119.016.3.01.099.16.0199,,,125,,False,0,0,0,0,0,0,0,10.115424820439038,1 PK,10.12,1466.9979675422658,0.0045751795609607,Tidak Ada Data,2,Sedang-Efisien
McQuay,M5WM15L;M5WM15P /M5LC15F,M5WM15L;M5WM15P /M5LC15F,Non-Inverter,1089.22,10878.7,9.99,3,3180.52,4665826.36,119.016.3.02.099.16.200,,,126,,False,0,0,0,0,0,0,0,9.98760580966196,1.5 PK,9.99,1467.0011067372632,0.0023941903380393,Tidak Ada Data,2,Sedang-Efisien
McQuay,M5WM20L;M5WM20P /M5LC20CL,M5WM20L;M5WM20P /M5LC20CL,Non-Inverter,1752.69,16534.84,9.43,2,5117.85,7507892.99,119.016.2.03.091.16.201,,,127,,False,0,0,0,0,0,0,0,9.433978627138854,2 PK,9.43,1467.0013755776351,0.0039786271388546,Tidak Ada Data,1,Besar-Efisien
McQuay,M5WM25L;M5WM25P /M5LC25CL,M5WM25L;M5WM25P /M5LC25CL,Non-Inverter,2007.3,20014.62,9.97,3,5861.32,8598550.57,119.016.3.04.099.16.202,,,128,,False,0,0,0,0,0,0,0,9.970916156030489,2.5 PK,9.97,1466.998998519105,0.0009161560304882,Tidak Ada Data,1,Besar-Efisien
Sanken,EL-06R4DEL-06R4L,EL-06R4DEL-06R4L,Non-Inverter,338.0,4500.0,13.3,4,986.96,1447870.32,118.017.4.01.104.16.0203,,,129,,False,0,0,0,0,0,0,0,13.31360946745562,0.5 PK,13.3,1467.0,0.0136094674556197,Tidak Ada Data,2,Sedang-Efisien
Sanken,EL-P06R4DEL-P06R4L,EL-P06R4DEL-P06R4L,Non-Inverter,338.0,4500.0,13.3,4,986.96,1447870.32,118.017.4.02.104.16.0204,,,130,,False,0,0,0,0,0,0,0,13.31360946745562,0.5 PK,13.3,1467.0,0.0136094674556197,Tidak Ada Data,2,Sedang-Efisien
Sanken,EL-10R4DEL-10R4L,EL-10R4DEL-10R4L,Non-Inverter,722.0,8100.0,11.2,4,2108.24,3092788.08,118.017.4.03.104.16.0205,,,131,,False,0,0,0,0,0,0,0,11.218836565096954,1 PK,11.2,1467.0000000000002,0.0188365650969544,Tidak Ada Data,2,Sedang-Efisien
Sanken,EL-P10R4DEL-P10R4L,EL-P10R4DEL-P10R4L,Non-Inverter,722.0,8100.0,11.2,4,2108.24,3092788.08,118.017.4.04.104.16.0206,,,132,,False,0,0,0,0,0,0,0,11.218836565096954,1 PK,11.2,1467.0000000000002,0.0188365650969544,Tidak Ada Data,2,Sedang-Efisien
Sanken,EC-05R4DEC-05R4L,EC-05R4DEC-05R4L,Non-Inverter,416.0,4470.0,10.75,4,1214.72,1781994.24,118.017.4.05.104.16.0207,,,133,,False,0,0,0,0,0,0,0,10.745192307692308,0.5 PK,10.75,1467.0,0.0048076923076916,Tidak Ada Data,2,Sedang-Efisien
Sanken,EC-09R4DEC-09R4L,EC-09R4DEC-09R4L,Non-Inverter,917.0,8750.0,9.54,2,2677.64,3928097.88,118.017.2.06.091.16.0208,,,134,,False,0,0,0,0,0,0,0,9.541984732824428,1 PK,9.54,1467.0,0.0019847328244289,Tidak Ada Data,2,Sedang-Efisien
Mitsubishi Heavy Industries,5000 BTU/h (SRK/C05CR-S3),5000 BTU/h (SRK/C05CR-S3),Non-Inverter,490.0,4511.53,10.63,4,1430.8,2098983.6,011.015.4.04.104.16.0212,,,135,,False,0,0,0,0,0,0,0,9.207204081632652,0.5 PK,10.63,1467.0,1.422795918367349,Tidak Ada Data,2,Sedang-Efisien
Mitsubishi Heavy Industries,8530 BTU/h,8530 BTU/h,Non-Inverter,925.0,7889.21,9.05,2,2701.0,3962367.0,011.015.2.05.091.16.0213,,,136,,False,0,0,0,0,0,0,0,8.528875675675677,1 PK,9.05,1467.0,0.5211243243243242,Tidak Ada Data,2,Sedang-Efisien
Mitsubishi Heavy Industries,9213 BTU/h (SRK/C10CRS-S3),9213 BTU/h (SRK/C10CRS-S3),Non-Inverter,740.0,8589.04,11.8,4,2160.8,3169893.6,011.015.4.06.104.16.0214,,,137,,False,0,0,0,0,0,0,0,11.606810810810812,1 PK,11.8,1467.0,0.193189189189189,Tidak Ada Data,2,Sedang-Efisien
Mitsubishi Heavy Industries,11771 BTU/h (SRK/C12CR-S3),11771 BTU/h (SRK/C12CR-S3),Non-Inverter,1120.0,11194.69,10.13,3,3270.4,4797676.8,011.015.3.07.099.16.0215,,,138,,False,0,0,0,0,0,0,0,9.99525892857143,1.5 PK,10.13,1467.0,0.1347410714285715,Tidak Ada Data,2,Sedang-Efisien
Mitsubishi Heavy Industries,9000 BTU/h (SRK/C09CRR-S3),9000 BTU/h (SRK/C09CRR-S3),Non-Inverter,868.0,8122.67,10.03,3,2534.56,3718199.52,011.015.3.08.099.16.0216,,,139,,False,0,0,0,0,0,0,0,9.35791474654378,1 PK,10.03,1467.0,0.6720852534562205,Tidak Ada Data,2,Sedang-Efisien
Mitsubishi Heavy Industries,12283 BTU/h (SRK/C13CRS-S3),12283 BTU/h (SRK/C13CRS-S3),Non-Inverter,1000.0,11391.94,11.25,4,2920.0,4283640.0,011.015.4.09.104.16.0217,,,140,,False,0,0,0,0,0,0,0,11.39194,1.5 PK,11.25,1467.0,0.1419399999999999,Tidak Ada Data,2,Sedang-Efisien
Mitsubishi Heavy Industries,17413 - 18425 BTU/h (SRK/C18CS-S3),17413 - 18425 BTU/h (SRK/C18CS-S3),Non-Inverter,1460.0,17742.79,11.9,4,4263.2,6254114.4,011.015.4.10.104.16.0218,,,141,,False,0,0,0,0,0,0,0,12.15259589041096,2 PK,11.9,1467.0000000000002,0.2525958904109586,Tidak Ada Data,1,Besar-Efisien
Mitsubishi Heavy Industries,24266 - 25249 BTU/h (SRK/C24CS-S3),24266 - 25249 BTU/h (SRK/C24CS-S3),Non-Inverter,2605.0,24878.95,11.97,4,7606.6,11158882.2,011.015.4.11.104.16.0219,,,142,,False,1,0,1,1,0,0,0,9.550460652591171,3+ PK,11.97,1466.9999999999998,2.419539347408829,Tidak Ada Data,1,Besar-Efisien
Sharp,AH-A5UDL /AU-A5UDL,AH-A5UDL /AU-A5UDL,Non-Inverter,365.34,4682.46,12.82,4,1066.79,1564985.04,118.008.4.23.104.16.0220,,,143,,False,0,0,0,0,0,0,0,12.816718673016917,0.5 PK,12.82,1467.003852679534,0.0032813269830835,Tidak Ada Data,2,Sedang-Efisien
Denpoo,DDS-05 CNI,DDS-05 CNI,Non-Inverter,398.9,4601.95,11.54,4,1164.79,1708744.0,119.018.4.01.104.16.0223,,,144,,False,0,0,0,0,0,0,0,11.53660065179243,0.5 PK,11.54,1466.9974845251077,0.0033993482075693,Tidak Ada Data,2,Sedang-Efisien
Denpoo,DDS-05 CI,DDS-05 CI,Non-Inverter,392.95,4418.58,11.25,4,1147.41,1683256.34,119.018.4.02.104.16.0224,,,145,,False,0,0,0,0,0,0,0,11.244636722229291,0.5 PK,11.25,1467.0051158696542,0.0053632777707086,Tidak Ada Data,2,Sedang-Efisien
Denpoo,DDS-09 CNI,DDS-09 CNI,Non-Inverter,860.8,9102.57,10.57,4,2513.54,3687357.31,119.018.4.03.104.16.0225,,,146,,False,0,0,0,0,0,0,0,10.574546933085502,1 PK,10.57,1466.997664648265,0.0045469330855016,Tidak Ada Data,2,Sedang-Efisien
Denpoo,DDS-12 CNI,DDS-12 CNI,Non-Inverter,1060.9,11210.59,10.57,4,3097.83,4544513.68,119.018.4.04.104.16.0226,,,147,,False,0,0,0,0,0,0,0,10.567056272975774,1.5 PK,10.57,1466.9990541766333,0.0029437270242258,Tidak Ada Data,2,Sedang-Efisien
Denpoo,DDS-18 CNI,DDS-18 CNI,Non-Inverter,1714.98,17964.06,10.47,4,5007.74,7346356.93,119.018.4.05.104.16.0227,,,148,,False,0,0,0,0,0,0,0,10.474792708952874,2 PK,10.47,1467.0004692735645,0.0047927089528734,Tidak Ada Data,1,Besar-Efisien
Denpoo,DDS-199 CI,DDS-199 CI,Non-Inverter,688.25,7307.88,10.62,4,2009.69,2948215.23,119.018.4.06.104.16.0228,,,149,,False,0,0,0,0,0,0,0,10.618060297856884,1 PK,10.62,1467.0,0.0019397021431153,Tidak Ada Data,2,Sedang-Efisien
Gree,GWC-07MOO/IGWC-07MOO/O,GWC-07MOO/IGWC-07MOO/O,Non-Inverter,731.0,6841.0,9.35,2,2134.52,3131340.84,118.019.2.01.091.16.0229,,,150,,False,0,0,0,0,0,0,0,9.358413132694938,1 PK,9.35,1467.0,0.0084131326949385,Tidak Ada Data,2,Sedang-Efisien
Gree,Indoor GWC-09MOO/I Outdoor GWC-09MOO/O,Indoor GWC-09MOO/I Outdoor GWC-09MOO/O,Non-Inverter,887.1,8592.1,9.69,2,2590.33,3800017.04,118.019.2.02.091.16.0230,,,151,,False,0,0,0,0,0,0,0,9.685604779618984,1 PK,9.69,1467.0011311300104,0.0043952203810153,Tidak Ada Data,2,Sedang-Efisien
Gree,Indoor GWC-12MOO/I Outdoor GWC-12MOO/O,Indoor GWC-12MOO/I Outdoor GWC-12MOO/O,Non-Inverter,1055.0,11126.5,10.55,4,3080.6,4519240.2,118.019.4.03.104.16.0231,,,152,,False,0,0,0,0,0,0,0,10.546445497630332,1.5 PK,10.55,1467.0,0.0035545023696688,Tidak Ada Data,2,Sedang-Efisien
Gree,Indoor GWC-18MOO/I Outdoor GWC-18MOO/O,Indoor GWC-18MOO/I Outdoor GWC-18MOO/O,Non-Inverter,1721.0,17513.8,10.18,3,5025.32,7372144.44,118.019.3.04.099.16.0232,,,153,,False,0,0,0,0,0,0,0,10.176525276002325,2 PK,10.18,1467.0000000000002,0.0034747239976766,Tidak Ada Data,1,Besar-Efisien
Gree,Indoor GWC-24MOO/I Outdoor GWC-24MOO/O,Indoor GWC-24MOO/I Outdoor GWC-24MOO/O,Non-Inverter,2078.0,21260.1,10.23,3,6067.76,8901403.92,118.019.3.05.099.16.0233,,,154,,False,0,0,0,0,0,0,0,10.231039461020211,2.5 PK,10.23,1467.0,0.0010394610202109,Tidak Ada Data,1,Besar-Efisien
Gree,Indoor GWC-05MOO/I Outdoor GWC-05MOO/O,Indoor GWC-05MOO/I Outdoor GWC-05MOO/O,Non-Inverter,590.9,5327.5,9.02,2,1725.43,2531202.88,118.019.2.06.091.16.0234,,,155,,False,0,0,0,0,0,0,0,9.015907937045183,0.5 PK,9.02,1466.9983018725766,0.0040920629548146,Tidak Ada Data,2,Sedang-Efisien
Gree,Indoor GWC-18COO/I Outdoor GWC-18COO/O,Indoor GWC-18COO/I Outdoor GWC-18COO/O,Non-Inverter,1549.0,17759.5,11.47,4,4523.08,6635358.36,118.019.4.07.104.16.0235,,,156,,False,0,0,0,0,0,0,0,11.465138799225306,2 PK,11.47,1467.0,0.0048612007746946,Tidak Ada Data,1,Besar-Efisien
Gree,Indoor GWC-05COO/I Outdoor GWC-05COO/O,Indoor GWC-05COO/I Outdoor GWC-05COO/O,Non-Inverter,341.7,4531.0,13.26,4,997.76,1463719.79,118.019.4.08.104.16.0236,,,157,,False,0,0,0,0,0,0,0,13.260169739537606,0.5 PK,13.26,1467.0058831783194,0.0001697395376059,Tidak Ada Data,2,Sedang-Efisien
Gree,Indoor GWC-09COO/I Outdoor GWC-09COO/O,Indoor GWC-09COO/I Outdoor GWC-09COO/O,Non-Inverter,710.9,8416.1,11.84,4,2075.83,3045239.68,118.019.4.09.104.16.0237,,,158,,False,0,0,0,0,0,0,0,11.838655225770152,1 PK,11.84,1466.9985885164008,0.0013447742298478,Tidak Ada Data,2,Sedang-Efisien
Gree,Indoor GWC-12COO/I Outdoor GWC-12COO/O,Indoor GWC-12COO/I Outdoor GWC-12COO/O,Non-Inverter,1044.0,12109.2,11.6,4,3048.48,4472120.16,118.019.4.10.104.16.0238,,,159,,False,0,0,0,0,0,0,0,11.598850574712644,1.5 PK,11.6,1467.0,0.0011494252873553,Tidak Ada Data,2,Sedang-Efisien
Gree,Indoor GWC-07COO/I Outdoor GWC-07COO/O,Indoor GWC-07COO/I Outdoor GWC-07COO/O,Non-Inverter,551.7,7002.5,12.69,4,1610.96,2363284.19,118.019.4.11.104.16.0239,,,160,,False,0,0,0,0,0,0,0,12.69258655066159,1 PK,12.69,1467.0036437900385,0.00258655066159,Tidak Ada Data,2,Sedang-Efisien
Fujiaire,Wall Mounted 1 PK(FW10CIJ-2A1V;FL10CIJ-2A1N),Wall Mounted 1 PK(FW10CIJ-2A1V;FL10CIJ-2A1N),Non-Inverter,884.1,8801.0,10.47,4,2581.57,3787166.12,119.020.4.01.104.16.0243,,,161,,False,0,0,0,0,0,0,0,9.954756249293066,1 PK,10.47,1467.0011349682557,0.5152437507069347,Tidak Ada Data,2,Sedang-Efisien
Fujiaire,"Wall Mounted 1,5 PK(FW15CIJ-2A1V;FL15CIJ-2A1N)","Wall Mounted 1,5 PK(FW15CIJ-2A1V;FL15CIJ-2A1N)",Non-Inverter,1089.0,11962.0,10.98,4,3179.88,4664883.96,119.020.4.02.104.16.0244,,,162,,False,0,0,0,0,0,0,0,10.984389348025712,1.5 PK,10.98,1467.0,0.0043893480257111,Tidak Ada Data,2,Sedang-Efisien
Fujiaire,Wall Mounted 2 PK(FW20CIJ-2A1V;FL20CIJ-2A1N),Wall Mounted 2 PK(FW20CIJ-2A1V;FL20CIJ-2A1N),Non-Inverter,1845.0,18489.0,10.02,3,5387.4,7903315.8,119.020.3.03.099.16.0245,,,163,,False,0,0,0,0,0,0,0,10.021138211382114,2 PK,10.02,1467.0,0.0011382113821145,Tidak Ada Data,1,Besar-Efisien
Fujiaire,"Wall Mounted 2,5 PK(FW25CIJ-2A1V;FL25CIJ-2A1N)","Wall Mounted 2,5 PK(FW25CIJ-2A1V;FL25CIJ-2A1N)",Non-Inverter,2143.0,22435.0,10.47,4,6257.56,9179840.52,119.020.4.04.104.16.0246,,,164,,False,0,0,0,0,0,0,0,10.468968735417638,2.5 PK,10.47,1466.9999999999998,0.0010312645823624,Tidak Ada Data,1,Besar-Efisien
AQUA,AQA-KC105AGC6,AQA-KC105AGC6,Non-Inverter,343.3,4189.54,12.2,4,1002.44,1470573.61,119.021.4.01.104.16.0247,,,165,,False,0,0,0,0,0,0,0,12.20372851733178,0.5 PK,12.2,1466.9941442879374,0.0037285173317798,Tidak Ada Data,2,Sedang-Efisien
AQUA,AQA-KC105AG6,AQA-KC105AG6,Non-Inverter,575.9,5341.94,9.28,2,1681.63,2466948.28,119.021.2.02.091.16.0248,,,166,,False,0,0,0,0,0,0,0,9.275811772877235,0.5 PK,9.28,1466.998257642882,0.0041882271227642,Tidak Ada Data,2,Sedang-Efisien
AQUA,AQA-KC109AG6,AQA-KC109AG6,Non-Inverter,977.5,8753.75,10.13,3,2854.3,4187258.1,119.021.3.03.099.16.0249,,,167,,False,0,0,0,0,0,0,0,8.955242966751918,1 PK,10.13,1467.0,1.174757033248083,Tidak Ada Data,2,Sedang-Efisien
AQUA,AQA-KC112AG6,AQA-KC112AG6,Non-Inverter,1063.1,10862.29,10.21,3,3104.25,4553937.68,119.021.3.04.099.16.0250,,,168,,False,0,0,0,0,0,0,0,10.217561847427335,1.5 PK,10.21,1467.0009438672787,0.0075618474273362,Tidak Ada Data,2,Sedang-Efisien
AQUA,AQA-KC118AG6,AQA-KC118AG6,Non-Inverter,1715.7,16841.14,9.81,2,5009.84,7349441.15,119.021.2.05.091.16.0251,,,169,,False,0,0,0,0,0,0,0,9.815900215655416,2 PK,9.81,1467.001171694106,0.0059002156554157,Tidak Ada Data,1,Besar-Efisien
Gree,GWC05NAS,GWC05NAS,Non-Inverter,547.0,5179.42,9.17,2,1597.24,2343151.08,011.022.2.01.091.16.0252,,,170,,False,0,0,0,0,0,0,0,9.468775137111518,0.5 PK,9.17,1467.0,0.2987751371115177,Tidak Ada Data,2,Sedang-Efisien
Gree,GWC07NAS,GWC07NAS,Non-Inverter,720.0,7194.8,9.85,2,2102.4,3084220.8,011.022.2.02.091.16.0253,,,171,,False,0,0,0,0,0,0,0,9.992777777777778,1 PK,9.85,1466.9999999999998,0.1427777777777787,Tidak Ada Data,2,Sedang-Efisien
Gree,GWC09NAS,GWC09NAS,Non-Inverter,850.0,8528.13,9.99,3,2482.0,3641094.0,011.022.3.03.099.16.0254,,,172,,False,0,0,0,0,0,0,0,10.033094117647058,1 PK,9.99,1467.0,0.0430941176470582,Tidak Ada Data,2,Sedang-Efisien
Gree,GWC12NAS,GWC12NAS,Non-Inverter,1070.0,10753.77,9.89,2,3124.4,4583494.8,011.022.2.04.091.16.0255,,,173,,False,0,0,0,0,0,0,0,10.0502523364486,1.5 PK,9.89,1467.0,0.1602523364485986,Tidak Ada Data,2,Sedang-Efisien
Gree,GWC18NAS,GWC18NAS,Non-Inverter,1832.0,17691.44,10.41,4,5349.44,7847628.48,011.022.4.05.104.16.0256,,,174,,False,0,0,0,0,0,0,0,9.656899563318776,2 PK,10.41,1467.0000000000002,0.7531004366812244,Tidak Ada Data,1,Besar-Efisien
Gree,GWC24NAS,GWC24NAS,Non-Inverter,2140.0,21226.9,10.04,3,6248.8,9166989.6,011.022.3.06.099.16.0257,,,175,,False,0,0,0,0,0,0,0,9.919112149532712,2.5 PK,10.04,1467.0,0.1208878504672874,Tidak Ada Data,1,Besar-Efisien
Gree,GWC05LWS,GWC05LWS,Non-Inverter,320.0,4359.56,13.26,4,934.4,1370764.8,011.022.4.07.104.16.0258,,,176,,False,0,0,0,0,0,0,0,13.623625,0.5 PK,13.26,1467.0,0.3636250000000007,Tidak Ada Data,2,Sedang-Efisien
Gree,GWC07LWS,GWC07LWS,Non-Inverter,520.0,6413.86,12.17,4,1518.4,2227492.8,011.022.4.08.104.16.0259,,,177,,False,0,0,0,0,0,0,0,12.334346153846154,1 PK,12.17,1466.9999999999998,0.1643461538461537,Tidak Ada Data,2,Sedang-Efisien
Gree,GWC09LWS,GWC09LWS,Non-Inverter,680.0,8740.83,12.42,4,1985.6,2912875.2,011.022.4.09.104.16.0260,,,178,,False,0,0,0,0,0,0,0,12.854161764705882,1 PK,12.42,1467.0000000000002,0.4341617647058822,Tidak Ada Data,2,Sedang-Efisien
Gree,Indoor GWC-24COO/I Outdoor GWC-24COO/O,Indoor GWC-24COO/I Outdoor GWC-24COO/O,Non-Inverter,2338.7,23058.2,9.86,2,6829.0,10018148.87,118.011.2.16.091.16.0264,,,179,,False,0,0,1,1,0,0,0,9.859409073416856,2.5 PK,9.86,1467.000859569483,0.0005909265831434,Tidak Ada Data,1,Besar-Efisien
Honshu,HSM93,HSM93,Non-Inverter,945.0,8161.5,8.63,1,2759.4,4048039.8,118.024.1.01.085.16.0269,,,180,,False,0,0,0,0,0,0,0,8.636507936507936,1 PK,8.63,1466.9999999999998,0.0065079365079352,Tidak Ada Data,2,Sedang-Efisien
Honshu,HSD6000,HSD6000,Non-Inverter,416.0,4510.6,10.84,4,1214.72,1781994.24,118.024.4.02.104.16.0270,,,181,,False,0,0,0,0,0,0,0,10.842788461538465,0.5 PK,10.84,1467.0,0.0027884615384632,Tidak Ada Data,2,Sedang-Efisien
Honshu,HSD6006,HSD6006,Non-Inverter,365.0,4531.1,12.41,4,1065.8,1563528.6,118.024.4.03.104.16.0271,,,182,,False,0,0,0,0,0,0,0,12.413972602739728,0.5 PK,12.41,1467.0000000000002,0.0039726027397275,Tidak Ada Data,2,Sedang-Efisien
Honshu,HSD7006,HSD7006,Non-Inverter,671.75,6844.4,10.19,3,1961.51,2877535.17,118.024.3.04.099.16.0272,,,183,,False,0,0,0,0,0,0,0,10.188909564570151,1 PK,10.19,1467.0,0.0010904354298482,Tidak Ada Data,2,Sedang-Efisien
Honshu,HSD9000,HSD9000,Non-Inverter,800.77,8096.6,10.11,3,2338.25,3430210.4,118.024.3.05.099.16.0273,,,184,,False,0,0,0,0,0,0,0,10.111018145035404,1 PK,10.11,1466.9989949748742,0.0010181450354043,Tidak Ada Data,2,Sedang-Efisien
Honshu,HSD9006,HSD9006,Non-Inverter,733.78,8097.6,11.01,4,2142.64,3143249.36,118.024.4.06.104.16.0274,,,185,,False,0,0,0,0,0,0,0,11.035460219684374,1 PK,11.01,1466.9983571668597,0.0254602196843745,Tidak Ada Data,2,Sedang-Efisien
Honshu,HSD12006,HSD12006,Non-Inverter,1185.74,11942.0,10.07,3,3462.36,5079283.29,118.024.3.07.099.16.0275,,,186,,False,0,0,0,0,0,0,0,10.071347850287584,1.5 PK,10.07,1467.0003379198004,0.0013478502875834,Tidak Ada Data,2,Sedang-Efisien
Honshu,HSD18006,HSD18006,Non-Inverter,1770.62,17820.8,10.06,3,5170.21,7584698.66,118.024.3.08.099.16.0276,,,187,,False,0,0,0,0,0,0,0,10.064723091346536,2 PK,10.06,1467.0001141152875,0.0047230913465341,Tidak Ada Data,1,Besar-Efisien
Honshu,HSD23006,HSD23006,Non-Inverter,2368.7,23643.0,10.06,3,6916.6,10146658.07,118.024.3.09.099.16.0277,,,188,,False,0,0,1,1,0,0,0,9.981424410013933,3+ PK,10.06,1467.0008486828788,0.0785755899860678,Tidak Ada Data,1,Besar-Efisien
AUX,ASW-05B4/FOR1,ASW-05B4/FOR1,Non-Inverter,350.0,5000.0,11.18,4,1022.0,1499274.0,104.025.4.01.104.16.0278,,,189,,False,0,0,0,0,0,0,0,14.285714285714286,0.5 PK,11.18,1467.0,3.1057142857142868,Tidak Ada Data,2,Sedang-Efisien
AUX,ASW-05A4/FAR1,ASW-05A4/FAR1,Non-Inverter,540.0,5000.0,10.52,4,1576.8,2313165.6,104.025.4.02.104.16.0279,,,190,,False,0,0,0,0,0,0,0,9.25925925925926,0.5 PK,10.52,1467.0,1.26074074074074,Tidak Ada Data,2,Sedang-Efisien
AUX,ASW-07A4/FAR1,ASW-07A4/FAR1,Non-Inverter,720.0,7000.0,10.44,4,2102.4,3084220.8,104.025.4.03.104.16.0280,,,191,,False,0,0,0,0,0,0,0,9.72222222222222,1 PK,10.44,1466.9999999999998,0.7177777777777781,Tidak Ada Data,2,Sedang-Efisien
AUX,ASW-09A4/FAR1,ASW-09A4/FAR1,Non-Inverter,900.0,9000.0,10.5,4,2628.0,3855276.0,104.025.4.04.104.16.0281,,,192,,False,0,0,0,0,0,0,0,10.0,1 PK,10.5,1467.0,0.5,Tidak Ada Data,2,Sedang-Efisien
AUX,ASW-18A4/FAR1,ASW-18A4/FAR1,Non-Inverter,1800.0,18000.0,10.47,4,5256.0,7710552.0,104.025.4.05.104.16.0282,,,193,,False,0,0,0,0,0,0,0,10.0,2 PK,10.47,1467.0,0.4700000000000006,Tidak Ada Data,1,Besar-Efisien
Elba,EA 60 A,EA 60 A,Non-Inverter,398.06,4460.81,11.2,4,1162.34,1705145.74,119.026.4.01.104.16.0283,,,194,,False,0,0,0,0,0,0,0,11.206375923227656,0.5 PK,11.2,1466.9939432524047,0.0063759232276563,Tidak Ada Data,2,Sedang-Efisien
Elba,EA 80 A,EA 80 A,Non-Inverter,886.9,7654.85,8.63,1,2589.75,3799160.32,119.026.1.02.085.16.0284,,,195,,False,0,0,0,0,0,0,0,8.631018153117601,1 PK,8.63,1466.998868616662,0.0010181531176005,Tidak Ada Data,2,Sedang-Efisien
Haier,HSU-09ECO03/LW,HSU-09ECO03/LW,Non-Inverter,741.6,8143.0,10.98,4,2165.47,3176747.42,119.012.4.10.104.16.0285,,,196,,False,0,0,0,0,0,0,0,10.980312837108952,1 PK,10.98,1467.001353054995,0.000312837108952,Tidak Ada Data,2,Sedang-Efisien
Electrolux,Everest 05,Everest 05,Non-Inverter,396.0,4776.0,12.06,4,1156.32,1696321.44,118.007.4.09.104.16.0286,,,197,,False,0,0,0,0,0,0,0,12.06060606060606,0.5 PK,12.06,1467.0,0.00060606060606,Tidak Ada Data,2,Sedang-Efisien
Electrolux,Polar 05,Polar 05,Non-Inverter,396.0,4776.0,12.06,4,1156.32,1696321.44,118.007.4.10.104.16.0287,,,198,,False,0,0,0,0,0,0,0,12.06060606060606,0.5 PK,12.06,1467.0,0.00060606060606,Tidak Ada Data,2,Sedang-Efisien
Electrolux,Everest 09,Everest 09,Non-Inverter,793.0,8656.0,10.92,4,2315.56,3396926.52,118.007.4.11.104.16.0288,,,199,,False,0,0,0,0,0,0,0,10.915510718789408,1 PK,10.92,1467.0,0.0044892812105921,Tidak Ada Data,2,Sedang-Efisien
Electrolux,Polar 09,Polar 09,Non-Inverter,793.0,8656.0,10.92,4,2315.56,3396926.52,118.007.4.12.104.16.0289,,,200,,False,0,0,0,0,0,0,0,10.915510718789408,1 PK,10.92,1467.0,0.0044892812105921,Tidak Ada Data,2,Sedang-Efisien
Electrolux,Polar 12,Polar 12,Non-Inverter,1030.0,11321.0,10.99,4,3007.6,4412149.2,118.007.4.13.104.16.0290,,,201,,False,0,0,0,0,0,0,0,10.99126213592233,1.5 PK,10.99,1467.0,0.0012621359223299,Tidak Ada Data,2,Sedang-Efisien
Electrolux,Polar 18,Polar 18,Non-Inverter,1553.0,16865.0,10.86,4,4534.76,6652492.92,118.007.4.14.104.16.0291,,,202,,False,0,0,0,0,0,0,0,10.859626529298133,2 PK,10.86,1467.0,0.0003734707018665,Tidak Ada Data,1,Besar-Efisien
Toshiba,RAS-05BKS-ID / RAS-05BAS-ID,RAS-05BKS-ID / RAS-05BAS-ID,Non-Inverter,389.0,4695.0,12.07,4,1135.88,1666335.96,118.014.4.11.104.16.0292,,,203,,False,0,0,0,0,0,0,0,12.069408740359895,0.5 PK,12.07,1466.9999999999998,0.0005912596401032,Tidak Ada Data,2,Sedang-Efisien
Toshiba,RAS-07BKS-ID / RAS-07BAS-ID,RAS-07BKS-ID / RAS-07BAS-ID,Non-Inverter,690.0,7482.0,10.84,4,2014.8,2955711.6,118.014.4.12.104.16.0293,,,204,,False,0,0,0,0,0,0,0,10.843478260869563,1 PK,10.84,1467.0,0.0034782608695653,Tidak Ada Data,2,Sedang-Efisien
Toshiba,RAS-10BKS-ID / RAS-10BAS-ID,RAS-10BKS-ID / RAS-10BAS-ID,Non-Inverter,807.0,8892.0,11.02,4,2356.44,3456897.48,118.014.4.13.104.16.0294,,,205,,False,0,0,0,0,0,0,0,11.018587360594797,1 PK,11.02,1467.0,0.0014126394052045,Tidak Ada Data,2,Sedang-Efisien
Toshiba,RAS-13BKS-ID / RAS-13BAS-ID,RAS-13BKS-ID / RAS-13BAS-ID,Non-Inverter,1029.0,11464.0,11.14,4,3004.68,4407865.56,118.014.4.14.104.16.0295,,,206,,False,0,0,0,0,0,0,0,11.140913508260446,1.5 PK,11.14,1467.0,0.0009135082604458,Tidak Ada Data,2,Sedang-Efisien
Toshiba,RAS-18BKS-ID / RAS-18BAS-ID,RAS-18BKS-ID / RAS-18BAS-ID,Non-Inverter,1708.0,17776.5,10.4,4,4987.36,7316457.12,118.014.4.15.104.16.0296,,,207,,False,0,0,0,0,0,0,0,10.4077868852459,2 PK,10.4,1467.0000000000002,0.0077868852459008,Tidak Ada Data,1,Besar-Efisien
Toshiba,RAS-24BKS-ID / RAS-24BAS-ID,RAS-24BKS-ID / RAS-24BAS-ID,Non-Inverter,2022.0,22522.0,11.14,4,5904.24,8661520.08,118.014.4.16.104.16.0297,,,208,,False,0,0,0,0,0,0,0,11.13847675568744,2.5 PK,11.14,1467.0,0.0015232443125619,Tidak Ada Data,1,Besar-Efisien
Carrier,42KHD005N16 / 38KHD005N16,42KHD005N16 / 38KHD005N16,Non-Inverter,389.0,4695.0,12.07,4,1135.88,1666335.96,118.014.4.17.104.16.0298,,,209,,False,0,0,0,0,0,0,0,12.069408740359895,0.5 PK,12.07,1466.9999999999998,0.0005912596401032,Tidak Ada Data,2,Sedang-Efisien
Carrier,42KHD007N16 / 38KHD007N16,42KHD007N16 / 38KHD007N16,Non-Inverter,690.0,7482.0,10.84,4,2014.8,2955711.6,118.014.4.18.104.16.0299,,,210,,False,0,0,0,0,0,0,0,10.843478260869563,1 PK,10.84,1467.0,0.0034782608695653,Tidak Ada Data,2,Sedang-Efisien
Carrier,42KHD009N16 / 38KHD009N16,42KHD009N16 / 38KHD009N16,Non-Inverter,807.0,8892.0,11.02,4,2356.44,3456897.48,118.014.4.19.104.16.0300,,,211,,False,0,0,0,0,0,0,0,11.018587360594797,1 PK,11.02,1467.0,0.0014126394052045,Tidak Ada Data,2,Sedang-Efisien
Carrier,42KHD012N16 / 38KHD012N16,42KHD012N16 / 38KHD012N16,Non-Inverter,1029.0,11464.0,11.14,4,3004.68,4407865.56,118.014.4.20.104.16.0301,,,212,,False,0,0,0,0,0,0,0,11.140913508260446,1.5 PK,11.14,1467.0,0.0009135082604458,Tidak Ada Data,2,Sedang-Efisien
Carrier,42KHD018N16 / 38KHD018N16,42KHD018N16 / 38KHD018N16,Non-Inverter,1708.0,17776.5,10.4,4,4987.36,7316457.12,118.014.4.21.104.16.0302,,,213,,False,0,0,0,0,0,0,0,10.4077868852459,2 PK,10.4,1467.0000000000002,0.0077868852459008,Tidak Ada Data,1,Besar-Efisien
Carrier,42KHD024N16 / 38KHD024N16,42KHD024N16 / 38KHD024N16,Non-Inverter,2022.0,22522.0,11.14,4,5904.24,8661520.08,118.014.4.22.104.16.0303,,,214,,False,0,0,0,0,0,0,0,11.13847675568744,2.5 PK,11.14,1467.0,0.0015232443125619,Tidak Ada Data,1,Besar-Efisien
TECO,LS05401IDW / LT05401IDW,LS05401IDW / LT05401IDW,Non-Inverter,410.0,4387.0,10.7,4,1197.2,1756292.4,119.028.4.01.104.16.0304,,,215,,False,0,0,0,0,0,0,0,10.7,0.5 PK,10.7,1466.9999999999998,0.0,Tidak Ada Data,2,Sedang-Efisien
TECO,LS09401ID / LT09401ID,LS09401ID / LT09401ID,Non-Inverter,741.7,8182.0,11.02,4,2165.76,3177175.79,119.028.4.02.104.16.0305,,,216,,False,0,0,0,0,0,0,0,11.031414318457596,1 PK,11.02,1467.0027103649527,0.0114143184575965,Tidak Ada Data,2,Sedang-Efisien
TECO,LS09401IDW / LT09401IDW,LS09401IDW / LT09401IDW,Non-Inverter,745.3,8227.0,11.05,4,2176.28,3192596.89,119.028.4.03.104.16.0306,,,217,,False,0,0,0,0,0,0,0,11.038507983362406,1 PK,11.05,1466.99730273678,0.0114920166375949,Tidak Ada Data,2,Sedang-Efisien
TECO,LS12401ID / LT12401ID,LS12401ID / LT12401ID,Non-Inverter,1281.8,11714.0,9.1,2,3742.86,5490769.75,119.028.2.04.091.16.0307,,,218,,False,0,0,0,0,0,0,0,9.13871118739273,1.5 PK,9.1,1466.9984316805865,0.0387111873927299,Tidak Ada Data,2,Sedang-Efisien
TECO,LS18401ID / LT18401ID,LS18401ID / LT18401ID,Non-Inverter,1935.4,17883.0,9.2,2,5651.37,8290556.86,119.028.2.05.091.16.0308,,,219,,False,0,0,0,0,0,0,0,9.239950397850572,2 PK,9.2,1466.999481541644,0.039950397850573,Tidak Ada Data,1,Besar-Efisien
Sanken,ESA-05D/ESA-05L,ESA-05D/ESA-05L,Non-Inverter,397.0,4607.0,11.6,4,1159.24,1700605.08,118.017.4.07.104.16.0309,,,220,,False,0,0,0,0,0,0,0,11.604534005037785,0.5 PK,11.6,1467.0,0.0045340050377831,Tidak Ada Data,2,Sedang-Efisien
Sanken,ESA-07D/ESA-07L,ESA-07D/ESA-07L,Non-Inverter,733.0,7060.0,9.63,2,2140.36,3139908.12,118.017.2.08.091.16.0310,,,221,,False,0,0,0,0,0,0,0,9.631650750341064,1 PK,9.63,1467.0,0.0016507503410636,Tidak Ada Data,2,Sedang-Efisien
Sanken,ESA-09D/ESA-09L,ESA-09D/ESA-09L,Non-Inverter,887.0,9324.0,10.51,4,2590.04,3799588.68,118.017.4.09.104.16.0311,,,222,,False,0,0,0,0,0,0,0,10.511837655016912,1 PK,10.51,1467.0,0.0018376550169119,Tidak Ada Data,2,Sedang-Efisien
Sanken,ESA-12D/ESA-12L,ESA-12D/ESA-12L,Non-Inverter,1043.0,11368.0,10.9,4,3045.56,4467836.52,118.017.4.10.104.16.0312,,,223,,False,0,0,0,0,0,0,0,10.899328859060402,1.5 PK,10.9,1466.9999999999998,0.0006711409395983,Tidak Ada Data,2,Sedang-Efisien
Sanken,ESA-18D/ESA-18L,ESA-18D/ESA-18L,Non-Inverter,1747.0,16864.0,9.65,2,5101.24,7483519.08,118.017.4.11.091.16.0313,,,224,,False,0,0,0,0,0,0,0,9.6531196336577,2 PK,9.65,1467.0,0.0031196336576986,Tidak Ada Data,1,Besar-Efisien
Gree,GWC-09UCR/I & GWC-09UCR/O,GWC-09UCR/I & GWC-09UCR/O,Non-Inverter,687.7,9015.1,17.21,4,2008.08,2945859.23,118.019.4.14.104.16.0315,,,225,,False,0,0,0,0,0,0,0,13.10905918278319,1 PK,17.21,1467.002923190311,4.100940817216811,Tidak Ada Data,2,Sedang-Efisien
Changhong,CSC-05,CSC-05,Non-Inverter,389.0,4857.6,12.5,4,1135.88,1666335.96,118.029.4.01.104.16.0318,,,226,,False,0,0,0,0,0,0,0,12.487403598971722,0.5 PK,12.5,1466.9999999999998,0.0125964010282775,Tidak Ada Data,2,Sedang-Efisien
Changhong,CSC-09,CSC-09,Non-Inverter,784.0,9253.3,11.8,4,2289.28,3358373.76,118.029.4.02.104.16.0319,,,227,,False,0,0,0,0,0,0,0,11.80267857142857,1 PK,11.8,1466.9999999999998,0.0026785714285697,Tidak Ada Data,2,Sedang-Efisien
TCL,TAC-05CSA/BY,TAC-05CSA/BY,Non-Inverter,412.93,4565.88,11.06,4,1205.76,1768843.47,118.031.4.01.104.17.0001,,,228,,False,0,0,0,0,0,0,0,11.05727362991306,0.5 PK,11.06,1466.9946506767517,0.0027263700869397,Tidak Ada Data,2,Sedang-Efisien
TCL,TAC-09CSA/BY,TAC-09CSA/BY,Non-Inverter,840.08,8687.06,10.58,4,2453.03,3598600.29,118.031.4.02.104.17.0002,,,229,,False,0,0,0,0,0,0,0,10.340753261594132,1 PK,10.58,1467.0021524400431,0.2392467384058676,Tidak Ada Data,2,Sedang-Efisien
TCL,TAC-06CSA/KA,TAC-06CSA/KA,Non-Inverter,365.29,4780.18,13.08,4,1066.65,1564770.86,118.031.4.03.104.17.0003,,,230,,False,0,0,0,0,0,0,0,13.085986476498125,0.5 PK,13.08,1466.9956030562978,0.0059864764981245,Tidak Ada Data,2,Sedang-Efisien
TCL,TAC-09CSA/KA,TAC-09CSA/KA,Non-Inverter,766.9,8516.55,11.11,4,2239.35,3285123.52,118.031.4.04.104.17.0004,,,231,,False,0,0,0,0,0,0,0,11.105163645846917,1 PK,11.11,1466.9986915846116,0.0048363541530846,Tidak Ada Data,2,Sedang-Efisien
AQUA,AQA-KC105AGE6,AQA-KC105AGE6,Non-Inverter,358.0,4056.39,11.33,4,1045.36,1533543.12,119.021.4.06.104.17.0005,,,232,,False,0,0,0,0,0,0,0,11.330698324022348,0.5 PK,11.33,1467.0000000000002,0.0006983240223465,Tidak Ada Data,2,Sedang-Efisien
AQUA,AQA-KC205AGE3,AQA-KC205AGE3,Non-Inverter,358.0,4056.39,11.33,4,1045.36,1533543.12,119.021.4.07.104.17.0006,,,233,,False,0,0,0,0,0,0,0,11.330698324022348,0.5 PK,11.33,1467.0000000000002,0.0006983240223465,Tidak Ada Data,2,Sedang-Efisien
Akari,AC-91200GLWi/k,AC-91200GLWi/k,Non-Inverter,1099.5,9550.01,8.7,1,3210.54,4709862.18,119.010.1.03.085.17.0007,,,234,,False,0,0,0,0,0,0,0,8.685775352432925,1 PK,8.7,1467.0,0.0142246475670742,Tidak Ada Data,2,Sedang-Efisien
Akari,AC-91800GLWi/k,AC-91800GLWi/k,Non-Inverter,1540.8,14753.25,9.58,2,4499.14,6600232.51,119.010.2.04.091.17.0008,,,235,,False,0,0,0,0,0,0,0,9.575058411214954,2 PK,9.58,1466.998695306214,0.0049415887850461,Tidak Ada Data,1,Besar-Efisien
COOCAA,SMFC05A-1AA1NB /SMFC05A-2AA1NB,SMFC05A-1AA1NB /SMFC05A-2AA1NB,Non-Inverter,335.0,4441.72,12.38,4,978.2,1435019.4,011.022.4.13.104.17.0009,,,236,,False,0,0,0,0,0,0,0,13.258865671641791,0.5 PK,12.38,1466.9999999999998,0.8788656716417904,Tidak Ada Data,2,Sedang-Efisien
COOCAA,SMFC07A-2AA1NB /SMFC07A-1AA1NA,SMFC07A-2AA1NB /SMFC07A-1AA1NA,Non-Inverter,500.0,6373.93,12.1,4,1460.0,2141820.0,011.022.4.14.104.17.0010,,,237,,False,0,0,0,0,0,0,0,12.74786,1 PK,12.1,1467.0,0.6478600000000014,Tidak Ada Data,2,Sedang-Efisien
COOCAA,SMFC09A-1AA1NA /SMFC09A-2AA1NB,SMFC09A-1AA1NA /SMFC09A-2AA1NB,Non-Inverter,970.0,8539.74,10.09,3,2832.4,4155130.8,011.022.3.15.099.17.0011,,,238,,False,0,0,0,0,0,0,0,8.803855670103093,1 PK,10.09,1467.0,1.2861443298969064,Tidak Ada Data,2,Sedang-Efisien
COOCAA,SMFC12A-3AA1NA,SMFC12A-3AA1NA,Non-Inverter,1279.0,11642.89,9.89,2,3734.68,5478775.56,011.022.2.16.091.17.0012,,,239,,False,0,0,0,0,0,0,0,9.1031196247068,1.5 PK,9.89,1467.0,0.7868803752931992,Tidak Ada Data,2,Sedang-Efisien
COOCAA,SMFC18A-4AA1NA,SMFC18A-4AA1NA,Non-Inverter,1918.0,17386.77,10.19,3,5600.56,8216021.52,011.022.3.17.099.17.0013,,,240,,False,0,0,0,0,0,0,0,9.06505213764338,2 PK,10.19,1466.9999999999998,1.1249478623566205,Tidak Ada Data,1,Besar-Efisien
COOCAA,SMFC24A-4AA1NA,SMFC24A-4AA1NA,Non-Inverter,2220.0,21390.13,10.19,3,6482.4,9509680.8,011.022.3.18.099.17.0014,,,241,,False,0,0,0,0,0,0,0,9.635193693693694,2.5 PK,10.19,1467.0000000000002,0.5548063063063058,Tidak Ada Data,1,Besar-Efisien
Changhong,CSC-12,CSC-12,Non-Inverter,1100.0,11860.1,10.78,4,3212.0,4712004.0,118.029.4.03.104.17.0015,,,242,,False,0,0,0,0,0,0,0,10.78190909090909,1.5 PK,10.78,1467.0,0.0019090909090913,Tidak Ada Data,2,Sedang-Efisien
Changhong,CSC-18,CSC-18,Non-Inverter,1545.5,16227.5,10.5,4,4512.86,6620365.62,118.029.4.04.104.17.0016,,,243,,False,0,0,0,0,0,0,0,10.499838240051764,2 PK,10.5,1467.0000000000002,0.0001617599482361,Tidak Ada Data,1,Besar-Efisien
Changhong,CSC-07,CSC-07,Non-Inverter,642.0,7765.0,12.1,4,1874.64,2750096.88,118.029.4.05.104.17.0025,,,244,,False,0,0,0,0,0,0,0,12.095015576323988,1 PK,12.1,1466.9999999999998,0.0049844236760119,Tidak Ada Data,2,Sedang-Efisien
Gree,Indoor GWC-05MOO2/I Outdoor GWC-05MOO2/O,Indoor GWC-05MOO2/I Outdoor GWC-05MOO2/O,Non-Inverter,351.0,4245.0,12.1,4,1024.92,1503557.64,118.011.4.17.104.17.0028,,,245,,False,0,0,0,0,0,0,0,12.094017094017094,0.5 PK,12.1,1466.9999999999998,0.0059829059829059,Tidak Ada Data,2,Sedang-Efisien
Midea,MSOC-05CRLN2 (I) /MSOC-05CRLN2 (O),MSOC-05CRLN2 (I) /MSOC-05CRLN2 (O),Non-Inverter,329.0,4445.0,13.51,4,960.68,1409317.56,118.013.4.23.104.17.0029,,,246,,False,0,0,0,0,0,0,0,13.51063829787234,0.5 PK,13.51,1467.0000000000002,0.0006382978723404,Tidak Ada Data,2,Sedang-Efisien
Midea,MSBM-05CRLN2(I) /MSBM-05CRLN2(O),MSBM-05CRLN2(I) /MSBM-05CRLN2(O),Non-Inverter,329.0,4445.0,13.51,4,960.68,1409317.56,118.013.4.24.104.17.0030,,,247,,False,0,0,0,0,0,0,0,13.51063829787234,0.5 PK,13.51,1467.0000000000002,0.0006382978723404,Tidak Ada Data,2,Sedang-Efisien
Midea,MSFO-05CRLN2(I) /MSFO-05CRLN2(O),MSFO-05CRLN2(I) /MSFO-05CRLN2(O),Non-Inverter,331.0,4330.0,13.08,4,966.52,1417884.84,118.013.4.25.104.17.0031,,,248,,False,0,0,0,0,0,0,0,13.081570996978853,0.5 PK,13.08,1467.0000000000002,0.0015709969788524,Tidak Ada Data,2,Sedang-Efisien
Haier,AQA-K107AG6 /AQA-C107AG6,AQA-K107AG6 /AQA-C107AG6,Non-Inverter,747.6,7407.46,9.91,2,2182.99,3202449.26,119.021.2.08.091.17.0032,,,249,,False,0,0,0,0,0,0,0,9.908319957196362,1 PK,9.91,1467.0013421957958,0.0016800428036383,Tidak Ada Data,2,Sedang-Efisien
Haier,AQA-K109AGC6 /AQA-C109AGC6,AQA-K109AGC6 /AQA-C109AGC6,Non-Inverter,709.8,8796.01,12.39,4,2072.62,3040527.67,119.021.4.09.104.17.0033,,,250,,False,0,0,0,0,0,0,0,12.39223724992956,1 PK,12.39,1466.9971678358793,0.0022372499295588,Tidak Ada Data,2,Sedang-Efisien
Midea,MSOC-09CRLN2(I) /MSOC-09CRLN2(O),MSOC-09CRLN2(I) /MSOC-09CRLN2(O),Non-Inverter,688.0,8851.0,12.86,4,2008.96,2947144.32,118.013.4.26.104.17.0034,,,251,,False,0,0,0,0,0,0,0,12.86482558139535,1 PK,12.86,1467.0,0.0048255813953499,Tidak Ada Data,2,Sedang-Efisien
Midea,MSBM-09CRLN2(I) /MSBM-09CRLN2(O),MSBM-09CRLN2(I) /MSBM-09CRLN2(O),Non-Inverter,688.0,8851.0,12.86,4,2008.96,2947144.32,118.013.4.27.104.17.0035,,,252,,False,0,0,0,0,0,0,0,12.86482558139535,1 PK,12.86,1467.0,0.0048255813953499,Tidak Ada Data,2,Sedang-Efisien
Midea,MSFO-09CRLN2(I) /MSFO-09CRLN2(O),MSFO-09CRLN2(I) /MSFO-09CRLN2(O),Non-Inverter,689.0,8649.0,12.55,4,2011.88,2951427.96,118.013.4.28.104.17.0036,,,253,,False,0,0,0,0,0,0,0,12.552975326560231,1 PK,12.55,1467.0,0.0029753265602323,Tidak Ada Data,2,Sedang-Efisien
Midea,MSBN-05CRN1 (I) /MSBN-05CRN1 (O),MSBN-05CRN1 (I) /MSBN-05CRN1 (O),Non-Inverter,395.0,4644.0,11.76,4,1153.4,1692037.8,118.013.4.26.104.17.0039,,,254,,False,0,0,0,0,0,0,0,11.756962025316456,0.5 PK,11.76,1467.0,0.0030379746835436,Tidak Ada Data,2,Sedang-Efisien
Midea,MSBN-09CRN1 (I) /MSBN-09CRN1 (O),MSBN-09CRN1 (I) /MSBN-09CRN1 (O),Non-Inverter,894.0,8716.0,9.75,2,2610.48,3829574.16,118.013.2.27.091.17.0040,,,255,,False,0,0,0,0,0,0,0,9.749440715883669,1 PK,9.75,1467.0,0.0005592841163313,Tidak Ada Data,2,Sedang-Efisien
Midea,MSBN-18CRN1 (I) /MSBN-18CRN1 (O),MSBN-18CRN1 (I) /MSBN-18CRN1 (O),Non-Inverter,1715.0,17116.0,9.98,2,5007.8,7346442.6,118.013.2.28.091.17.0041,,,256,,False,0,0,0,0,0,0,0,9.980174927113705,2 PK,9.98,1466.9999999999998,0.0001749271137025,Tidak Ada Data,1,Besar-Efisien
DR KUHLER,GWC12NAS ,GWC12NAS ,Non-Inverter,1070.0,11003.96,10.82,4,3124.4,4583494.8,011.030.4.01.104.17.0042,,,257,,False,0,0,0,0,0,0,0,10.28407476635514,1.5 PK,10.82,1467.0,0.5359252336448606,Tidak Ada Data,2,Sedang-Efisien
DR KUHLER,GWC18NAS,GWC18NAS,Non-Inverter,1832.0,17573.94,10.55,4,5349.44,7847628.48,011.030.4.02.104.17.0043,,,258,,False,0,0,0,0,0,0,0,9.592762008733624,2 PK,10.55,1467.0000000000002,0.9572379912663768,Tidak Ada Data,1,Besar-Efisien
Gree,Indoor GWC-05C3/IOutdoor GWC-05C3/O,Indoor GWC-05C3/IOutdoor GWC-05C3/O,Non-Inverter,320.0,4451.6,13.9,4,934.4,1370764.8,118.011.4.18.104.17.0044,,,259,,False,0,0,0,0,0,0,0,13.91125,0.5 PK,13.9,1467.0,0.0112500000000004,Tidak Ada Data,2,Sedang-Efisien
Gree,Indoor GWC-09C3/IOutdoor GWC-09C3/O,Indoor GWC-09C3/IOutdoor GWC-09C3/O,Non-Inverter,692.0,8150.0,11.78,4,2020.64,2964278.88,118.011.4.18.104.17.0045,,,260,,False,0,0,0,0,0,0,0,11.777456647398845,1 PK,11.78,1466.9999999999998,0.0025433526011546,Tidak Ada Data,2,Sedang-Efisien
AQUA,AQA-KC205AGC3,AQA-KC205AGC3,Non-Inverter,333.77,4392.17,13.16,4,974.61,1429750.52,118.021.4.10.104.17.0046,,,261,,False,0,0,0,0,0,0,0,13.159271354525572,0.5 PK,13.16,1466.9975887791013,0.0007286454744281,Tidak Ada Data,2,Sedang-Efisien
AQUA,AQA-KC205AG3,AQA-KC205AG3,Non-Inverter,574.3,5264.42,9.18,2,1676.96,2460094.45,118.021.2.11.104.17.0047,,,262,,False,0,0,0,0,0,0,0,9.16667247083406,0.5 PK,9.18,1466.9964996183571,0.0133275291659398,Tidak Ada Data,2,Sedang-Efisien
AQUA,AQA-KC209AG3,AQA-KC209AG3,Non-Inverter,855.5,8818.26,10.3,3,2498.06,3664654.02,118.021.3.12.104.17.0048,,,263,,False,0,0,0,0,0,0,0,10.30772647574518,1 PK,10.3,1467.0,0.0077264757451782,Tidak Ada Data,2,Sedang-Efisien
Elba,EA 90 A,EA 90 A,Non-Inverter,886.9,8308.15,9.36,2,2589.75,3799160.32,119.026.2.03.091.16.0049,,,264,,False,0,0,0,0,0,0,0,9.367628819483594,1 PK,9.36,1466.998868616662,0.0076288194835942,Tidak Ada Data,2,Sedang-Efisien
Elba,EA 120 A,EA 120 A,Non-Inverter,1125.3,11749.0,10.44,4,3285.88,4820380.09,119.026.4.04.104.16.0050,,,265,,False,0,0,0,0,0,0,0,10.44077134986226,1.5 PK,10.44,1466.998213568359,0.0007713498622603,Tidak Ada Data,2,Sedang-Efisien
Elba,EA 180 A,EA 180 A,Non-Inverter,1894.7,17290.97,9.12,2,5532.52,8116212.71,119.026.2.05.091.16.0051,,,266,,False,0,0,0,0,0,0,0,9.125967171583891,2 PK,9.12,1467.0010609993276,0.0059671715838938,Tidak Ada Data,1,Besar-Efisien
Sharp,AH-A5UCY /AU-A5UCY;AH-A5VEY /AU-A5VEY;,AH-A5UCY /AU-A5UCY;AH-A5VEY /AU-A5VEY;,Non-Inverter,327.9,4369.3,13.33,4,957.47,1404605.56,118.008.4.30.104.17.0052,,,267,,False,0,0,0,0,0,0,0,13.32509911558402,0.5 PK,13.33,1466.9969398519013,0.0049008844159796,Tidak Ada Data,2,Sedang-Efisien
Sharp,AH-A7UCY /AU-A7UCY;AH-A7VEY /AU-A7VEY,AH-A7UCY /AU-A7UCY;AH-A7VEY /AU-A7VEY,Non-Inverter,522.4,6074.6,11.63,4,1525.41,2237773.54,118.008.4.31.104.17.0053,,,268,,False,0,0,0,0,0,0,0,11.628254211332314,1 PK,11.63,1466.998079204935,0.0017457886676872,Tidak Ada Data,2,Sedang-Efisien
Sharp,AH-A9UCY /AU-A9UCY;AH-A9VEY /AU-A9VEY,AH-A9UCY /AU-A9UCY;AH-A9VEY /AU-A9VEY,Non-Inverter,689.5,7962.2,11.55,4,2013.34,2953569.78,118.008.4.32.104.17.0054,,,269,,False,0,0,0,0,0,0,0,11.54778825235678,1 PK,11.55,1467.0,0.002211747643221,Tidak Ada Data,2,Sedang-Efisien
Sharp,AH-A12UCY /AU-A12UCY;AH-A12VEY /AU-A12VEY,AH-A12UCY /AU-A12UCY;AH-A12VEY /AU-A12VEY,Non-Inverter,1010.9,12311.7,12.18,4,2951.83,4330331.68,118.008.4.33.104.17.0055,,,270,,False,0,0,0,0,0,0,0,12.178949450984272,1.5 PK,12.18,1466.9990073954125,0.0010505490157264,Tidak Ada Data,2,Sedang-Efisien
Sharp,AH-A18UCY /AU-A18UCY,AH-A18UCY /AU-A18UCY,Non-Inverter,1551.0,18046.07,11.64,4,4528.92,6643925.64,118.008.4.34.104.17.0056,,,271,,False,0,0,0,0,0,0,0,11.635119277885234,2 PK,11.64,1467.0,0.0048807221147662,Tidak Ada Data,1,Besar-Efisien
Sharp,AH-A24UCY /AU-A24UCY,AH-A24UCY /AU-A24UCY,Non-Inverter,2137.7,23981.1,11.22,4,6242.08,9157137.23,118.008.4.35.104.17.0057,,,272,,False,0,0,0,0,0,0,0,11.218178416054638,3+ PK,11.22,1467.0009403916645,0.0018215839453628,Tidak Ada Data,1,Besar-Efisien
Gree,GWC-07C3/I /GWC-07C3/O,GWC-07C3/I /GWC-07C3/O,Non-Inverter,499.1,6378.4,12.8,4,1457.37,2137964.72,118.011.4.20.104.17.0060,,,273,,False,0,0,0,0,0,0,0,12.779803646563812,1 PK,12.8,1467.002010470917,0.0201963534361873,Tidak Ada Data,2,Sedang-Efisien
Gree,GWC-12C3/I /GWC-12C3/O,GWC-12C3/I /GWC-12C3/O,Non-Inverter,1010.9,12311.5,12.1,4,2951.83,4330331.68,118.011.4.21.104.17.0061,,,274,,False,0,0,0,0,0,0,0,12.178751607478484,1.5 PK,12.1,1466.9990073954125,0.0787516074784857,Tidak Ada Data,2,Sedang-Efisien
Gree,GWC-18C3/I / GWC-18C3/O,GWC-18C3/I / GWC-18C3/O,Non-Inverter,1540.0,17605.92,11.43,4,4496.8,6596805.6,118.011.4.22.104.17.0062,,,275,,False,0,0,0,0,0,0,0,11.432415584415583,2 PK,11.43,1466.9999999999998,0.0024155844155835,Tidak Ada Data,1,Besar-Efisien
Gree,GWC-24C3/I /GWC-24C3/O,GWC-24C3/I /GWC-24C3/O,Non-Inverter,2137.7,23981.2,11.2,4,6242.08,9157137.23,118.011.4.23.104.17.0063,,,276,,False,0,0,0,0,0,0,0,11.218225195303363,3+ PK,11.2,1467.0009403916645,0.0182251953033656,Tidak Ada Data,1,Besar-Efisien
TCL,TAC-05CSA/LE,TAC-05CSA/LE,Non-Inverter,400.0,5000.0,10.94,4,1168.0,1713456.0,118.031.4.05.104.17.0067,,,277,,False,0,0,0,0,0,0,0,12.5,0.5 PK,10.94,1467.0,1.5600000000000005,Tidak Ada Data,2,Sedang-Efisien
TCL,TAC-09CSA/LE,TAC-09CSA/LE,Non-Inverter,840.0,9000.0,10.6,4,2452.8,3598257.6,118.031.4.06.104.17.0068,,,278,,False,0,0,0,0,0,0,0,10.714285714285714,1 PK,10.6,1467.0,0.1142857142857138,Tidak Ada Data,2,Sedang-Efisien
TCL,TAC-06CSA/JE,TAC-06CSA/JE,Non-Inverter,360.0,5500.0,12.4,4,1051.2,1542110.4,118.031.4.07.104.17.0069,,,279,,False,0,0,0,0,0,0,0,15.27777777777778,1 PK,12.4,1466.9999999999998,2.877777777777778,Tidak Ada Data,2,Sedang-Efisien
TCL,TAC-09CSA/JE,TAC-09CSA/JE,Non-Inverter,680.0,9500.0,11.72,4,1985.6,2912875.2,118.031.4.08.104.17.0070,,,280,,False,0,0,0,0,0,0,0,13.970588235294118,1 PK,11.72,1467.0000000000002,2.250588235294117,Tidak Ada Data,2,Sedang-Efisien
TCL,TAC-12CSA/JE,TAC-12CSA/JE,Non-Inverter,1000.0,12000.0,11.25,4,2920.0,4283640.0,118.031.4.09.104.17.0071,,,281,,False,0,0,0,0,0,0,0,12.0,1.5 PK,11.25,1467.0,0.75,Tidak Ada Data,2,Sedang-Efisien
TCL,TAC-18CSA/JE,TAC-18CSA/JE,Non-Inverter,1400.0,18000.0,10.95,4,4088.0,5997096.0,118.031.4.10.104.17.0072,,,282,,False,0,0,0,0,0,0,0,12.857142857142858,2 PK,10.95,1467.0,1.9071428571428584,Tidak Ada Data,1,Besar-Efisien
TCL,TAC-24CSA/JE,TAC-24CSA/JE,Non-Inverter,1800.0,23000.0,10.93,4,5256.0,7710552.0,118.031.4.11.104.17.0073,,,283,,False,0,0,0,0,0,0,0,12.77777777777778,2.5 PK,10.93,1467.0,1.8477777777777789,Tidak Ada Data,1,Besar-Efisien
Gree,GWC05LWS,GWC05LWS,Non-Inverter,320.0,4356.1,13.17,4,934.4,1370764.8,011.030.4.03.104.17.0074,,,284,,False,0,0,0,0,0,0,0,13.6128125,0.5 PK,13.17,1467.0,0.4428125000000005,Tidak Ada Data,2,Sedang-Efisien
Gree,GWC07LWS,GWC07LWS,Non-Inverter,520.0,6799.58,12.91,4,1518.4,2227492.8,011.030.4.04.104.17.0075,,,285,,False,0,0,0,0,0,0,0,13.076115384615385,1 PK,12.91,1466.9999999999998,0.1661153846153844,Tidak Ada Data,2,Sedang-Efisien
Gree,GWC09LWS,GWC09LWS,Non-Inverter,600.0,8415.01,11.92,4,1752.0,2570184.0,011.030.4.05.104.17.0076,,,286,,False,0,0,0,0,0,0,0,14.025016666666668,1 PK,11.92,1467.0,2.1050166666666676,Tidak Ada Data,2,Sedang-Efisien
Gree,GWC05NAS,GWC05NAS,Non-Inverter,547.0,5219.73,9.05,1,1597.24,2343151.08,011.030.1.06.085.17.0077,,,287,,False,0,0,0,0,0,0,0,9.542468007312614,0.5 PK,9.05,1467.0,0.4924680073126133,Tidak Ada Data,2,Sedang-Efisien
Gree,GWC07NAS,GWC07NAS,Non-Inverter,720.0,6694.98,9.54,2,2102.4,3084220.8,011.030.2.07.091.17.0078,,,288,,False,0,0,0,0,0,0,0,9.298583333333331,1 PK,9.54,1466.9999999999998,0.2414166666666659,Tidak Ada Data,2,Sedang-Efisien
Gree,GWC09NAS,GWC09NAS,Non-Inverter,850.0,8402.69,9.74,2,2482.0,3641094.0,011.030.2.08.091.17.0079,,,289,,False,0,0,0,0,0,0,0,9.885517647058824,1 PK,9.74,1467.0,0.1455176470588242,Tidak Ada Data,2,Sedang-Efisien
Gree,GWC12NAS,GWC12NAS,Non-Inverter,1034.0,10986.23,10.73,4,3019.28,4429283.76,011.030.4.09.104.17.0080,,,290,,False,0,0,0,0,0,0,0,10.624980657640233,1.5 PK,10.73,1466.9999999999998,0.1050193423597694,Tidak Ada Data,2,Sedang-Efisien
Gree,GWC18NAS,GWC18NAS,Non-Inverter,1832.0,17574.02,10.3,3,5349.44,7847628.48,011.030.3.10.099.17.0081,,,291,,False,0,0,0,0,0,0,0,9.592805676855896,2 PK,10.3,1467.0000000000002,0.7071943231441047,Tidak Ada Data,1,Besar-Efisien
Gree,GWC24NAS,GWC24NAS,Non-Inverter,2140.0,21648.14,10.24,3,6248.8,9166989.6,011.030.3.11.099.17.0082,,,292,,False,0,0,0,0,0,0,0,10.115953271028037,2.5 PK,10.24,1467.0,0.1240467289719635,Tidak Ada Data,1,Besar-Efisien
Akari,AC-0909GLWi/k,AC-0909GLWi/k,Non-Inverter,749.93,7810.07,10.41,4,2189.8,3212430.15,119.010.4.05.104.17.0086,,,293,,False,0,0,0,0,0,0,0,10.414398677209872,1 PK,10.41,1466.9970545255271,0.0043986772098723,Tidak Ada Data,2,Sedang-Efisien
Trane,4MCW0530HB00AA / 4TTK0530HB00AA,4MCW0530HB00AA / 4TTK0530HB00AA,Non-Inverter,3160.0,29637.0,9.38,2,9227.2,13536302.4,104.027.2.01.091.17.0087,,,294,,False,1,1,1,1,0,0,0,9.37879746835443,3+ PK,9.38,1467.0,0.0012025316455712,Tidak Ada Data,1,Besar-Efisien
Trane,4MCW0522HB00AA / 4TTK0522HB00AA,4MCW0522HB00AA / 4TTK0522HB00AA,Non-Inverter,2169.0,21231.0,9.79,2,6333.48,9291215.16,104.027.2.02.091.17.0088,,,295,,False,0,0,0,0,0,0,0,9.78838174273859,2.5 PK,9.79,1467.0000000000002,0.0016182572614091,Tidak Ada Data,1,Besar-Efisien
Trane,4MCW0518HB00AA / 4TTK0518HB00AA,4MCW0518HB00AA / 4TTK0518HB00AA,Non-Inverter,1685.0,16853.0,10.0,3,4920.2,7217933.4,104.027.3.03.099.17.0089,,,296,,False,0,0,0,0,0,0,0,10.001780415430266,2 PK,10.0,1467.0000000000002,0.0017804154302663,Tidak Ada Data,1,Besar-Efisien
Trane,4MCW0509HB00AA / 4TTK0509HB00AA,4MCW0509HB00AA / 4TTK0509HB00AA,Non-Inverter,833.0,8566.0,10.28,3,2432.36,3568272.12,104.027.3.04.099.17.0090,,,297,,False,0,0,0,0,0,0,0,10.283313325330132,1 PK,10.28,1467.0,0.0033133253301329,Tidak Ada Data,2,Sedang-Efisien
Trane,4MCW0512HB00AA / 4TTK0512HB00AA,4MCW0512HB00AA / 4TTK0512HB00AA,Non-Inverter,1047.0,10806.0,10.33,3,3057.24,4484971.08,104.027.3.05.099.17.0091,,,298,,False,0,0,0,0,0,0,0,10.320916905444124,1.5 PK,10.33,1467.0000000000002,0.0090830945558746,Tidak Ada Data,2,Sedang-Efisien
Trane,4MCW3505HB00AA / 4TTK3505HB00AA,4MCW3505HB00AA / 4TTK3505HB00AA,Non-Inverter,396.0,4106.0,10.35,3,1156.32,1696321.44,104.027.3.06.099.17.0092,,,299,,False,0,0,0,0,0,0,0,10.368686868686869,0.5 PK,10.35,1467.0,0.0186868686868688,Tidak Ada Data,2,Sedang-Efisien
Trane,4MCW3507HB00AA / 4TTK3507HB00AA,4MCW3507HB00AA / 4TTK3507HB00AA,Non-Inverter,598.0,6535.0,10.92,4,1746.16,2561616.72,104.027.4.07.104.17.0093,,,300,,False,0,0,0,0,0,0,0,10.92809364548495,1 PK,10.92,1467.0,0.0080936454849496,Tidak Ada Data,2,Sedang-Efisien
Uchida,MP-S6EF / MP-S6CMP-S6EE / MP-S6CMP-S6EXE / MP-S6CMP-S6EBP / MP-S6CMP-S7EFL / MP-S6C,MP-S6EF / MP-S6CMP-S6EE / MP-S6CMP-S6EXE / MP-S6CMP-S6EBP / MP-S6CMP-S7EFL / MP-S6C,Non-Inverter,590.0,6010.0,9.1,2,1722.8,2527347.6,011.032.2.01.091.17.0094,,,301,,False,0,0,0,0,0,0,0,10.186440677966102,1 PK,9.1,1467.0,1.0864406779661024,Tidak Ada Data,2,Sedang-Efisien
Uchida,MP-S9EFL / MP-S9LWMP-S7EE / MP-S7CMP-S7EXE / MP-S7CMP-S7EBP / MP-S7CMP-S7EF / MP-S7CMP-S9LGM / MP-S9LWMP-S9LGU / MP-S9LWMP-S9LGT / MP-S9LWMP-S9LGV / MP-S9LW,MP-S9EFL / MP-S9LWMP-S7EE / MP-S7CMP-S7EXE / MP-S7CMP-S7EBP / MP-S7CMP-S7EF / MP-S7CMP-S9LGM / MP-S9LWMP-S9LGU / MP-S9LWMP-S9LGT / MP-S9LWMP-S9LGV / MP-S9LW,Non-Inverter,690.0,8600.0,9.56,2,2014.8,2955711.6,011.032.2.02.091.17.0095,,,302,,False,0,0,0,0,0,0,0,12.46376811594203,1 PK,9.56,1467.0,2.9037681159420288,Tidak Ada Data,2,Sedang-Efisien
Uchida,MP-S5LGV / MP-S5LWMP-S5EFL / MP-S5LWMP-S5LGM / MP-S5LWMP-S5LGT / MP-S5LWMP-S5LGU / MP-S5LWMP-S5SGT / MP-S5LWMP-S5SGM / MP-S5LW,MP-S5LGV / MP-S5LWMP-S5EFL / MP-S5LWMP-S5LGM / MP-S5LWMP-S5LGT / MP-S5LWMP-S5LGU / MP-S5LWMP-S5SGT / MP-S5LWMP-S5SGM / MP-S5LW,Non-Inverter,390.0,5000.0,10.02,3,1138.8,1670619.6,011.032.3.03.099.17.0096,,,303,,False,0,0,0,0,0,0,0,12.82051282051282,0.5 PK,10.02,1467.0000000000002,2.8005128205128216,Tidak Ada Data,2,Sedang-Efisien
Uchida,MP-S16EE / MP-S16C,MP-S16EE / MP-S16C,Non-Inverter,1700.0,17180.0,8.57,1,4964.0,7282188.0,011.032.1.04.085.17.0097,,,304,,False,0,0,0,0,0,0,0,10.105882352941176,2 PK,8.57,1467.0,1.5358823529411758,Tidak Ada Data,1,Besar-Efisien
Uchida,MP-S9EE / MP-S9CMP-S9EXE / MP-S9CMP-S9EBP / MP-S9CMP-S9EF / MP-S9C,MP-S9EE / MP-S9CMP-S9EXE / MP-S9CMP-S9EBP / MP-S9CMP-S9EF / MP-S9C,Non-Inverter,840.0,8600.0,9.32,2,2452.8,3598257.6,011.032.2.05.091.17.0098,,,305,,False,0,0,0,0,0,0,0,10.238095238095235,1 PK,9.32,1467.0,0.918095238095237,Tidak Ada Data,2,Sedang-Efisien
Uchida,MP-S12EE / MP-S12C,MP-S12EE / MP-S12C,Non-Inverter,1100.0,12000.0,10.52,4,3212.0,4712004.0,011.032.4.06.104.17.0099,,,306,,False,0,0,0,0,0,0,0,10.909090909090908,1.5 PK,10.52,1467.0,0.3890909090909087,Tidak Ada Data,2,Sedang-Efisien
Uchida,MP-S5EC / MP-S5CE ,MP-S5EC / MP-S5CE ,Non-Inverter,345.0,5000.0,11.85,4,1007.4,1477855.8,011.032.4.07.104.17.0100,,,307,,False,0,0,0,0,0,0,0,14.492753623188406,0.5 PK,11.85,1467.0,2.6427536231884066,Tidak Ada Data,2,Sedang-Efisien
BESTLIFE,BAC-05BX2,BAC-05BX2,Non-Inverter,380.0,4422.0,11.62,4,1109.6,1627783.2,104.025.4.06.104.17.0101,,,308,,False,0,0,0,0,0,0,0,11.636842105263158,0.5 PK,11.62,1467.0,0.0168421052631586,Tidak Ada Data,2,Sedang-Efisien
BESTLIFE,BAC-09BX2,BAC-09BX2,Non-Inverter,860.0,8880.0,9.44,2,2511.2,3683930.4,104.025.2.07.091.17.0102,,,309,,False,0,0,0,0,0,0,0,10.325581395348838,1 PK,9.44,1467.0,0.8855813953488383,Tidak Ada Data,2,Sedang-Efisien
BESTLIFE,BAC-12BX2,BAC-12BX2,Non-Inverter,1053.0,10721.0,10.17,3,3074.76,4510672.92,104.025.3.08.099.17.0103,,,310,,False,0,0,0,0,0,0,0,10.181386514719849,1.5 PK,10.17,1466.9999999999998,0.0113865147198488,Tidak Ada Data,2,Sedang-Efisien
BESTLIFE,BAC-18BX2,BAC-18BX2,Non-Inverter,1758.0,17296.0,9.83,2,5133.36,7530639.12,104.025.2.09.091.17.0104,,,311,,False,0,0,0,0,0,0,0,9.838452787258248,2 PK,9.83,1467.0000000000002,0.008452787258248,Tidak Ada Data,1,Besar-Efisien
AUX,ASW-12A4/FAR1,ASW-12A4/FAR1,Non-Inverter,1060.0,11121.0,10.48,4,3095.2,4540658.4,104.025.4.10.104.17.0105,,,312,,False,0,0,0,0,0,0,0,10.491509433962264,1.5 PK,10.48,1467.0000000000002,0.0115094339622636,Tidak Ada Data,2,Sedang-Efisien
Mitsubishi Electric,Indoor MS-HP10VF Outdoor MU-HP10VF,Indoor MS-HP10VF Outdoor MU-HP10VF,Non-Inverter,805.5,9740.0,12.09,4,2352.06,3450472.02,119.005.4.09.104.17.0106,,,313,,False,0,0,0,0,0,0,0,12.091868404717566,1 PK,12.09,1467.0,0.0018684047175661,Tidak Ada Data,2,Sedang-Efisien
Mitsubishi Electric,Indoor MS-HP13VF Outdoor MU-HP13VF,Indoor MS-HP13VF Outdoor MU-HP13VF,Non-Inverter,1124.9,12898.0,11.46,4,3284.71,4818666.64,119.005.4.10.104.17.0107,,,314,,False,0,0,0,0,0,0,0,11.465908080718284,1.5 PK,11.46,1466.999107988224,0.0059080807182834,Tidak Ada Data,2,Sedang-Efisien
Mitsubishi Electric,Indoor MS-HP18VF Outdoor MU-HP18VF,Indoor MS-HP18VF Outdoor MU-HP18VF,Non-Inverter,1627.8,18419.0,11.31,4,4753.18,6972909.19,119.005.4.11.104.17.0108,,,315,,False,0,0,0,0,0,0,0,11.31527214645534,2 PK,11.31,1466.9987650373014,0.0052721464553382,Tidak Ada Data,1,Besar-Efisien
Mitsubishi Electric,Indoor MS-HP24VF Outdoor MU-HP24VF,Indoor MS-HP24VF Outdoor MU-HP24VF,Non-Inverter,1882.2,23025.0,12.23,4,5496.02,8062667.21,119.005.4.12.104.17.0109,,,316,,False,0,0,0,0,0,0,0,12.233025183296142,2.5 PK,12.23,1467.0010680456037,0.0030251832961418,Tidak Ada Data,1,Besar-Efisien
LG,S4-Q07WA5AA (T08EV),S4-Q07WA5AA (T08EV),Non-Inverter,626.4,7308.3,12.14,4,1829.09,2683272.1,118.004.4.21.104.17.0110,,,317,,False,0,0,0,0,0,0,0,11.667145593869732,1 PK,12.14,1466.9983981105358,0.4728544061302688,Tidak Ada Data,2,Sedang-Efisien
LG,S4-Q09WA5AA (T10EV),S4-Q09WA5AA (T10EV),Non-Inverter,913.8,9488.7,11.53,4,2668.3,3914390.23,118.004.4.22.104.17.0111,,,318,,False,0,0,0,0,0,0,0,10.383782009192386,1 PK,11.53,1466.9978000974402,1.1462179908076138,Tidak Ada Data,2,Sedang-Efisien
Electrolux,Polar 07(ESM07CRK-B2I;ESM07CRK-B2E),Polar 07(ESM07CRK-B2I;ESM07CRK-B2E),Non-Inverter,687.0,7322.0,10.66,4,2006.04,2942860.68,118.007.4.15.104.17.0114,,,319,,False,0,0,0,0,0,0,0,10.657933042212518,1 PK,10.66,1467.0,0.0020669577874823,Tidak Ada Data,2,Sedang-Efisien
Haier,HSU-09GTZ03;HSU-09GTX03;HSU-09IMX03,HSU-09GTZ03;HSU-09GTX03;HSU-09IMX03,Non-Inverter,881.2,8975.9,10.19,3,2573.1,3774743.57,118.012.3.11.099.17.0122,,,320,,False,0,0,0,0,0,0,0,10.185996368588288,1 PK,10.19,1467.002281294936,0.0040036314117113,Tidak Ada Data,2,Sedang-Efisien
Haier,HSU-12GTZ03;HSU-12GTX03;HSU-12IMX03,HSU-12GTZ03;HSU-12GTX03;HSU-12IMX03,Non-Inverter,1168.4,11911.0,10.19,3,3411.73,5005004.98,118.012.3.12.099.17.0123,,,321,,False,0,0,0,0,0,0,0,10.194282779869908,1.5 PK,10.19,1466.9991411981605,0.0042827798699072,Tidak Ada Data,2,Sedang-Efisien
Haier,HSU-18GTZ03;HSU-18GTX03;HSU-18IMX03,HSU-18GTZ03;HSU-18GTX03;HSU-18IMX03,Non-Inverter,1766.9,17875.8,10.12,3,5159.35,7568763.52,118.012.3.13.099.17.0124,,,322,,False,0,0,0,0,0,0,0,10.117041145509084,2 PK,10.12,1466.9994320990045,0.0029588544909167,Tidak Ada Data,1,Besar-Efisien
Haier,HSU-24GTZ03;HSU-24GTX03;HSU-24IMX03,HSU-24GTZ03;HSU-24GTX03;HSU-24IMX03,Non-Inverter,2248.0,22600.1,10.05,3,6564.16,9629622.72,118.012.3.14.099.17.0125,,,323,,False,0,0,0,1,0,0,0,10.053425266903917,2.5 PK,10.05,1467.0000000000002,0.003425266903914,Tidak Ada Data,1,Besar-Efisien
Haier,HSU-05LXX03,HSU-05LXX03,Non-Inverter,516.8,5266.8,10.19,3,1509.06,2213785.15,118.012.3.19.099.17.0130,,,324,,False,0,0,0,0,0,0,0,10.191176470588236,0.5 PK,10.19,1466.9961101612926,0.0011764705882377,Tidak Ada Data,2,Sedang-Efisien
Haier,HSU-05GTZ03;HSU-05GTX03;HSU-05IMX03,HSU-05GTZ03;HSU-05GTX03;HSU-05IMX03,Non-Inverter,527.5,5860.8,11.11,4,1540.3,2259620.1,118.012.4.20.104.17.0131,,,325,,False,0,0,0,0,0,0,0,11.11052132701422,1 PK,11.11,1467.0,0.0005213270142192,Tidak Ada Data,2,Sedang-Efisien
Haier,HSU-07GTZ03;HSU-07GTX03;HSU-07IMX03,HSU-07GTZ03;HSU-07GTX03;HSU-07IMX03,Non-Inverter,687.7,7255.3,10.55,4,2008.08,2945859.23,118.012.4.21.104.17.0132,,,326,,False,0,0,0,0,0,0,0,10.550094517958412,1 PK,10.55,1467.002923190311,9.45179584110889e-05,Tidak Ada Data,2,Sedang-Efisien
Sanken,ELA-06D / ELA-06L,ELA-06D / ELA-06L,Non-Inverter,336.0,4350.3,12.95,4,981.12,1439303.04,118.017.4.13.104.17.0135,,,327,,False,0,0,0,0,0,0,0,12.94732142857143,0.5 PK,12.95,1467.0,0.0026785714285697,Tidak Ada Data,2,Sedang-Efisien
Sanken,EL-06ELAD / EL-06ELAL,EL-06ELAD / EL-06ELAL,Non-Inverter,336.0,4350.3,12.95,4,981.12,1439303.04,118.017.4.14.104.17.0136,,,328,,False,0,0,0,0,0,0,0,12.94732142857143,0.5 PK,12.95,1467.0,0.0026785714285697,Tidak Ada Data,2,Sedang-Efisien
Sanken,ELA-10D / ELA-10L,ELA-10D / ELA-10L,Non-Inverter,887.0,9324.0,10.51,4,2590.04,3799588.68,118.017.4.15.104.17.0137,,,329,,False,0,0,0,0,0,0,0,10.511837655016912,1 PK,10.51,1467.0,0.0018376550169119,Tidak Ada Data,2,Sedang-Efisien
Sanken,EL-10ELAD / EL-10ELAL,EL-10ELAD / EL-10ELAL,Non-Inverter,887.0,9324.0,10.51,4,2590.04,3799588.68,118.017.4.16.104.17.0138,,,330,,False,0,0,0,0,0,0,0,10.511837655016912,1 PK,10.51,1467.0,0.0018376550169119,Tidak Ada Data,2,Sedang-Efisien
Sanken,ESA-05D / ESA-05L,ESA-05D / ESA-05L,Non-Inverter,397.0,4607.0,11.6,4,1159.24,1700605.08,118.017.4.17.104.17.0139,,,331,,False,0,0,0,0,0,0,0,11.604534005037785,0.5 PK,11.6,1467.0,0.0045340050377831,Tidak Ada Data,2,Sedang-Efisien
Sanken,ESA-07D / ESA-07L,ESA-07D / ESA-07L,Non-Inverter,733.0,7060.0,9.63,2,2140.36,3139908.12,118.017.2.18.091.17.0140,,,332,,False,0,0,0,0,0,0,0,9.631650750341064,1 PK,9.63,1467.0,0.0016507503410636,Tidak Ada Data,2,Sedang-Efisien
Sanken,ESA-09D / ESA-09L,ESA-09D / ESA-09L,Non-Inverter,887.0,9324.0,10.51,4,2590.04,3799588.68,118.017.4.19.104.17.0141,,,333,,False,0,0,0,0,0,0,0,10.511837655016912,1 PK,10.51,1467.0,0.0018376550169119,Tidak Ada Data,2,Sedang-Efisien
Panasonic,CU/CS-YN5TKJ;CU/CS-YN5TKJ-1,CU/CS-YN5TKJ;CU/CS-YN5TKJ-1,Non-Inverter,420.3,4692.0,11.16,4,1227.28,1800413.89,119.006.4.11.104.17.0142,,,334,,False,0,0,0,0,0,0,0,11.163454675231977,0.5 PK,11.16,1466.9952170653803,0.0034546752319766,Tidak Ada Data,2,Sedang-Efisien
Panasonic,CU/CS-PN5TKJ,CU/CS-PN5TKJ,Non-Inverter,391.5,5079.0,12.97,4,1143.18,1677045.06,119.006.4.12.104.17.0143,,,335,,False,0,0,0,0,0,0,0,12.973180076628353,0.5 PK,12.97,1467.0,0.003180076628352,Tidak Ada Data,2,Sedang-Efisien
Panasonic,CU/CS-KN5TKJ;CU/CS-XN5TKJ,CU/CS-KN5TKJ;CU/CS-XN5TKJ,Non-Inverter,375.0,5041.0,13.44,4,1095.0,1606365.0,119.006.4.13.104.17.0144,,,336,,False,0,0,0,0,0,0,0,13.442666666666666,0.5 PK,13.44,1467.0,0.0026666666666663,Tidak Ada Data,2,Sedang-Efisien
Panasonic,CU/CS-YN7TKJ;CU/CS-YN7TKJ-1,CU/CS-YN7TKJ;CU/CS-YN7TKJ-1,Non-Inverter,665.4,7179.0,10.79,4,1942.97,2850334.06,119.006.4.14.104.17.0145,,,337,,False,0,0,0,0,0,0,0,10.788999098286745,1 PK,10.79,1466.9984919993617,0.0010009017132546,Tidak Ada Data,2,Sedang-Efisien
Panasonic,CU/CS-PN7TKJ,CU/CS-PN7TKJ,Non-Inverter,597.6,6714.0,11.24,4,1744.99,2559903.26,119.006.4.15.104.17.0146,,,338,,False,0,0,0,0,0,0,0,11.234939759036145,1 PK,11.24,1467.0016790927168,0.0050602409638553,Tidak Ada Data,2,Sedang-Efisien
Panasonic,CU/CS-KN7TKJ;CU/CS-XN7TKJ,CU/CS-KN7TKJ;CU/CS-XN7TKJ,Non-Inverter,582.4,6795.0,11.67,4,1700.61,2494791.94,119.006.4.16.104.17.0147,,,339,,False,0,0,0,0,0,0,0,11.667239010989013,1 PK,11.67,1466.9982770888091,0.0027609890109889,Tidak Ada Data,2,Sedang-Efisien
Panasonic,CU/CS-YN9TKJ;CU/CS-YN9TKJ-1,CU/CS-YN9TKJ;CU/CS-YN9TKJ-1,Non-Inverter,789.1,8499.0,10.77,4,2304.17,3380220.32,119.006.4.17.104.17.0148,,,340,,False,0,0,0,0,0,0,0,10.770498035736916,1 PK,10.77,1467.0012716075637,0.0004980357369159,Tidak Ada Data,2,Sedang-Efisien
Panasonic,CU/CS-PN9TKJ,CU/CS-PN9TKJ,Non-Inverter,754.0,8532.0,11.32,4,2201.68,3229864.56,119.006.4.18.104.17.0149,,,341,,False,0,0,0,0,0,0,0,11.315649867374006,1 PK,11.32,1467.0000000000002,0.0043501326259942,Tidak Ada Data,2,Sedang-Efisien
Panasonic,CU/CS-KN9TKJ;CU/CS-XN9TKJ,CU/CS-KN9TKJ;CU/CS-XN9TKJ,Non-Inverter,734.2,8778.0,11.96,4,2143.86,3145048.49,119.006.4.19.104.17.0150,,,342,,False,0,0,0,0,0,0,0,11.955870335058568,1 PK,11.96,1467.002738051925,0.0041296649414341,Tidak Ada Data,2,Sedang-Efisien
Panasonic,CU/CSPN12TKJ,CU/CSPN12TKJ,Non-Inverter,1005.9,11414.0,11.35,4,2937.23,4308913.48,119.006.4.20.104.17.0151,,,343,,False,0,0,0,0,0,0,0,11.347052390893728,1.5 PK,11.35,1466.999002461503,0.0029476091062718,Tidak Ada Data,2,Sedang-Efisien
Panasonic,CU/CS-YN12TKJ,CU/CS-YN12TKJ,Non-Inverter,1050.9,11273.0,10.73,4,3068.63,4501677.28,119.006.4.21.104.17.0152,,,344,,False,0,0,0,0,0,0,0,10.7269959082691,1.5 PK,10.73,1466.999045176512,0.0030040917308991,Tidak Ada Data,2,Sedang-Efisien
Panasonic,CS-UV5RKP / CU-UV5RKP,CS-UV5RKP / CU-UV5RKP,Non-Inverter,410.0,4961.0,12.1,4,1197.2,1756292.4,118.009.4.20.104.17.0153,,,345,,False,0,0,0,0,0,0,0,12.1,0.5 PK,12.1,1466.9999999999998,0.0,Tidak Ada Data,2,Sedang-Efisien
Panasonic,CS-UV9RKP / CU-UV9RKP,CS-UV9RKP / CU-UV9RKP,Non-Inverter,853.6,5819.7,9.98,3,2492.51,3656515.1,118.009.3.21.099.17.0154,,,346,,False,0,0,0,0,0,0,0,6.817830365510778,1 PK,9.98,1467.0011755218634,3.1621696344892225,Tidak Ada Data,2,Sedang-Efisien
Premiere Air,PKSH-10NF / PUSH-10NF,PKSH-10NF / PUSH-10NF,Non-Inverter,825.5,8506.0,10.3,3,2410.46,3536144.82,118.037.3.01.099.17.0159,,,347,,False,0,0,0,0,0,0,0,10.304058146577832,1 PK,10.3,1467.0,0.0040581465778313,Tidak Ada Data,2,Sedang-Efisien
Premiere Air,PKSH-13NF / PUSH-13NF,PKSH-13NF / PUSH-13NF,Non-Inverter,1049.0,10798.0,10.0,3,3063.08,4493538.36,118.037.3.02.099.17.0160,,,348,,False,0,0,0,0,0,0,0,10.293612964728313,1.5 PK,10.0,1467.0000000000002,0.2936129647283128,Tidak Ada Data,2,Sedang-Efisien
Premiere Air,PKSH-20NF / PUSH-20NF,PKSH-20NF / PUSH-20NF,Non-Inverter,1587.6,17145.0,10.79,3,4635.79,6800706.86,118.037.3.03.099.17.0161,,,349,,False,0,0,0,0,0,0,0,10.799319727891158,2 PK,10.79,1467.0006320389837,0.0093197278911585,Tidak Ada Data,1,Besar-Efisien
Premiere Air,PKSH-25NF / PUSH-25NF,PKSH-25NF / PUSH-25NF,Non-Inverter,1709.4,19141.0,11.2,4,4991.45,7322454.22,118.037.4.04.104.17.0162,,,350,,False,0,0,0,0,0,0,0,11.197496197496196,2.5 PK,11.2,1466.9994129962236,0.0025038025038028,Tidak Ada Data,1,Besar-Efisien
Panasonic,CS-PN18TKP / CU-PN18TKP;CS-YN18TKP / CU-YN18TKP,CS-PN18TKP / CU-PN18TKP;CS-YN18TKP / CU-YN18TKP,Non-Inverter,1567.1,17504.92,11.17,4,4575.93,6712892.24,118.009.4.22.104.17.0166,,,351,,False,0,0,0,0,0,0,0,11.170263544126092,2 PK,11.17,1467.0006403069976,0.000263544126092,Tidak Ada Data,1,Besar-Efisien
Panasonic,CS-PN24TKP / CU-PN24TKP;CS-YN24TKP / CU-YN24TKP,CS-PN24TKP / CU-PN24TKP;CS-YN24TKP / CU-YN24TKP,Non-Inverter,2101.5,22627.7,10.77,4,6136.38,9002069.46,118.009.4.23.104.17.0167,,,352,,False,0,0,0,0,0,0,0,10.767404235070188,2.5 PK,10.77,1467.0000000000002,0.0025957649298113,Tidak Ada Data,1,Besar-Efisien
Daewoo,DSB-05TGL,DSB-05TGL,Non-Inverter,429.08,4656.42,10.85,4,1252.91,1838024.25,119.034.4.01.104.18.0007,,,353,,False,0,0,0,0,0,0,0,10.852102172089122,0.5 PK,10.85,1467.004214189367,0.0021021720891223,Tidak Ada Data,2,Sedang-Efisien
Daewoo,DSB-09TGL,DSB-09TGL,Non-Inverter,778.36,8279.66,10.64,4,2272.81,3334214.03,119.034.4.02.104.18.0008,,,354,,False,0,0,0,0,0,0,0,10.637314353255563,1 PK,10.64,1467.000774371813,0.0026856467444371,Tidak Ada Data,2,Sedang-Efisien
Daewoo,DSB-12TGL,DSB-12TGL,Non-Inverter,1053.41,11237.87,10.67,4,3075.96,4512429.21,119.034.4.03.104.18.0009,,,355,,False,0,0,0,0,0,0,0,10.66808744933122,1.5 PK,10.67,1466.9986638317794,0.0019125506687807,Tidak Ada Data,2,Sedang-Efisien
Daewoo,DSB-18TGL,DSB-18TGL,Non-Inverter,1526.48,16846.34,11.05,4,4457.32,6538890.79,119.034.4.04.104.18.0010,,,356,,False,0,0,0,0,0,0,0,11.036069912478382,2 PK,11.05,1467.000527222636,0.0139300875216186,Tidak Ada Data,1,Besar-Efisien
Panasonic,CU/CS-LN5TKJ,CU/CS-LN5TKJ,Non-Inverter,410.8,4733.0,11.52,4,1199.54,1759719.31,119.006.4.22.104.18.0011,,,357,,False,0,0,0,0,0,0,0,11.521421616358325,0.5 PK,11.52,1466.9951064574757,0.0014216163583249,Tidak Ada Data,2,Sedang-Efisien
Panasonic,CU/CS-LN9TKJ,CU/CS-LN9TKJ,Non-Inverter,731.1,8237.0,11.27,4,2134.81,3131769.2,119.006.4.23.104.18.0012,,,358,,False,0,0,0,0,0,0,0,11.26658459855013,1 PK,11.27,1467.0013724874814,0.0034154014498692,Tidak Ada Data,2,Sedang-Efisien
Daikin,FTC15NV14/RC15NV14,FTC15NV14/RC15NV14,Non-Inverter,373.1,4848.11,12.99,4,1089.45,1598226.08,119.002.4.52.104.18.0022,,,359,,False,0,0,0,0,0,0,0,12.994130259983915,0.5 PK,12.99,1467.0026894304465,0.004130259983917,Tidak Ada Data,2,Sedang-Efisien
Daikin,FTC20NV14/RC20NV14,FTC20NV14/RC20NV14,Non-Inverter,619.6,6837.65,11.04,4,1809.23,2654143.34,119.002.4.53.104.18.0023,,,360,,False,0,0,0,0,0,0,0,11.035587475790832,1 PK,11.04,1467.0016194734776,0.004412524209167,Tidak Ada Data,2,Sedang-Efisien
Daikin,FTC25NV14/RC25NV14,FTC25NV14/RC25NV14,Non-Inverter,802.6,9334.55,11.63,4,2343.59,3438049.46,119.002.4.54.104.18.0024,,,361,,False,0,0,0,0,0,0,0,11.63038873660603,1 PK,11.63,1467.0012502186814,0.0003887366060286,Tidak Ada Data,2,Sedang-Efisien
Daikin,FTC35NV14/RC35NV14,FTC35NV14/RC35NV14,Non-Inverter,902.8,10958.32,12.14,4,2636.18,3867270.19,119.002.4.55.104.18.0025,,,362,,False,0,0,0,0,0,0,0,12.138147984049624,1.5 PK,12.14,1466.9977732931743,0.0018520159503765,Tidak Ada Data,2,Sedang-Efisien
Daikin,FTC50NV14/RC50NV14,FTC50NV14/RC50NV14,Non-Inverter,1501.5,16607.57,11.06,4,4384.38,6431885.46,119.002.4.56.104.18.0026,,,363,,False,0,0,0,0,0,0,0,11.06065268065268,2 PK,11.06,1467.0,0.0006526806526796,Tidak Ada Data,1,Besar-Efisien
Daikin,FTC60NV14/RC60NV14,FTC60NV14/RC60NV14,Non-Inverter,1874.4,21539.27,11.49,4,5473.25,8029254.82,119.002.4.57.104.18.0027,,,364,,False,0,0,0,0,0,0,0,11.491287878787878,2.5 PK,11.49,1466.9994646690725,0.0012878787878776,Tidak Ada Data,1,Besar-Efisien
Carrier,42KHC009DS38KHC009DS,42KHC009DS38KHC009DS,Non-Inverter,773.0,9229.0,14.81,4,2257.16,3311253.72,118.014.4.23.104.18.0042,,,365,,False,0,0,0,0,0,0,0,11.939197930142305,1 PK,14.81,1467.0000000000002,2.8708020698576977,Tidak Ada Data,2,Sedang-Efisien
Carrier,42KHC012DS38KHC012DS,42KHC012DS38KHC012DS,Non-Inverter,1093.0,11724.0,13.52,4,3191.56,4682018.52,118.014.4.24.104.18.0043,,,366,,False,0,0,0,0,0,0,0,10.72644098810613,1.5 PK,13.52,1466.9999999999998,2.793559011893869,Tidak Ada Data,2,Sedang-Efisien
Carrier,42KHC018DS38KHC018DS,42KHC018DS38KHC018DS,Non-Inverter,1666.0,18090.0,14.22,4,4864.72,7136544.24,118.014.4.25.104.18.0044,,,367,,False,0,0,0,0,0,0,0,10.858343337334937,2 PK,14.22,1467.0,3.361656662665066,Tidak Ada Data,1,Besar-Efisien
Carrier,42KHC022DS38KHC022DS,42KHC022DS38KHC022DS,Non-Inverter,1911.0,21963.0,15.02,4,5580.12,8186036.04,118.014.4.26.104.18.0045,,,368,,False,0,0,0,0,0,0,0,11.49293563579278,2.5 PK,15.02,1467.0,3.52706436420722,Tidak Ada Data,1,Besar-Efisien
Changhong,CSC-05(CSC-05NVB2; CSC-05NVS2),CSC-05(CSC-05NVB2; CSC-05NVS2),Non-Inverter,431.0,4883.0,11.33,4,1258.52,1846248.84,118.029.4.06.104.18.0050,,,369,,False,0,0,0,0,0,0,0,11.329466357308585,0.5 PK,11.33,1467.0,0.0005336426914155,Tidak Ada Data,2,Sedang-Efisien
Changhong,CSC-09 (CSC-09NVB2; CSC-09NVS2),CSC-09 (CSC-09NVB2; CSC-09NVS2),Non-Inverter,777.67,8223.0,10.57,4,2270.8,3331258.32,118.029.4.07.104.18.0051,,,370,,False,0,0,0,0,0,0,0,10.573893810999524,1 PK,10.57,1466.9976748282545,0.003893810999525,Tidak Ada Data,2,Sedang-Efisien
AQUA,AQA-KCR5ANE(AQA-KR5ANE; AQA-CR5ANE),AQA-KCR5ANE(AQA-KR5ANE; AQA-CR5ANE),Non-Inverter,361.0,6257.61,17.33,4,1054.12,1546394.04,118.021.4.19.104.18.0057,,,371,,False,0,0,0,0,0,0,0,17.334099722991688,1 PK,17.33,1467.0000000000002,0.0040997229916897,Tidak Ada Data,2,Sedang-Efisien
AQUA,AQA-KCR9ANS(AQA-KR9ANS; AQA-CR9ANS),AQA-KCR9ANS(AQA-KR9ANS; AQA-CR9ANS),Non-Inverter,892.0,8949.68,10.03,3,2604.64,3821006.88,118.021.3.20.099.18.0058,,,372,,False,0,0,0,0,0,0,0,10.033273542600895,1 PK,10.03,1467.0,0.0032735426008976,Tidak Ada Data,2,Sedang-Efisien
AQUA,AQA-KCR5ANC(AQA-KR5ANC; AQA-CR5ANC),AQA-KCR5ANC(AQA-KR5ANC; AQA-CR5ANC),Non-Inverter,358.0,5527.44,15.44,4,1045.36,1533543.12,118.021.4.21.104.18.0059,,,373,,False,0,0,0,0,0,0,0,15.439776536312849,1 PK,15.44,1467.0000000000002,0.0002234636871509,Tidak Ada Data,2,Sedang-Efisien
AQUA,AQA-KCR9ANC(AQA-KR9ANC; AQA-CR9ANC),AQA-KCR9ANC(AQA-KR9ANC; AQA-CR9ANC),Non-Inverter,709.0,7922.66,11.17,4,2070.28,3037100.76,118.021.4.22.104.18.0060,,,374,,False,0,0,0,0,0,0,0,11.17441466854725,1 PK,11.17,1466.9999999999998,0.0044146685472501,Tidak Ada Data,2,Sedang-Efisien
DAST,DAS05LWA,DAS05LWA,Non-Inverter,344.0,1860.92,18.46,4,1004.48,1473572.16,119.036.4.01.104.18.0061,,,375,,False,0,0,0,0,0,0,0,5.409651162790698,0.5 PK,18.46,1467.0,13.050348837209302,Tidak Ada Data,2,Sedang-Efisien
DAST,DAS05FA,DAS05FA,Non-Inverter,477.0,2021.92,14.4,4,1392.84,2043296.28,119.036.4.02.104.18.0062,,,376,,False,0,0,0,0,0,0,0,4.238825995807128,0.5 PK,14.4,1467.0,10.161174004192873,Tidak Ada Data,2,Sedang-Efisien
DAST,DAS09LWA,DAS09LWA,Non-Inverter,710.0,2849.88,13.72,4,2073.2,3041384.4,119.036.4.03.104.18.0063,,,377,,False,0,0,0,0,0,0,0,4.0139154929577465,0.5 PK,13.72,1467.0,9.706084507042254,Tidak Ada Data,2,Sedang-Efisien
DAST,DAS09FA,DAS09FA,Non-Inverter,832.0,3200.87,13.14,4,2429.44,3563988.48,119.036.4.04.104.18.0064,,,378,,False,0,0,0,0,0,0,0,3.8471995192307697,0.5 PK,13.14,1467.0,9.29280048076923,Tidak Ada Data,2,Sedang-Efisien
DAST,DAS12FA,DAS12FA,Non-Inverter,1726.3,5191.98,14.18,4,5040.8,7394847.73,119.036.4.05.104.18.0065,,,379,,False,0,0,0,0,0,0,0,3.007576898569194,0.5 PK,14.18,1466.9988355023013,11.172423101430804,Tidak Ada Data,2,Sedang-Efisien
DAST,DAS18FA,DAS18FA,Non-Inverter,2181.2,5974.25,14.03,4,6369.1,9343475.57,119.036..4.06.104.18.0066,,,380,,False,0,0,0,0,0,0,0,2.738973959288465,1 PK,14.03,1467.00092163728,11.291026040711534,Tidak Ada Data,1,Besar-Efisien
IKEDA,IAS05LWA,IAS05LWA,Non-Inverter,344.0,6349.73,18.46,4,1004.48,1473572.16,119.036.4.07.104.18.0067,,,381,,False,0,0,0,0,0,0,0,18.458517441860465,1 PK,18.46,1467.0,0.0014825581395356,Tidak Ada Data,2,Sedang-Efisien
IKEDA,IAS05FA,IAS05FA,Non-Inverter,477.0,6868.36,14.4,4,1392.84,2043296.28,119.036.4.08.104.18.0068,,,382,,False,0,0,0,0,0,0,0,14.399077568134173,1 PK,14.4,1467.0,0.0009224318658294,Tidak Ada Data,2,Sedang-Efisien
IKEDA,IAS09LWA,IAS09LWA,Non-Inverter,710.0,9724.2,13.72,4,2073.2,3041384.4,119.036.4.09.104.18.0069,,,383,,False,0,0,0,0,0,0,0,13.69605633802817,1 PK,13.72,1467.0,0.0239436619718311,Tidak Ada Data,2,Sedang-Efisien
IKEDA,IAS09FA,IAS09FA,Non-Inverter,832.0,10921.81,13.14,4,2429.44,3563988.48,119.036.4.10.104.18.0070,,,384,,False,0,0,0,0,0,0,0,13.12717548076923,1.5 PK,13.14,1467.0,0.0128245192307705,Tidak Ada Data,2,Sedang-Efisien
IKEDA,IAS12FA,IAS12FA,Non-Inverter,1084.0,14122.27,14.18,4,3165.28,4643465.76,119.036.4.11.104.18.0071,,,385,,False,0,0,0,0,0,0,0,13.027924354243543,1.5 PK,14.18,1466.9999999999998,1.1520756457564565,Tidak Ada Data,2,Sedang-Efisien
IKEDA,IAS18FA,IAS18FA,Non-Inverter,1477.0,20045.5,14.03,4,4312.84,6326936.28,119.036.4.12.104.18.0072,,,386,,False,0,0,0,0,0,0,0,13.57176709546378,2.5 PK,14.03,1467.0,0.4582329045362208,Tidak Ada Data,1,Besar-Efisien
Midea,MSBE-05CRN1 (I) /MSBE-05CRN1 (O),MSBE-05CRN1 (I) /MSBE-05CRN1 (O),Non-Inverter,4644.0,395.0,11.76,4,13560.48,19893224.16,118.013.4.29.104.18.0067,,,387,,False,1,0,1,1,0,0,0,0.0850559862187769,0.5 PK,11.76,1467.0,11.674944013781223,Tidak Ada Data,1,Besar-Efisien
Midea,MSOE-05CRLN2 (I) /MSOE-05CRLN2 (O),MSOE-05CRLN2 (I) /MSOE-05CRLN2 (O),Non-Inverter,4510.0,328.0,13.75,4,13169.2,19319216.4,118.013.4.35.104.18.0073,,,393,,False,1,0,1,1,0,0,0,0.0727272727272727,0.5 PK,13.75,1466.9999999999998,13.677272727272728,Tidak Ada Data,1,Besar-Efisien
BESTLIFE,BAC-05BX5,BAC-05BX5,Non-Inverter,412.93,4565.88,11.06,4,1205.76,1768843.47,118.025.4.11.104.18.0078,,,395,,False,0,0,0,0,0,0,0,11.05727362991306,0.5 PK,11.06,1466.9946506767517,0.0027263700869397,Tidak Ada Data,2,Sedang-Efisien
BESTLIFE,BAC-09BX5,BAC-09BX5,Non-Inverter,840.08,8687.06,10.58,4,2453.03,3598600.29,118.025.4.12.104.18.0079,,,396,,False,0,0,0,0,0,0,0,10.340753261594132,1 PK,10.58,1467.0021524400431,0.2392467384058676,Tidak Ada Data,2,Sedang-Efisien
BESTLIFE,BAC-12BX5,BAC-12BX5,Non-Inverter,1000.51,11250.8,11.25,4,2921.49,4285824.66,118.025.4.13.104.18.0080,,,397,,False,0,0,0,0,0,0,0,11.24506501684141,1.5 PK,11.25,1466.9995995194236,0.0049349831585896,Tidak Ada Data,2,Sedang-Efisien
BESTLIFE,BAC-18BX5,BAC-18BX5,Non-Inverter,1506.56,16499.11,10.95,4,4399.16,6453560.68,118.025.4.14.104.18.0081,,,398,,False,0,0,0,0,0,0,0,10.951512053950722,2 PK,10.95,1466.998399694487,0.0015120539507229,Tidak Ada Data,1,Besar-Efisien
BESTLIFE,BAC-05BW5,BAC-05BW5,Non-Inverter,365.29,4780.18,13.08,4,1066.65,1564770.86,118.025.4.15.104.18.0082,,,399,,False,0,0,0,0,0,0,0,13.085986476498125,0.5 PK,13.08,1466.9956030562978,0.0059864764981245,Tidak Ada Data,2,Sedang-Efisien
BESTLIFE,BAC-09BW5,BAC-09BW5,Non-Inverter,766.9,8516.55,11.11,4,2239.35,3285123.52,118.025.4.16.104.18.0083,,,400,,False,0,0,0,0,0,0,0,11.105163645846917,1 PK,11.11,1466.9986915846116,0.0048363541530846,Tidak Ada Data,2,Sedang-Efisien
Akari,AC-91212GLWi/k,AC-91212GLWi/k,Non-Inverter,1058.78,11454.09,10.82,4,3091.64,4535432.36,119.010.4.06.104.18.0084,,,401,,False,0,0,0,0,0,0,0,10.818196414741497,1.5 PK,10.82,1466.9988614457054,0.0018035852585054,Tidak Ada Data,2,Sedang-Efisien
Akari,AC-91818GLWi/k,AC-91818GLWi/k,Non-Inverter,1481.84,16445.84,11.09,4,4326.97,6347669.1,119.010.4.07.104.18.0085,,,402,,False,0,0,0,0,0,0,0,11.098256221994278,2 PK,11.09,1467.000949856366,0.0082562219942783,Tidak Ada Data,1,Besar-Efisien
Gree,GWC05C1,GWC05C1,Non-Inverter,315.0,4327.34,13.4,4,919.8,1349346.6,011.030.4.18.104.18.0090,,,403,,False,0,0,0,0,0,0,0,13.737587301587302,0.5 PK,13.4,1467.0000000000002,0.3375873015873019,Tidak Ada Data,2,Sedang-Efisien
Gree,GWC07C1,GWC07C1,Non-Inverter,480.0,6627.81,12.83,4,1401.6,2056147.2,011.030.4.19.104.18.0091,,,404,,False,0,0,0,0,0,0,0,13.8079375,1 PK,12.83,1467.0,0.9779375000000012,Tidak Ada Data,2,Sedang-Efisien
Gree,GWC09C1,GWC09C1,Non-Inverter,655.0,8137.0,11.64,4,1912.6,2805784.2,011.030.4.20.104.18.0092,,,405,,False,0,0,0,0,0,0,0,12.42290076335878,1 PK,11.64,1467.0000000000002,0.7829007633587786,Tidak Ada Data,2,Sedang-Efisien
Gree,GWC12C1,GWC12C1,Non-Inverter,1034.0,11707.43,11.39,4,3019.28,4429283.76,011.030.4.21.104.18.0093,,,406,,False,0,0,0,0,0,0,0,11.322466150870406,1.5 PK,11.39,1466.9999999999998,0.0675338491295942,Tidak Ada Data,2,Sedang-Efisien
Gree,GWC18C1,GWC18C1,Non-Inverter,1550.0,17773.94,11.74,4,4526.0,6639642.0,011.030.4.22.104.18.0094,,,407,,False,0,0,0,0,0,0,0,11.467058064516127,2 PK,11.74,1467.0,0.2729419354838729,Tidak Ada Data,1,Besar-Efisien
Gree,GWC-05C3E/I;GWC-05C3E/O,GWC-05C3E/I;GWC-05C3E/O,Non-Inverter,320.0,4451.6,13.9,4,934.4,1370764.8,118.011.4.29.104.18.0100,,,408,,False,0,0,0,0,0,0,0,13.91125,0.5 PK,13.9,1467.0,0.0112500000000004,Tidak Ada Data,2,Sedang-Efisien
Gree,GWC-07C3E/I;GWC-07C3E/O,GWC-07C3E/I;GWC-07C3E/O,Non-Inverter,499.1,6378.4,12.8,4,1457.37,2137964.72,118.011.4.30.104.18.0101,,,409,,False,0,0,0,0,0,0,0,12.779803646563812,1 PK,12.8,1467.002010470917,0.0201963534361873,Tidak Ada Data,2,Sedang-Efisien
Gree,GWC-09C3E/I;GWC-09C3E/O,GWC-09C3E/I;GWC-09C3E/O,Non-Inverter,692.0,8150.0,11.78,4,2020.64,2964278.88,118.011.4.31.104.18.0102,,,410,,False,0,0,0,0,0,0,0,11.777456647398845,1 PK,11.78,1466.9999999999998,0.0025433526011546,Tidak Ada Data,2,Sedang-Efisien
Gree,GWC-12C3E/I;GWC-12C3E/O,GWC-12C3E/I;GWC-12C3E/O,Non-Inverter,1010.9,12311.5,12.1,4,2951.83,4330331.68,118.011.4.32.104.18.0103,,,411,,False,0,0,0,0,0,0,0,12.178751607478484,1.5 PK,12.1,1466.9990073954125,0.0787516074784857,Tidak Ada Data,2,Sedang-Efisien
Gree,GWC-18C3E/I;GWC-18C3E/O,GWC-18C3E/I;GWC-18C3E/O,Non-Inverter,1540.0,17605.92,11.43,4,4496.8,6596805.6,118.011.4.33.104.18.0104,,,412,,False,0,0,0,0,0,0,0,11.432415584415583,2 PK,11.43,1466.9999999999998,0.0024155844155835,Tidak Ada Data,1,Besar-Efisien
Gree,GWC-24C3E/I;GWC-24C3E/O,GWC-24C3E/I;GWC-24C3E/O,Non-Inverter,2137.7,23981.2,11.2,4,6242.08,9157137.23,118.011.4.34.104.18.0105,,,413,,False,0,0,0,0,0,0,0,11.218225195303363,3+ PK,11.2,1467.0009403916645,0.0182251953033656,Tidak Ada Data,1,Besar-Efisien
Panasonic,CS-ZV5UKP /CU-ZV5UKP,CS-ZV5UKP /CU-ZV5UKP,Non-Inverter,400.0,5401.2,13.5,4,1168.0,1713456.0,118.009.4.32.104.18.0057,,,414,,False,0,0,0,0,0,0,0,13.503,1 PK,13.5,1467.0,0.0030000000000001,Tidak Ada Data,2,Sedang-Efisien
Panasonic,CS-RS9UKP /CU-RS9UKP,CS-RS9UKP /CU-RS9UKP,Non-Inverter,734.0,9331.81,14.41,4,2143.28,3144191.76,118.009.4.33.104.18.0058,,,415,,False,0,0,0,0,0,0,0,12.713637602179835,1 PK,14.41,1466.9999999999998,1.696362397820165,Tidak Ada Data,2,Sedang-Efisien
AQUA,AQA-KCR5ANS(AQA-KR5ANS;AQA-CR5ANS),AQA-KCR5ANS(AQA-KR5ANS;AQA-CR5ANS),Non-Inverter,540.0,7083.31,13.12,4,1576.8,2313165.6,118.021.4.23.104.18.0106,,,416,,False,0,0,0,0,0,0,0,13.117240740740742,1 PK,13.12,1467.0,0.0027592592592569,Tidak Ada Data,2,Sedang-Efisien
AQUA,AQA-KCR7ANS(AQA-KR7ANS;AQA-CR7ANS),AQA-KCR7ANS(AQA-KR7ANS;AQA-CR7ANS),Non-Inverter,892.0,9017.92,12.98,4,2604.64,3821006.88,118.021.4.24.104.18.0107,,,417,,False,0,0,0,0,0,0,0,10.109775784753364,1 PK,12.98,1467.0,2.870224215246637,Tidak Ada Data,2,Sedang-Efisien
AQUA,AQA-KCR12ANS(AQA-KR12ANS;AQA-CR12ANS),AQA-KCR12ANS(AQA-KR12ANS;AQA-CR12ANS),Non-Inverter,1177.0,11791.87,10.02,3,3436.84,5041844.28,118.021.3.25.099.18.0108,,,418,,False,0,0,0,0,0,0,0,10.01858113848768,1.5 PK,10.02,1467.0,0.0014188615123185,Tidak Ada Data,2,Sedang-Efisien
AQUA,AQA-KCR18ANS(AQA-KR18ANS;AQA-CR18ANS),AQA-KCR18ANS(AQA-KR18ANS;AQA-CR18ANS),Non-Inverter,1662.0,17189.66,10.34,3,4853.04,7119409.68,118.021.3.26.099.18.0109,,,419,,False,0,0,0,0,0,0,0,10.342755716004811,2 PK,10.34,1467.0,0.0027557160048132,Tidak Ada Data,1,Besar-Efisien
Samsung,AR05NRFLDWKN /AR05NRFLDWKX,AR05NRFLDWKN /AR05NRFLDWKX,Non-Inverter,399.0,5046.35,12.64,4,1165.08,1709172.36,118. 001.4.18.104.18.0110,,,420,,False,0,0,0,0,0,0,0,12.64749373433584,0.5 PK,12.64,1467.0000000000002,0.0074937343358403,Tidak Ada Data,2,Sedang-Efisien
Samsung,AR09NRFLDWKN /AR09NRFLDWKX,AR09NRFLDWKN /AR09NRFLDWKX,Non-Inverter,802.0,8874.6,11.07,4,2341.84,3435479.28,118. 001.4.19.104.18.0111,,,421,,False,0,0,0,0,0,0,0,11.06558603491272,1 PK,11.07,1466.9999999999998,0.0044139650872807,Tidak Ada Data,2,Sedang-Efisien
Mitsubishi Heavy Industries,SRK/C12CT-S3,SRK/C12CT-S3,Non-Inverter,1093.0,12009.57,10.98,4,3191.56,4682018.52,011.015.4.12.104.18.0112,,,422,,False,0,0,0,0,0,0,0,10.987712717291856,1.5 PK,10.98,1466.9999999999998,0.0077127172918558,Tidak Ada Data,2,Sedang-Efisien
Mitsubishi Heavy Industries,SRK/C09CTR-S3,SRK/C09CTR-S3,Non-Inverter,841.1,9192.37,10.92,4,2456.01,3602969.6,011.015.4.13.104.18.0113,,,423,,False,0,0,0,0,0,0,0,10.92898585186066,1 PK,10.92,1467.001192991885,0.0089858518606593,Tidak Ada Data,2,Sedang-Efisien
Daikin,FTV15BXV149/RV15BXV149,FTV15BXV149/RV15BXV149,Non-Inverter,395.8,4348.25,10.99,4,1155.74,1695464.71,119.002.4.63.104.18.0114,,,424,,False,0,0,0,0,0,0,0,10.985977766548762,0.5 PK,10.99,1466.9949210029938,0.0040222334512378,Tidak Ada Data,2,Sedang-Efisien
Daikin,FTV25BXV149/RV25BXV149,FTV25BXV149/RV25BXV149,Non-Inverter,785.8,8709.47,11.08,4,2294.54,3366084.31,119.002.4.64.104.18.0115,,,425,,False,0,0,0,0,0,0,0,11.08357088317638,1 PK,11.08,1466.9974417530311,0.0035708831763798,Tidak Ada Data,2,Sedang-Efisien
Daikin,FTV35BXV149/RV35BXV149,FTV35BXV149/RV35BXV149,Non-Inverter,1176.6,11878.19,10.63,4,3435.67,5040130.82,119.002.4.65.104.18.0116,,,426,,False,0,0,0,0,0,0,0,10.095351011388749,1.5 PK,10.63,1467.0008528176454,0.5346489886112522,Tidak Ada Data,2,Sedang-Efisien
Elba,EA 60 SLW,EA 60 SLW,Non-Inverter,380.0,5472.85,14.4,4,1109.6,1627783.2,118.026.4.06.104.18.0117,,,427,,False,0,0,0,0,0,0,0,14.402236842105264,1 PK,14.4,1467.0,0.0022368421052636,Tidak Ada Data,2,Sedang-Efisien
Elba,EA 60 S,EA 60 S,Non-Inverter,409.0,4449.25,10.88,4,1194.28,1752008.76,118.026.4.07.104.18.0118,,,428,,False,0,0,0,0,0,0,0,10.87836185819071,0.5 PK,10.88,1467.0,0.0016381418092912,Tidak Ada Data,2,Sedang-Efisien
Elba,EA 90 SLW,EA 90 SLW,Non-Inverter,680.0,8410.58,12.37,4,1985.6,2912875.2,118.026.4.08.104.18.0119,,,429,,False,0,0,0,0,0,0,0,12.3685,1 PK,12.37,1467.0000000000002,0.0015,Tidak Ada Data,2,Sedang-Efisien
Elba,EA 90 S,EA 90 S,Non-Inverter,830.0,10365.66,12.49,4,2423.6,3555421.2,118.026.4.09.104.18.0120,,,430,,False,0,0,0,0,0,0,0,12.488746987951806,1.5 PK,12.49,1467.0000000000002,0.0012530120481937,Tidak Ada Data,2,Sedang-Efisien
Elba,EA 120 S,EA 120 S,Non-Inverter,1070.0,11129.94,10.4,3,3124.4,4583494.8,118.026.3.10.099.18.0121,,,431,,False,0,0,0,0,0,0,0,10.40181308411215,1.5 PK,10.4,1467.0,0.0018130841121504,Tidak Ada Data,2,Sedang-Efisien
Elba,EA 180 S,EA 180 S,Non-Inverter,1607.0,16810.92,10.46,4,4692.44,6883809.48,118.026.4.11.104.18.0122,,,432,,False,0,0,0,0,0,0,0,10.461057871810826,2 PK,10.46,1467.0000000000002,0.0010578718108256,Tidak Ada Data,1,Besar-Efisien
BESTLIFE,BAC 05 BX3,BAC 05 BX3,Non-Inverter,468.0,5779.93,12.35,4,1366.56,2004743.52,118.039.4.01.104.18.0127,,,433,,False,0,0,0,0,0,0,0,12.350277777777778,1 PK,12.35,1467.0,0.0002777777777787,Tidak Ada Data,2,Sedang-Efisien
BESTLIFE,BAC 09 BX3,BAC 09 BX3,Non-Inverter,754.0,8949.68,11.87,4,2201.68,3229864.56,118.039.4.02.104.18.0128,,,434,,False,0,0,0,0,0,0,0,11.869602122015916,1 PK,11.87,1467.0000000000002,0.0003978779840831,Tidak Ada Data,2,Sedang-Efisien
BESTLIFE,BAC 12 BX3,BAC 12 BX3,Non-Inverter,1072.0,11849.88,11.05,4,3130.24,4592062.08,118.039.4.03.104.18.0129,,,435,,False,0,0,0,0,0,0,0,11.053992537313432,1.5 PK,11.05,1467.0000000000002,0.0039925373134312,Tidak Ada Data,2,Sedang-Efisien
BESTLIFE,BAC 18 BX3,BAC 18 BX3,Non-Inverter,1531.0,17196.48,11.23,4,4470.52,6558252.84,118.039.4.04.104.18.0130,,,436,,False,0,0,0,0,0,0,0,11.232188112344872,2 PK,11.23,1466.9999999999998,0.0021881123448714,Tidak Ada Data,1,Besar-Efisien
BESTLIFE,BAC 05 BW5,BAC 05 BW5,Non-Inverter,339.0,3882.86,11.45,4,989.88,1452153.96,118.039.4.05.104.18.0131,,,437,,False,0,0,0,0,0,0,0,11.45386430678466,0.5 PK,11.45,1467.0,0.0038643067846617,Tidak Ada Data,2,Sedang-Efisien
BESTLIFE,BAC 09 BW5,BAC 09 BW5,Non-Inverter,690.0,8553.88,12.39,4,2014.8,2955711.6,118.039.4.06.104.18.0132,,,438,,False,0,0,0,0,0,0,0,12.396927536231884,1 PK,12.39,1467.0,0.006927536231883,Tidak Ada Data,2,Sedang-Efisien
AUX,ASW-05A4/FHR1,ASW-05A4/FHR1,Non-Inverter,468.0,5779.93,12.35,4,1366.56,2004743.52,118.039.4.07.104.18.0133,,,439,,False,0,0,0,0,0,0,0,12.350277777777778,1 PK,12.35,1467.0,0.0002777777777787,Tidak Ada Data,2,Sedang-Efisien
AUX,ASW-12A4/FHR1;ASW-12A4/JAR1,ASW-12A4/FHR1;ASW-12A4/JAR1,Non-Inverter,1072.0,11849.88,11.05,4,3130.24,4592062.08,118.039.4.08.104.18.0134,,,440,,False,0,0,0,0,0,0,0,11.053992537313432,1.5 PK,11.05,1467.0000000000002,0.0039925373134312,Tidak Ada Data,2,Sedang-Efisien
AUX,ASW-05A4/FAR3,ASW-05A4/FAR3,Non-Inverter,464.0,4868.92,10.49,4,1354.88,1987608.96,118.039.4.09.104.18.0135,,,441,,False,0,0,0,0,0,0,0,10.493362068965515,0.5 PK,10.49,1466.9999999999998,0.0033620689655169,Tidak Ada Data,2,Sedang-Efisien
AUX,ASW-09A4/FFR3,ASW-09A4/FFR3,Non-Inverter,468.0,8581.18,11.44,4,1366.56,2004743.52,118.039.4.10.104.18.0136,,,442,,False,0,0,0,0,0,0,0,18.3358547008547,1 PK,11.44,1467.0,6.8958547008547,Tidak Ada Data,2,Sedang-Efisien
AUX,ASW-09A4/FHR1;ASW-09A4/JAR1,ASW-09A4/FHR1;ASW-09A4/JAR1,Non-Inverter,754.0,8949.68,11.87,4,2201.68,3229864.56,118.039.4.11.104.18.0137,,,443,,False,0,0,0,0,0,0,0,11.869602122015916,1 PK,11.87,1467.0000000000002,0.0003978779840831,Tidak Ada Data,2,Sedang-Efisien
AUX,ASW-09A4/FOR1,ASW-09A4/FOR1,Non-Inverter,690.0,8553.88,12.39,4,2014.8,2955711.6,118.039.4.12.104.18.0138,,,444,,False,0,0,0,0,0,0,0,12.396927536231884,1 PK,12.39,1467.0,0.006927536231883,Tidak Ada Data,2,Sedang-Efisien
AUX,ASW-07A4/FHR1,ASW-07A4/FHR1,Non-Inverter,690.0,8553.88,12.39,4,2014.8,2955711.6,118.039.4.13.104.18.0139,,,445,,False,0,0,0,0,0,0,0,12.396927536231884,1 PK,12.39,1467.0,0.006927536231883,Tidak Ada Data,2,Sedang-Efisien
AUX,ASW-18A4/FAR3,ASW-18A4/FAR3,Non-Inverter,1450.0,17551.33,12.1,4,4234.0,6211278.0,118.039.4.14.104.18.0140,,,446,,False,0,0,0,0,0,0,0,12.10436551724138,2 PK,12.1,1467.0,0.0043655172413803,Tidak Ada Data,1,Besar-Efisien
AUX,ASW-18A4/FHR1;ASW-18A4/JAR1,ASW-18A4/FHR1;ASW-18A4/JAR1,Non-Inverter,1531.0,17196.48,11.23,4,4470.52,6558252.84,118.039.4.15.104.18.0141,,,447,,False,0,0,0,0,0,0,0,11.232188112344872,2 PK,11.23,1466.9999999999998,0.0021881123448714,Tidak Ada Data,1,Besar-Efisien
AUX,ASW-09A4/FAR3,ASW-09A4/FAR3,Non-Inverter,809.0,8642.6,10.68,4,2362.28,3465464.76,118.039.4.16.104.18.0142,,,448,,False,0,0,0,0,0,0,0,10.683065512978986,1 PK,10.68,1466.9999999999998,0.0030655129789867,Tidak Ada Data,2,Sedang-Efisien
AUX,ASW-12A4/FAR3,ASW-12A4/FAR3,Non-Inverter,1056.0,11348.31,10.74,4,3083.52,4523523.84,118.039.4.17.104.18.0143,,,449,,False,0,0,0,0,0,0,0,10.74650568181818,1.5 PK,10.74,1467.0,0.0065056818181812,Tidak Ada Data,2,Sedang-Efisien
AUX,ASW-05B4/FOR1,ASW-05B4/FOR1,Non-Inverter,339.0,3882.86,11.45,4,989.88,1452153.96,118.039.4.18.104.18.0144,,,450,,False,0,0,0,0,0,0,0,11.45386430678466,0.5 PK,11.45,1467.0,0.0038643067846617,Tidak Ada Data,2,Sedang-Efisien
AUX,ASW-05A4/FFR3,ASW-05A4/FFR3,Non-Inverter,366.0,3858.97,10.54,4,1068.72,1567812.24,118.039.4.19.104.18.0145,,,451,,False,0,0,0,0,0,0,0,10.54363387978142,0.5 PK,10.54,1467.0,0.0036338797814217,Tidak Ada Data,2,Sedang-Efisien
Gree,GWC-05MOO3/I;GWC-05MOO3/O,GWC-05MOO3/I;GWC-05MOO3/O,Non-Inverter,395.9,3950.7,9.98,3,1156.03,1695893.08,118.011.3.35.099.18.0146,,,452,,False,0,0,0,0,0,0,0,9.979035109876232,0.5 PK,9.98,1466.9974654636992,0.0009648901237682,Tidak Ada Data,2,Sedang-Efisien
Gree,GWC-07MOO3/I;GWC-07MOO3/O,GWC-07MOO3/I;GWC-07MOO3/O,Non-Inverter,594.1,5580.8,9.96,3,1734.77,2544910.52,118.011.3.36.099.18.0147,,,453,,False,0,0,0,0,0,0,0,9.393704763507827,1 PK,9.96,1467.001688984707,0.5662952364921736,Tidak Ada Data,2,Sedang-Efisien
Gree,GWC-09MOO3/I;GWC-09MOO3/O,GWC-09MOO3/I;GWC-09MOO3/O,Non-Inverter,768.4,7867.6,10.24,3,2243.73,3291548.98,118.011.3.37.099.18.0148,,,454,,False,0,0,0,0,0,0,0,10.238938053097346,1 PK,10.24,1466.998694138778,0.001061946902654,Tidak Ada Data,2,Sedang-Efisien
Samsung,AR12NRFLDWKN (I);AR12NRFLDWKX (O),AR12NRFLDWKN (I);AR12NRFLDWKX (O),Non-Inverter,1130.4,11817.1,10.45,4,3300.77,4842226.66,118.001.4.20.104.19.0149,,,455,,False,0,0,0,0,0,0,0,10.453910120311392,1.5 PK,10.45,1466.9991123283355,0.003910120311394,Tidak Ada Data,2,Sedang-Efisien
Samsung,AR18NRFLDWKN (I);AR18NRFLDWKX (O),AR18NRFLDWKN (I);AR18NRFLDWKX (O),Non-Inverter,1706.8,17852.0,10.46,4,4983.86,7311316.75,118.001.4.21.104.19.0150,,,456,,False,0,0,0,0,0,0,0,10.459339114131708,2 PK,10.46,1466.9988221980554,0.0006608858682923,Tidak Ada Data,1,Besar-Efisien
Changhong,CSC-05(CSC-05NVC; CSC-05CSD),CSC-05(CSC-05NVC; CSC-05CSD),Non-Inverter,426.0,4481.0,10.52,4,1243.92,1824830.64,104.029.4.08.104.19.0164,,,457,,False,0,0,0,0,0,0,0,10.518779342723004,0.5 PK,10.52,1466.9999999999998,0.0012206572769954,Tidak Ada Data,2,Sedang-Efisien
Changhong,CSC-09(CSC-09NVC; CSC-09CSD),CSC-09(CSC-09NVC; CSC-09CSD),Non-Inverter,784.0,8170.0,10.41,4,2289.28,3358373.76,104.029.4.09.104.19.0165,,,458,,False,0,0,0,0,0,0,0,10.42091836734694,1 PK,10.41,1466.9999999999998,0.0109183673469388,Tidak Ada Data,2,Sedang-Efisien
Changhong,CSC-07NVB2,CSC-07NVB2,Non-Inverter,652.0,6960.0,10.68,4,1903.84,2792933.28,104.029.4.10.104.19.0166,,,459,,False,0,0,0,0,0,0,0,10.674846625766872,1 PK,10.68,1467.0,0.005153374233128,Tidak Ada Data,2,Sedang-Efisien
Changhong,CSC-12NVB2,CSC-12NVB2,Non-Inverter,1037.0,10817.0,10.43,4,3028.04,4442134.68,104.029.4.11.104.19.0167,,,460,,False,0,0,0,0,0,0,0,10.431051108968177,1.5 PK,10.43,1467.0,0.001051108968177,Tidak Ada Data,2,Sedang-Efisien
Changhong,CSC-05RDX,CSC-05RDX,Non-Inverter,356.0,4260.0,11.97,4,1039.52,1524975.84,104.029.4.12.104.19.0168,,,461,,False,0,0,0,0,0,0,0,11.96629213483146,0.5 PK,11.97,1467.0,0.0037078651685398,Tidak Ada Data,2,Sedang-Efisien
Changhong,CSC-09RDX,CSC-09RDX,Non-Inverter,690.0,7759.0,11.24,4,2014.8,2955711.6,104.029.4.13.104.19.0169,,,462,,False,0,0,0,0,0,0,0,11.244927536231884,1 PK,11.24,1467.0,0.0049275362318841,Tidak Ada Data,2,Sedang-Efisien
Mitsubishi Electric,MS-JR10VF-NE1;MU-JR10VF-NE1,MS-JR10VF-NE1;MU-JR10VF-NE1,Non-Inverter,830.89,9215.06,11.09,4,2426.2,3559233.64,118.005.4.20.104.19.171,,,463,,False,0,0,0,0,0,0,0,11.090589608732804,1 PK,11.09,1466.999274585772,0.0005896087328043,Tidak Ada Data,2,Sedang-Efisien
Mitsubishi Electric,MS-JR13VF-NE1;MU-JR13VF-NE1,MS-JR13VF-NE1;MU-JR13VF-NE1,Non-Inverter,1115.61,12125.09,10.87,4,3257.58,4778871.62,118.005.4.21.104.19.172,,,464,,False,0,0,0,0,0,0,0,10.868574143293804,1.5 PK,10.87,1467.0005402783663,0.0014258567061951,Tidak Ada Data,2,Sedang-Efisien
Mitsubishi Electric,MS-JR18VF-NE1;MU-JR18VF-NE1,MS-JR18VF-NE1;MU-JR18VF-NE1,Non-Inverter,1607.39,17007.59,10.58,4,4693.58,6885480.1,118.005.4.22.104.19.173,,,465,,False,0,0,0,0,0,0,0,10.580873341255078,2 PK,10.58,1466.9996250197078,0.0008733412550778,Tidak Ada Data,1,Besar-Efisien
Mitsubishi Electric,MS-JR24VF-NE1;MU-JR24VF-NE1,MS-JR24VF-NE1;MU-JR24VF-NE1,Non-Inverter,1936.93,22180.05,11.45,4,5655.84,8297110.83,118.005.4.23.104.20.174,,,466,,False,0,0,0,0,0,0,0,11.45113659244268,2.5 PK,11.45,1466.998859585844,0.0011365924426804,Tidak Ada Data,1,Besar-Efisien
AQUA,AQA-KR5ANC1;AQA-CR5ANC1,AQA-KR5ANC1;AQA-CR5ANC1,Non-Inverter,384.5,4236.49,10.98,4,1122.74,1647059.58,118.021.4.27.104.19.0179,,,467,,False,0,0,0,0,0,0,0,11.01817945383615,0.5 PK,10.98,1467.0,0.0381794538361504,Tidak Ada Data,2,Sedang-Efisien
AQUA,AQA-KR5ANE2;AQA-CR5ANE2,AQA-KR5ANE2;AQA-CR5ANE2,Non-Inverter,351.2,4054.08,11.49,4,1025.5,1504414.37,118.021.4.28.104.19.0180,,,468,,False,0,0,0,0,0,0,0,11.543507972665148,0.5 PK,11.49,1467.0057240370552,0.0535079726651481,Tidak Ada Data,2,Sedang-Efisien
AQUA,AQA-KR9ANS2;AQA-CR9ANS2,AQA-KR9ANS2;AQA-CR9ANS2,Non-Inverter,871.3,8440.69,9.67,2,2544.2,3732335.53,118.021.2.29.104.19.0181,,,469,,False,0,0,0,0,0,0,0,9.68746700332836,1 PK,9.67,1466.9976927914472,0.0174670033283614,Tidak Ada Data,2,Sedang-Efisien
Midea,MSAF-09CRN2(I) /MSAF-09CRN2(O),MSAF-09CRN2(I) /MSAF-09CRN2(O),Non-Inverter,801.1,8925.6,11.14,4,2339.21,3431624.0,118.013.4.40.104.19.0185,,,470,,False,0,0,0,0,0,0,0,11.141680189739107,1 PK,11.14,1467.0012525596248,0.0016801897391083,Tidak Ada Data,2,Sedang-Efisien
Midea,MSFC-09CRN1-32(I) /MSFC-09CRN1-32(O),MSFC-09CRN1-32(I) /MSFC-09CRN1-32(O),Non-Inverter,801.1,8925.6,11.14,4,2339.21,3431624.0,118.013.4.41.104.19.0186,,,471,,False,0,0,0,0,0,0,0,11.141680189739107,1 PK,11.14,1467.0012525596248,0.0016801897391083,Tidak Ada Data,2,Sedang-Efisien
Midea,MSAF-12CRN2(I) /MSAF-12CRN2(O),MSAF-12CRN2(I) /MSAF-12CRN2(O),Non-Inverter,1053.9,11509.9,10.92,4,3077.39,4514528.2,118.013.4.42.104.19.0187,,,472,,False,0,0,0,0,0,0,0,10.921244899895624,1.5 PK,10.92,1466.999047894482,0.0012448998956244,Tidak Ada Data,2,Sedang-Efisien
Midea,MSFO-09CRLN2-32(I) /MSFO-09CRLN2-32(O),MSFO-09CRLN2-32(I) /MSFO-09CRLN2-32(O),Non-Inverter,706.3,9012.2,12.76,4,2062.4,3025534.93,118.013.4.43.104.19.0188,,,473,,False,0,0,0,0,0,0,0,12.759733824154043,1 PK,12.76,1466.9971538013965,0.0002661758459563,Tidak Ada Data,2,Sedang-Efisien
Polytron,EAW055000(PAC05VG; PAC05VX-M),EAW055000(PAC05VG; PAC05VX-M),Non-Inverter,450.0,6000.0,10.85,4,1314.0,1927638.0,011.003.4.06.104.19.0189,,,474,,False,0,0,0,0,0,0,0,13.333333333333334,1 PK,10.85,1467.0,2.4833333333333343,Tidak Ada Data,2,Sedang-Efisien
Polytron,EAW077200,EAW077200,Non-Inverter,690.0,7000.0,11.38,4,2014.8,2955711.6,011.003.4.07.104.19.0190,,,475,,False,0,0,0,0,0,0,0,10.144927536231885,1 PK,11.38,1467.0,1.235072463768116,Tidak Ada Data,2,Sedang-Efisien
Polytron,EAW109000(PAC 09VX-M ;PAC 09VG),EAW109000(PAC 09VX-M ;PAC 09VG),Non-Inverter,880.0,9500.0,10.59,4,2569.6,3769603.2,011.003.4.08.104.19.0191,,,476,,False,0,0,0,0,0,0,0,10.795454545454543,1 PK,10.59,1467.0000000000002,0.2054545454545451,Tidak Ada Data,2,Sedang-Efisien
Polytron,EAW 151000(PAC12VX-M; PAC 12VG),EAW 151000(PAC12VX-M; PAC 12VG),Non-Inverter,1000.0,12000.0,10.7,4,2920.0,4283640.0,011.003.4.09.104.19.0192,,,477,,False,0,0,0,0,0,0,0,12.0,1.5 PK,10.7,1467.0,1.3000000000000007,Tidak Ada Data,2,Sedang-Efisien
Polytron,EAW 201600(PAC 18VX-M; PAC 18VG; PAC 18VG-M),EAW 201600(PAC 18VX-M; PAC 18VG; PAC 18VG-M),Non-Inverter,1690.0,18000.0,11.26,4,4934.8,7239351.6,011.003.4.10.104.19.0193,,,478,,False,0,0,0,0,0,0,0,10.650887573964496,2 PK,11.26,1466.9999999999998,0.6091124260355034,Tidak Ada Data,1,Besar-Efisien
Daikin,DAMA Non-Inverter R32 C Series 1(FTV15CXV14;RV15CXV14),DAMA Non-Inverter R32 C Series 1(FTV15CXV14;RV15CXV14),Non-Inverter,395.8,4348.25,10.99,4,1155.74,1695464.71,119.002.4.73.104.19.0195,,,479,,False,0,0,0,0,0,0,0,10.985977766548762,0.5 PK,10.99,1466.9949210029938,0.0040222334512378,Tidak Ada Data,2,Sedang-Efisien
Daikin,DAMA Non-Inverter R32 C Series 2(FTV20CXV14;RV20CXV14),DAMA Non-Inverter R32 C Series 2(FTV20CXV14;RV20CXV14),Non-Inverter,627.1,6803.53,10.85,4,1831.13,2686270.64,119.002.4.74.104.19.0196,,,480,,False,0,0,0,0,0,0,0,10.84919470578855,1 PK,10.85,1467.0016001048532,0.0008052942114495,Tidak Ada Data,2,Sedang-Efisien
Daikin,DAMA Non-Inverter R32 C Series 3(FTV25CXV14;RV25CXV14),DAMA Non-Inverter R32 C Series 3(FTV25CXV14;RV25CXV14),Non-Inverter,785.8,8709.47,11.08,4,2294.54,3366084.31,119.002.4.75.104.19.0197,,,481,,False,0,0,0,0,0,0,0,11.08357088317638,1 PK,11.08,1466.9974417530311,0.0035708831763798,Tidak Ada Data,2,Sedang-Efisien
Daikin,DAMA Non-Inverter R32 C Series 4(FTV35CXV14;RV35CXV14),DAMA Non-Inverter R32 C Series 4(FTV35CXV14;RV35CXV14),Non-Inverter,1117.6,11878.2,10.63,4,3263.39,4787396.06,119.002.4.76.104.19.0198,,,482,,False,0,0,0,0,0,0,0,10.628310665712242,1.5 PK,10.63,1467.0008978393632,0.001689334287759,Tidak Ada Data,2,Sedang-Efisien
Panasonic,CU-PN18UKJ;CS-PN18UKJ,CU-PN18UKJ;CS-PN18UKJ,Non-Inverter,1591.9,17733.0,11.14,4,4648.35,6819126.52,119.006.4.24.104.19.0199,,,483,,False,0,0,0,0,0,0,0,11.139518813995853,2 PK,11.14,1466.999369668807,0.0004811860041478,Tidak Ada Data,1,Besar-Efisien
Panasonic,CU-LN18UKJ;CS-LN18UKJ,CU-LN18UKJ;CS-LN18UKJ,Non-Inverter,1591.9,17733.0,11.14,4,4648.35,6819126.52,119.006.4.25.104.19.0200,,,484,,False,0,0,0,0,0,0,0,11.139518813995853,2 PK,11.14,1466.999369668807,0.0004811860041478,Tidak Ada Data,1,Besar-Efisien
Panasonic,CU-YN18TKJ;CS-YN18TKJ,CU-YN18TKJ;CS-YN18TKJ,Non-Inverter,1631.5,17479.0,10.71,4,4763.98,6988758.66,119.006.4.26.104.19.0201,,,485,,False,0,0,0,0,0,0,0,10.713453876800491,2 PK,10.71,1467.0000000000002,0.0034538768004903,Tidak Ada Data,1,Besar-Efisien
Panasonic,CU-PN24UKJ;CS-PN24UKJ,CU-PN24UKJ;CS-PN24UKJ,Non-Inverter,2113.4,22945.0,10.86,4,6171.13,9053044.78,119.006.4.27.104.19.0202,,,486,,False,0,0,0,0,0,0,0,10.856913031134663,2.5 PK,10.86,1466.9995252085112,0.0030869688653361,Tidak Ada Data,1,Besar-Efisien
Panasonic,CU-LN24UKJ;CS-LN24UKJ,CU-LN24UKJ;CS-LN24UKJ,Non-Inverter,2113.4,22945.0,10.86,4,6171.13,9053044.78,119.006.4.28.104.19.0203,,,487,,False,0,0,0,0,0,0,0,10.856913031134663,2.5 PK,10.86,1466.9995252085112,0.0030869688653361,Tidak Ada Data,1,Besar-Efisien
Panasonic,CU-YN24TKJ;CS-YN24TKJ,CU-YN24TKJ;CS-YN24TKJ,Non-Inverter,2111.8,22543.0,10.68,4,6166.46,9046190.95,119.006.4.29.104.19.0204,,,488,,False,0,0,0,0,0,0,0,10.674779808694003,2.5 PK,10.68,1466.9990480762056,0.0052201913059963,Tidak Ada Data,1,Besar-Efisien
Midea,MSFO-05CRLN2-32 (I)/(O)MSFC-05CRN1-32 (I)/(O)MSAF-05CRN2 (I)/(O),MSFO-05CRLN2-32 (I)/(O)MSFC-05CRN1-32 (I)/(O)MSAF-05CRN2 (I)/(O),Non-Inverter,359.3,4213.1,11.72,4,1049.16,1539111.85,118.013.4.44.104.19.0205,,,489,,False,0,0,0,0,0,0,0,11.725855830782075,0.5 PK,11.72,1466.9944050478475,0.0058558307820764,Tidak Ada Data,2,Sedang-Efisien
Gree,GWC-05SE/I;GWC-05SE/O;,GWC-05SE/I;GWC-05SE/O;,Non-Inverter,400.9,4354.5,10.86,4,1170.63,1717311.28,118.011.4.38.104.19.0206,,,490,,False,0,0,0,0,0,0,0,10.86181092541781,0.5 PK,10.86,1466.9974970742248,0.0018109254178106,Tidak Ada Data,2,Sedang-Efisien
Gree,GWC-09SE/I;GWC-09SE/O;,GWC-09SE/I;GWC-09SE/O;,Non-Inverter,803.4,8030.0,10.0,3,2345.93,3441476.38,118.011.3.39.099.19.0207,,,491,,False,0,0,0,0,0,0,0,9.995021160069705,1 PK,10.0,1466.9987510283768,0.0049788399302954,Tidak Ada Data,2,Sedang-Efisien
Gree,GWC-05MOO3/I;GWC-05MOO3/O,GWC-05MOO3/I;GWC-05MOO3/O,Non-Inverter,400.9,4354.5,10.86,4,1170.63,1717311.28,118.011.4.40.104.19.0208,,,492,,False,0,0,0,0,0,0,0,10.86181092541781,0.5 PK,10.86,1466.9974970742248,0.0018109254178106,Tidak Ada Data,2,Sedang-Efisien
Gree,GWC-07MOO3/I;GWC-07MOO3/O,GWC-07MOO3/I;GWC-07MOO3/O,Non-Inverter,592.6,6020.0,10.16,3,1730.39,2538485.06,118.011.3.41.099.19.0209,,,493,,False,0,0,0,0,0,0,0,10.158623017212284,1 PK,10.16,1467.001693259901,0.0013769827877148,Tidak Ada Data,2,Sedang-Efisien
Gree,GWC-09MOO3/I;GWC-09MOO3/O,GWC-09MOO3/I;GWC-09MOO3/O,Non-Inverter,803.4,8030.0,10.0,3,2345.93,3441476.38,118.011.4.42.104.19.0210,,,494,,False,0,0,0,0,0,0,0,9.995021160069705,1 PK,10.0,1466.9987510283768,0.0049788399302954,Tidak Ada Data,2,Sedang-Efisien
Sansui,L 05 S1 /LO 05 S1,L 05 S1 /LO 05 S1,Non-Inverter,405.24,5030.2,12.41,4,1183.3,1735902.27,118.015.4.14.104.19.0211,,,495,,False,0,0,0,0,0,0,0,12.412891126246176,0.5 PK,12.41,1467.0009887602469,0.0028911262461743,Tidak Ada Data,2,Sedang-Efisien
Sansui,L 09 S1 /LO 09 S1,L 09 S1 /LO 09 S1,Non-Inverter,790.05,8320.3,10.53,4,2306.95,3384289.78,118.015.4.15.104.19.0212,,,496,,False,0,0,0,0,0,0,0,10.53135877476109,1 PK,10.53,1466.9974555148574,0.0013587747610905,Tidak Ada Data,2,Sedang-Efisien
Sansui,L 12 S1 /LO 12 S1,L 12 S1 /LO 12 S1,Non-Inverter,1066.3,11350.2,10.64,4,3113.6,4567645.33,118.015.4.16.104.19.0213,,,497,,False,0,0,0,0,0,0,0,10.644471537090876,1.5 PK,10.64,1466.9981147225078,0.0044715370908754,Tidak Ada Data,2,Sedang-Efisien
Sansui,L 18 S1 /LO 18 S1,L 18 S1 /LO 18 S1,Non-Inverter,1510.43,16220.1,10.74,4,4410.46,6470138.37,118.015.4.17.104.19.0214,,,498,,False,0,0,0,0,0,0,0,10.73873003052111,2 PK,10.74,1466.99853756751,0.0012699694788906,Tidak Ada Data,1,Besar-Efisien
Sansui,L 24 S1 /LO 24 S1,L 24 S1 /LO 24 S1,Non-Inverter,2348.5,23420.5,9.97,3,6857.62,10060128.54,118.015.3.18.099.19.0215,,,499,,False,0,0,1,1,0,0,0,9.97253566106025,3+ PK,9.97,1467.0,0.00253566106025,Tidak Ada Data,1,Besar-Efisien
CAWANG,EU/EP-SN-5SGM,EU/EP-SN-5SGM,Non-Inverter,413.5,4621.0,11.18,4,1207.42,1771285.14,119.041.4.01.104.19.0216,,,500,,False,0,0,0,0,0,0,0,11.175332527206772,0.5 PK,11.18,1466.9999999999998,0.0046674727932281,Tidak Ada Data,2,Sedang-Efisien
CAWANG,EU/EP-SN-7SGM,EU/EP-SN-7SGM,Non-Inverter,672.3,7144.0,10.63,4,1963.12,2879891.17,119.041.4.02.104.19.0217,,,501,,False,0,0,0,0,0,0,0,10.626208537855124,1 PK,10.63,1466.9970098618526,0.0037914621448766,Tidak Ada Data,2,Sedang-Efisien
CAWANG,EU/EP-SN-9SGM,EU/EP-SN-9SGM,Non-Inverter,776.5,8256.0,10.63,4,2267.38,3326246.46,119.041.4.03.104.19.0218,,,502,,False,0,0,0,0,0,0,0,10.632324533161622,1 PK,10.63,1467.0,0.0023245331616212,Tidak Ada Data,2,Sedang-Efisien
CAWANG,EU/EP-SN-12SGM,EU/EP-SN-12SGM,Non-Inverter,1027.2,11160.0,10.86,4,2999.42,4400155.01,119.041.4.04.104.19.0219,,,503,,False,0,0,0,0,0,0,0,10.86448598130841,1.5 PK,10.86,1467.0019570450286,0.0044859813084112,Tidak Ada Data,2,Sedang-Efisien
Sansui,X 05 X1 /XO 05 S1,X 05 X1 /XO 05 S1,Non-Inverter,465.1,5168.4,11.11,4,1358.09,1992320.96,118.015.4.19.104.19.0220,,,504,,False,0,0,0,0,0,0,0,11.112448935712749,0.5 PK,11.11,1467.0021574417012,0.0024489357127492,Tidak Ada Data,2,Sedang-Efisien
Sansui,X 09 S1 /XO 09 S1,X 09 S1 /XO 09 S1,Non-Inverter,827.9,9925.8,11.99,4,2417.47,3546425.56,118.015.4.20.104.19.0221,,,505,,False,0,0,0,0,0,0,0,11.989129121874624,1.5 PK,11.99,1466.9987879890962,0.0008708781253776,Tidak Ada Data,2,Sedang-Efisien
Sansui,X12 S1 /XO 12 S1,X12 S1 /XO 12 S1,Non-Inverter,1109.0,12837.8,11.58,4,3238.28,4750556.76,118.015.4.21.104.19.0222,,,506,,False,0,0,0,0,0,0,0,11.576014427412082,1.5 PK,11.58,1466.9999999999998,0.0039855725879185,Tidak Ada Data,2,Sedang-Efisien
Sansui,X 18 S1 /XO 18 S1,X 18 S1 /XO 18 S1,Non-Inverter,1539.0,17983.1,11.68,4,4493.88,6592521.96,118.015.4.22.104.19.0223,,,507,,False,0,0,0,0,0,0,0,11.684925276153344,2 PK,11.68,1467.0,0.0049252761533455,Tidak Ada Data,1,Besar-Efisien
Sansui,X 05 D1 /XO 05 D1,X 05 D1 /XO 05 D1,Non-Inverter,359.2,3896.9,10.85,4,1048.86,1538683.49,118.015.4.23.104.19.0224,,,508,,False,0,0,0,0,0,0,0,10.848830734966594,0.5 PK,10.85,1467.0055965524475,0.0011692650334058,Tidak Ada Data,2,Sedang-Efisien
Sansui,X 09 D1 /XO 09 D1,X 09 D1 /XO 09 D1,Non-Inverter,739.6,8133.3,11.0,4,2159.63,3168180.14,118.015.4.24.104.19.0225,,,509,,False,0,0,0,0,0,0,0,10.996890210924825,1 PK,11.0,1467.0013567138817,0.0031097890751752,Tidak Ada Data,2,Sedang-Efisien
Carrier,42KHA005N8FS/38KHA005N8FS,42KHA005N8FS/38KHA005N8FS,Non-Inverter,357.5,5689.6,15.91,4,1043.9,1531401.3,118.014.4.34.104.19.0226,,,510,,False,0,0,0,0,0,0,0,15.914965034965036,1 PK,15.91,1467.0,0.0049650349650356,Tidak Ada Data,2,Sedang-Efisien
Carrier,42KHA009N8FS/38KHA009N8FS,42KHA009N8FS/38KHA009N8FS,Non-Inverter,821.9,8681.6,10.56,4,2399.95,3520723.72,118.014.4.35.104.19.0227,,,511,,False,0,0,0,0,0,0,0,10.562842194914223,1 PK,10.56,1466.9987791412325,0.0028421949142227,Tidak Ada Data,2,Sedang-Efisien
Carrier,42KHA012N8FS/38KHA012N8FS,42KHA012N8FS/38KHA012N8FS,Non-Inverter,1054.6,13134.8,12.45,4,3079.43,4517526.74,118.014.4.36.104.19.0228,,,512,,False,0,0,0,0,0,0,0,12.454769580883749,1.5 PK,12.45,1467.000951474786,0.0047695808837477,Tidak Ada Data,2,Sedang-Efisien
Carrier,42KHA018N8FS/38KHA018N8FS,42KHA018N8FS/38KHA018N8FS,Non-Inverter,1565.4,18467.4,11.8,4,4570.97,6705610.06,118.014.4.37.104.19.0229,,,513,,False,0,0,0,0,0,0,0,11.797240321962438,2 PK,11.8,1466.999358998199,0.0027596780375631,Tidak Ada Data,1,Besar-Efisien
TCL,IndoorTAC-05CSA/X5; TAC-05CSA/X6OutdoorTAC-05CSA/XO,IndoorTAC-05CSA/X5; TAC-05CSA/X6OutdoorTAC-05CSA/XO,Non-Inverter,400.05,5020.6,12.55,4,1168.15,1713670.18,118.031.4.12.104.19.0230,,,514,,False,0,0,0,0,0,0,0,12.549931258592675,0.5 PK,12.55,1466.9949749604073,6.874140732371359e-05,Tidak Ada Data,2,Sedang-Efisien
TCL,IndoorTAC-09CSA/X5; TAC-09CSA/X6OutdoorTAC-09CSA/XO,IndoorTAC-09CSA/X5; TAC-09CSA/X6OutdoorTAC-09CSA/XO,Non-Inverter,790.5,8330.5,10.54,4,2308.26,3386217.42,118.031.4.13.104.19.0231,,,515,,False,0,0,0,0,0,0,0,10.538266919671097,1 PK,10.54,1466.9999999999998,0.0017330803289041,Tidak Ada Data,2,Sedang-Efisien
TCL,IndoorTAC-12CSA/X5; TAC-12CSA/X6OutdoorTAC-12CSA/XO,IndoorTAC-12CSA/X5; TAC-12CSA/X6OutdoorTAC-12CSA/XO,Non-Inverter,1065.2,11350.2,10.66,4,3110.38,4562933.33,118.031.4.14.104.19.0232,,,516,,False,0,0,0,0,0,0,0,10.655463762673676,1.5 PK,10.66,1467.001887229213,0.0045362373263238,Tidak Ada Data,2,Sedang-Efisien
TCL,IndoorTAC-18CSA/X5; TAC-18CSA/X6OutdoorTAC-18CSA/XO,IndoorTAC-18CSA/X5; TAC-18CSA/X6OutdoorTAC-18CSA/XO,Non-Inverter,1530.5,16240.1,10.61,4,4469.06,6556111.02,118.031.4.15.104.19.0233,,,517,,False,0,0,0,0,0,0,0,10.6109768049657,2 PK,10.61,1466.9999999999998,0.000976804965699,Tidak Ada Data,1,Besar-Efisien
Samsung,AR07NRFLDWKN (I) /AR07NFRLDWKX (O),AR07NRFLDWKN (I) /AR07NFRLDWKX (O),Non-Inverter,622.2,6537.2,10.45,4,1816.82,2665280.81,118.001.4.25.104.19.0234,,,518,,False,0,0,0,0,0,0,0,10.50658952105432,1 PK,10.45,1467.0032309199592,0.0565895210543221,Tidak Ada Data,2,Sedang-Efisien
Sharp,AH-AP7SSY /AU-A7SSY;AH-A7SAY /AU-A7SAY;,AH-AP7SSY /AU-A7SSY;AH-A7SAY /AU-A7SAY;,Non-Inverter,671.2,7046.36,10.49,4,1959.9,2875179.17,118.008.4.46.104.19.0235,,,519,,False,0,0,0,0,0,0,0,10.498152562574491,1 PK,10.49,1467.0029950507678,0.0081525625744927,Tidak Ada Data,2,Sedang-Efisien
Gree,GWC-05MOO3S/I;GWC-05MOO3S/O,GWC-05MOO3S/I;GWC-05MOO3S/O,Non-Inverter,360.6,4153.3,11.52,4,1052.95,1544680.58,118.011.4.43.104.19.0236,,,520,,False,0,0,0,0,0,0,0,11.517748197448697,0.5 PK,11.52,1467.002782658246,0.0022518025513029,Tidak Ada Data,2,Sedang-Efisien
Gree,GWC-09MOO3S/I;GWC-09MOO3S/O,GWC-09MOO3S/I;GWC-09MOO3S/O,Non-Inverter,744.3,8043.0,10.81,4,2173.36,3188313.25,118.011.4.44.104.19.0237,,,521,,False,0,0,0,0,0,0,0,10.806126561870215,1 PK,10.81,1466.9972991128943,0.0038734381297853,Tidak Ada Data,2,Sedang-Efisien
Gree,GWC-05C3E/I;GWC-05C3E/O,GWC-05C3E/I;GWC-05C3E/O,Non-Inverter,360.6,4153.3,11.52,4,1052.95,1544680.58,118.011.4.45.104.19.0238,,,522,,False,0,0,0,0,0,0,0,11.517748197448697,0.5 PK,11.52,1467.002782658246,0.0022518025513029,Tidak Ada Data,2,Sedang-Efisien
Gree,GWC-07C3E/I;GWC-07C3E/O,GWC-07C3E/I;GWC-07C3E/O,Non-Inverter,547.1,6085.4,11.12,4,1597.53,2343579.44,118.011.4.46.104.19.0239,,,523,,False,0,0,0,0,0,0,0,11.123012246390056,1 PK,11.12,1467.001834081363,0.0030122463900568,Tidak Ada Data,2,Sedang-Efisien
Akari,A-05D3LWi/k;A-05D5PLWi/k;A-05D35LWi/k,A-05D3LWi/k;A-05D5PLWi/k;A-05D35LWi/k,Non-Inverter,400.2,5020.4,12.55,4,1168.58,1714312.73,118.010.4.08.104.19.0243,,,524,,False,0,0,0,0,0,0,0,12.544727636181907,0.5 PK,12.55,1467.005023190539,0.0052723638180918,Tidak Ada Data,2,Sedang-Efisien
Akari,A-09D3LWi/k;A-09D5PLWi/k;A-09D39LWi/k,A-09D3LWi/k;A-09D5PLWi/k;A-09D39LWi/k,Non-Inverter,780.5,8350.2,10.7,4,2279.06,3343381.02,118.010.4.09.104.19.0244,,,525,,False,0,0,0,0,0,0,0,10.698526585522105,1 PK,10.7,1467.0,0.0014734144778962,Tidak Ada Data,2,Sedang-Efisien
Akari,A-18D7LWi/k,A-18D7LWi/k,Non-Inverter,1510.5,16250.1,10.76,4,4410.66,6470438.22,118.010.4.10.104.19.0245,,,526,,False,0,0,0,0,0,0,0,10.758093346573984,2 PK,10.76,1467.0,0.0019066534260172,Tidak Ada Data,1,Besar-Efisien
Toshiba,RAS-05BKS-ID /RAS-05BAS-ID,RAS-05BKS-ID /RAS-05BAS-ID,Non-Inverter,399.5,4866.77,12.09,4,1166.54,1711314.18,118.040.4.01.104.19.0246,,,527,,False,0,0,0,0,0,0,0,12.18215269086358,0.5 PK,12.09,1467.0,0.0921526908635801,Tidak Ada Data,2,Sedang-Efisien
Toshiba,RAS-07BKS-ID /RAS-07BAS-ID,RAS-07BKS-ID /RAS-07BAS-ID,Non-Inverter,675.3,7554.89,11.14,4,1971.88,2892742.09,118.040.4.02.104.19.0247,,,528,,False,0,0,0,0,0,0,0,11.18745742632904,1 PK,11.14,1466.9970231454245,0.0474574263290392,Tidak Ada Data,2,Sedang-Efisien
Toshiba,RAS-10BKS-ID /RAS-10BAS-ID,RAS-10BKS-ID /RAS-10BAS-ID,Non-Inverter,815.1,9048.63,11.06,4,2380.09,3491594.96,118.040.4.03.104.19.0248,,,529,,False,0,0,0,0,0,0,0,11.101251380198748,1 PK,11.06,1467.0012310458849,0.0412513801987461,Tidak Ada Data,2,Sedang-Efisien
Fuji AC,FAW05;FOW05,FAW05;FOW05,Non-Inverter,408.2,5020.1,12.3,4,1191.94,1748581.85,118.043.4.01.104.19.0249,,,530,,False,0,0,0,0,0,0,0,12.29813816756492,0.5 PK,12.3,1467.004924744534,0.0018618324350807,Tidak Ada Data,2,Sedang-Efisien
Fuji AC,FAW09;FOW09,FAW09;FOW09,Non-Inverter,789.1,8330.3,10.55,4,2304.17,3380220.32,118.043.4.02.104.19.0250,,,531,,False,0,0,0,0,0,0,0,10.556710176150045,1 PK,10.55,1467.0012716075637,0.0067101761500421,Tidak Ada Data,2,Sedang-Efisien
Fuji AC,FAW12;FOW12,FAW12;FOW12,Non-Inverter,1060.3,11340.1,10.7,4,3096.08,4541943.49,118.043.4.03.104.19.0251,,,532,,False,0,0,0,0,0,0,0,10.69518060926153,1.5 PK,10.7,1466.9981040541588,0.0048193907384685,Tidak Ada Data,2,Sedang-Efisien
Fuji AC,FAW18;FOW18,FAW18;FOW18,Non-Inverter,1520.2,16230.2,10.68,4,4438.98,6511989.53,118.043.4.04.104.19.0252,,,533,,False,0,0,0,0,0,0,0,10.676358373898172,2 PK,10.68,1467.0013223758613,0.0036416261018281,Tidak Ada Data,1,Besar-Efisien
Fuji AC,FAW24;FOW24,FAW24;FOW24,Non-Inverter,2348.6,23410.2,9.97,3,6857.91,10060556.9,118.043.4.05.099.19.0253,,,534,,False,0,0,1,1,0,0,0,9.967725453461638,3+ PK,9.97,1467.000427243869,0.0022745465383628,Tidak Ada Data,1,Besar-Efisien
TECO,LS05FCID1 / LT05FCID1,LS05FCID1 / LT05FCID1,Non-Inverter,400.28,5044.04,12.6,4,1168.82,1714655.42,118.028.4.06.104.19.0254,,,535,,False,0,0,0,0,0,0,0,12.601279104626762,0.5 PK,12.6,1466.9969884156671,0.0012791046267626,Tidak Ada Data,2,Sedang-Efisien
TECO,LS09FCID1 / LT09FCID1,LS09FCID1 / LT09FCID1,Non-Inverter,784.42,8300.76,10.58,4,2290.51,3360172.89,118.028.4.07.104.19.0255,,,536,,False,0,0,0,0,0,0,0,10.58203513423931,1 PK,10.58,1466.997694836521,0.0020351342393105,Tidak Ada Data,2,Sedang-Efisien
TECO,LS12FCID1 / LT12FCID1,LS12FCID1 / LT12FCID1,Non-Inverter,1066.08,11362.18,10.66,4,3112.95,4566702.93,118.028.4.08.104.19.0256,,,537,,False,0,0,0,0,0,0,0,10.657905598078944,1.5 PK,10.66,1467.001696140317,0.002094401921056,Tidak Ada Data,2,Sedang-Efisien
TECO,LS18FCID1 / LT18FCID1,LS18FCID1 / LT18FCID1,Non-Inverter,1500.43,16200.43,10.8,4,4381.26,6427301.97,118.028.4.09.104.19.0257,,,538,,False,0,0,0,0,0,0,0,10.79719147177809,2 PK,10.8,1466.9985278207637,0.0028085282219105,Tidak Ada Data,1,Besar-Efisien
TECO,LS24FCID1 / LT24FCID1,LS24FCID1 / LT24FCID1,Non-Inverter,2348.59,23419.05,9.97,3,6857.88,10060514.07,118.028.3.10.099.19.0258,,,539,,False,0,0,1,1,0,0,0,9.971536113157256,3+ PK,9.97,1467.0005993105742,0.0015361131572539,Tidak Ada Data,1,Besar-Efisien
Electrolux,ESM05CRR-C1,ESM05CRR-C1,Non-Inverter,480.4,5219.85,10.83,4,1402.77,2057860.66,118.007.4.16.104.19.0259,,,540,,False,0,0,0,0,0,0,0,10.865632805995006,0.5 PK,10.83,1466.9979112755475,0.0356328059950055,Tidak Ada Data,2,Sedang-Efisien
Electrolux,ESM09CRR-C1,ESM09CRR-C1,Non-Inverter,761.5,9476.14,12.42,4,2223.58,3261991.86,118.007.4.17.104.19.0260,,,541,,False,0,0,0,0,0,0,0,12.44404464871963,1 PK,12.42,1467.0,0.0240446487196308,Tidak Ada Data,2,Sedang-Efisien
Electrolux,ESM12CRR-C1,ESM12CRR-C1,Non-Inverter,1028.2,11962.76,11.62,4,3002.34,4404438.65,118.007.4.18.104.19.0261,,,542,,False,0,0,0,0,0,0,0,11.634662517020034,1.5 PK,11.62,1467.0019551416565,0.0146625170200351,Tidak Ada Data,2,Sedang-Efisien
Electrolux,ESM18CRR-C1,ESM18CRR-C1,Non-Inverter,1506.7,18241.77,12.09,4,4399.56,6454160.39,118.007.4.19.104.19.0262,,,543,,False,0,0,0,0,0,0,0,12.107101612796177,2 PK,12.09,1467.0013342243312,0.0171016127961767,Tidak Ada Data,1,Besar-Efisien
Midea,MSBC-05CRN1 (I)/(O),MSBC-05CRN1 (I)/(O),Non-Inverter,383.4,4875.91,12.66,4,1119.53,1642347.58,118.013.4.45.104.19.0263,,,544,,False,0,0,0,0,0,0,0,12.71755346896192,0.5 PK,12.66,1466.997382830295,0.0575534689619203,Tidak Ada Data,2,Sedang-Efisien
Aicool,AI/AO-WMF05SPCA,AI/AO-WMF05SPCA,Non-Inverter,406.9,5002.0,12.29,4,1188.15,1743013.12,119.038.4.01.104.19.0263,,,545,,False,0,0,0,0,0,0,0,12.292946669943476,0.5 PK,12.29,1466.9975339813996,0.0029466699434763,Tidak Ada Data,2,Sedang-Efisien
Aicool,AI/AO-WMF09SPCA,AI/AO-WMF09SPCA,Non-Inverter,788.2,9174.0,11.64,4,2301.54,3376365.05,119.038.4.02.104.19.0264,,,546,,False,0,0,0,0,0,0,0,11.639177873636132,1 PK,11.64,1467.0025504662094,0.0008221263638681,Tidak Ada Data,2,Sedang-Efisien
Aicool,AI/AO-WMF12SPCA,AI/AO-WMF12SPCA,Non-Inverter,1002.1,11851.0,11.83,4,2926.13,4292635.64,119.038.4.03.104.19.0265,,,547,,False,0,0,0,0,0,0,0,11.826165053387886,1.5 PK,11.83,1467.0010013225658,0.0038349466121143,Tidak Ada Data,2,Sedang-Efisien
Midea,MSBC-07CRN1(I) /MSBC-07CRN1(O),MSBC-07CRN1(I) /MSBC-07CRN1(O),Non-Inverter,740.3,7316.47,9.86,2,2161.68,3171178.69,118.013.2.46.091.19.0267,,,548,,False,0,0,0,0,0,0,0,9.883114953397271,1 PK,9.86,1466.997284519448,0.0231149533972736,Tidak Ada Data,2,Sedang-Efisien
Midea,MSBC-18CRN1(I) /MSBC-18CRN1(O),MSBC-18CRN1(I) /MSBC-18CRN1(O),Non-Inverter,1749.7,17544.62,10.02,3,5109.12,7495084.91,118.013.3.47.099.19.0268,,,549,,False,0,0,0,0,0,0,0,10.027216094187574,2 PK,10.02,1467.0011489258425,0.0072160941875747,Tidak Ada Data,1,Besar-Efisien
Gree,GWC-12MOO3/I;GWC-12MOO3/O,GWC-12MOO3/I;GWC-12MOO3/O,Non-Inverter,1012.5,12904.0,12.74,4,2956.5,4337185.5,118.011.4.50.104.19.0269,,,550,,False,0,0,0,0,0,0,0,12.744691358024692,1.5 PK,12.74,1467.0,0.0046913580246918,Tidak Ada Data,2,Sedang-Efisien
Gree,GWC-18MOO3/I;GWC-18MOO3/O,GWC-18MOO3/I;GWC-18MOO3/O,Non-Inverter,1531.9,17660.5,11.53,4,4473.15,6562108.12,118.011.4.51.104.19.0270,,,551,,False,0,0,0,0,0,0,0,11.528494027025262,2 PK,11.53,1466.9993449806066,0.001505972974737,Tidak Ada Data,1,Besar-Efisien
Gree,GWC-24MOO3/I;GWC-24MOO3/O,GWC-24MOO3/I;GWC-24MOO3/O,Non-Inverter,2273.7,23376.7,10.27,3,6639.2,9739712.27,118.011.3.52.099.19.0271,,,552,,False,0,0,0,1,0,0,0,10.281347583234377,2.5 PK,10.27,1467.0008841426677,0.011347583234377,Tidak Ada Data,1,Besar-Efisien
Midea,MSFC-05CRN1(I) /MSFC-05CRN1(O),MSFC-05CRN1(I) /MSFC-05CRN1(O),Non-Inverter,406.9,5033.42,12.32,4,1188.15,1743013.12,118.013.4.48.104.19.0272,,,553,,False,0,0,0,0,0,0,0,12.37016465962153,0.5 PK,12.32,1466.9975339813996,0.0501646596215294,Tidak Ada Data,2,Sedang-Efisien
Midea,MSFC-09CRN1(I) /MSFC-09CRN1(O),MSFC-09CRN1(I) /MSFC-09CRN1(O),Non-Inverter,889.0,10028.91,11.26,4,2595.88,3808155.96,118.013.4.49.104.19.0273,,,554,,False,0,0,0,0,0,0,0,11.28111361079865,1.5 PK,11.26,1467.0,0.0211136107986504,Tidak Ada Data,2,Sedang-Efisien
Toshiba,RAS-05S3KS-ID /RAS-05S3AS-ID,RAS-05S3KS-ID /RAS-05S3AS-ID,Non-Inverter,409.0,5003.71,12.18,4,1194.28,1752008.76,118.040.4.04.104.19.0276,,,555,,False,0,0,0,0,0,0,0,12.2340097799511,0.5 PK,12.18,1467.0,0.0540097799510999,Tidak Ada Data,2,Sedang-Efisien
Toshiba,RAS-07S3KS-ID /RAS-07S3AS-ID,RAS-07S3KS-ID /RAS-07S3AS-ID,Non-Inverter,622.6,6049.84,9.69,2,1817.99,2666994.26,118.040.2.05.091.19.0277,,,556,,False,0,0,0,0,0,0,0,9.717057500803085,1 PK,9.69,1467.001611670031,0.0270575008030835,Tidak Ada Data,2,Sedang-Efisien
Toshiba,RAS-10S3KS-ID /RAS-10S3AS-ID,RAS-10S3KS-ID /RAS-10S3AS-ID,Non-Inverter,838.6,8262.27,9.83,2,2448.71,3592260.5,118.040.2.06.091.19.0278,,,557,,False,0,0,0,0,0,0,0,9.85245647507751,1 PK,9.83,1467.0011965483866,0.0224564750775098,Tidak Ada Data,2,Sedang-Efisien
BEKO,BSFSA 050 /BSFSA 051,BSFSA 050 /BSFSA 051,Non-Inverter,358.0,5203.0,14.54,4,1045.36,1533543.12,104.044.4.01.104.19.0279,,,558,,False,0,0,0,0,0,0,0,14.533519553072626,0.5 PK,14.54,1467.0000000000002,0.0064804469273731,Tidak Ada Data,2,Sedang-Efisien
BEKO,BSFSA 090 /BSFSA 091,BSFSA 090 /BSFSA 091,Non-Inverter,711.0,9448.0,13.28,4,2076.12,3045668.04,104.044.4.02.104.19.0280,,,559,,False,0,0,0,0,0,0,0,13.28832630098453,1 PK,13.28,1467.0,0.00832630098453,Tidak Ada Data,2,Sedang-Efisien
BEKO,BSFSA 120 /BSFSA 121,BSFSA 120 /BSFSA 121,Non-Inverter,1090.0,12019.0,11.03,4,3182.8,4669167.6,104.044.4.03.104.19.0281,,,560,,False,0,0,0,0,0,0,0,11.026605504587156,1.5 PK,11.03,1466.9999999999998,0.0033944954128433,Tidak Ada Data,2,Sedang-Efisien
Midea,MSFO-05CRLN2(I) /MSFO-05RCLN2(O),MSFO-05CRLN2(I) /MSFO-05RCLN2(O),Non-Inverter,359.3,4213.1,11.72,4,1049.16,1539111.85,118.013.4.50.104.19.0282,,,561,,False,0,0,0,0,0,0,0,11.725855830782075,0.5 PK,11.72,1466.9944050478475,0.0058558307820764,Tidak Ada Data,2,Sedang-Efisien
Carrier,RAS-13S3KS-ID/RAS-13S3AS-ID,RAS-13S3KS-ID/RAS-13S3AS-ID,Non-Inverter,1100.0,11686.46,10.61,4,3212.0,4712004.0,118.014.4.38.104.19.0283,,,562,,False,0,0,0,0,0,0,0,10.624054545454545,1.5 PK,10.61,1467.0,0.0140545454545453,Tidak Ada Data,2,Sedang-Efisien
Carrier,RAS-18S3KS-ID/RAS-18S3AS-ID,RAS-18S3KS-ID/RAS-18S3AS-ID,Non-Inverter,1598.2,16827.94,10.52,4,4666.74,6846113.45,118.014.4.39.104.19.0284,,,563,,False,0,0,0,0,0,0,0,10.5293079714679,2 PK,10.52,1467.001257837377,0.0093079714679014,Tidak Ada Data,1,Besar-Efisien
Carrier,RAS-24S3KS-ID/RAS-24S3AS-ID,RAS-24S3KS-ID/RAS-24S3AS-ID,Non-Inverter,2120.5,22440.27,10.57,4,6191.86,9083458.62,118.014.4.40.104.19.0285,,,564,,False,0,0,0,0,0,0,0,10.58253713746758,2.5 PK,10.57,1467.0,0.0125371374675786,Tidak Ada Data,1,Besar-Efisien
Midea,MSFO-09CRLN2(I) /MSFO-09CRLN2(O),MSFO-09CRLN2(I) /MSFO-09CRLN2(O),Non-Inverter,706.3,9012.2,12.76,4,2062.4,3025534.93,118.013.4.51.104.19.0286,,,565,,False,0,0,0,0,0,0,0,12.759733824154043,1 PK,12.76,1466.9971538013965,0.0002661758459563,Tidak Ada Data,2,Sedang-Efisien
Sanken,ESA-12D/L,ESA-12D/L,Non-Inverter,1064.5,11854.34,11.12,4,3108.34,4559934.78,118.017.4.20.104.19.0291,,,566,,False,0,0,0,0,0,0,0,11.136063879755756,1.5 PK,11.12,1467.0,0.0160638797557552,Tidak Ada Data,2,Sedang-Efisien
Sanken,ESA-18D/L,ESA-18D/L,Non-Inverter,1672.6,17212.2,10.28,3,4883.99,7164816.26,118.017.3.21.099.19.0292,,,567,,False,0,0,0,0,0,0,0,10.290685160827456,2 PK,10.28,1467.0005999193284,0.0106851608274567,Tidak Ada Data,1,Besar-Efisien
Sanken,ESA-05D/L;EC-05ESAD/L,ESA-05D/L;EC-05ESAD/L,Non-Inverter,392.2,4937.78,12.54,4,1145.22,1680043.61,118.017.4.22.104.19.0293,,,568,,False,0,0,0,0,0,0,0,12.589954105048443,0.5 PK,12.54,1467.005125652713,0.0499541050484459,Tidak Ada Data,2,Sedang-Efisien
Sanken,ESA-09D/L;EC-09ESAD/L,ESA-09D/L;EC-09ESAD/L,Non-Inverter,881.0,9742.83,11.04,4,2572.52,3773886.84,118.017.4.23.104.19.0294,,,569,,False,0,0,0,0,0,0,0,11.05883087400681,1 PK,11.04,1467.0,0.0188308740068112,Tidak Ada Data,2,Sedang-Efisien
Denpoo,DDS-05 CNI,DDS-05 CNI,Non-Inverter,394.2,4494.58,11.35,4,1151.06,1688610.89,118.018.4.07.104.19.0295,,,570,,False,0,0,0,0,0,0,0,11.40177574835109,0.5 PK,11.35,1467.0050996472817,0.0517757483510905,Tidak Ada Data,2,Sedang-Efisien
Denpoo,DDS-09 CNI,DDS-09 CNI,Non-Inverter,888.0,8680.0,9.76,2,2592.96,3803872.32,118.018.2.08.104.19.0296,,,571,,False,0,0,0,0,0,0,0,9.774774774774777,1 PK,9.76,1467.0,0.014774774774775,Tidak Ada Data,2,Sedang-Efisien
Denpoo,DDS-155 CI,DDS-155 CI,Non-Inverter,388.2,4264.73,10.94,4,1133.54,1662909.05,118.018.4.09.104.19.0297,,,572,,False,0,0,0,0,0,0,0,10.98590932509016,0.5 PK,10.94,1467.005178467456,0.0459093250901592,Tidak Ada Data,2,Sedang-Efisien
Denpoo,DDS-199 CI,DDS-199 CI,Non-Inverter,708.4,6754.16,9.51,2,2068.53,3034530.58,118.018.2.10.104.19.0298,,,573,,False,0,0,0,0,0,0,0,9.534387351778657,1 PK,9.51,1466.9985835351674,0.0243873517786568,Tidak Ada Data,2,Sedang-Efisien
Maspion,MAC-05ESLW / MAC-05CSLW,MAC-05ESLW / MAC-05CSLW,Non-Inverter,350.0,5000.0,11.91,4,1022.0,1499274.0,011.032.4.08.104.19.0299,,,574,,False,0,0,0,0,0,0,0,14.285714285714286,0.5 PK,11.91,1467.0,2.3757142857142863,Tidak Ada Data,2,Sedang-Efisien
AQUA,AQA-KCR5ANR(AQA-KR5ANR; AQA-CR5ANR)(AQA-KR5ANR1; AQA-CR5ANR1)(AQA-KR5ANR2; AQA-CR5ANR2),AQA-KCR5ANR(AQA-KR5ANR; AQA-CR5ANR)(AQA-KR5ANR1; AQA-CR5ANR1)(AQA-KR5ANR2; AQA-CR5ANR2),Non-Inverter,411.5,5095.88,12.33,4,1201.58,1762717.86,118.021.4.34.104.19.0309,,,575,,False,0,0,0,0,0,0,0,12.3836695018226,0.5 PK,12.33,1467.0000000000002,0.0536695018226005,Tidak Ada Data,2,Sedang-Efisien
AQUA,AQA-KCR9ANR(AQA-KR9ANR; AQA-CR9ANR)(AQA-KR9ANR1; AQA-CR9ANR1)(AQA-KR9ANR2; AQA-CR9ANR2),AQA-KCR9ANR(AQA-KR9ANR; AQA-CR9ANR)(AQA-KR9ANR1; AQA-CR9ANR1)(AQA-KR9ANR2; AQA-CR9ANR2),Non-Inverter,786.6,8890.92,11.28,4,2296.87,3369511.22,118.021.4.35.104.19.0310,,,576,,False,0,0,0,0,0,0,0,11.302974828375286,1 PK,11.28,1467.0012756490355,0.0229748283752861,Tidak Ada Data,2,Sedang-Efisien
Panasonic,CS-ZN5WKPCU-ZN5WKP,CS-ZN5WKPCU-ZN5WKP,Non-Inverter,328.1,4551.28,13.8,4,958.05,1405462.28,118.009.4.39.104.19.0311,,,577,,False,0,0,0,0,0,0,0,13.871624504724169,0.5 PK,13.8,1467.0030582954962,0.0716245047241663,Tidak Ada Data,2,Sedang-Efisien
Panasonic,CS-ZN9WKPCU-ZN9WKP,CS-ZN9WKPCU-ZN9WKP,Non-Inverter,751.2,9104.21,12.09,4,2193.5,3217870.37,118.009.4.40.104.19.0312,,,578,,False,0,0,0,0,0,0,0,12.119555378061763,1 PK,12.09,1467.0026760884432,0.0295553780617652,Tidak Ada Data,2,Sedang-Efisien
Toshiba,RAS-05S3KS-ID /RAS-05S3AS-ID,RAS-05S3KS-ID /RAS-05S3AS-ID,Non-Inverter,401.4,4773.57,11.84,4,1172.09,1719453.1,118.014.4.41.104.19.0313,,,579,,False,0,0,0,0,0,0,0,11.892301943198804,0.5 PK,11.84,1466.997500191965,0.0523019431988043,Tidak Ada Data,2,Sedang-Efisien
Toshiba,RAS-07S3KS-ID /RAS-07S3AS-ID,RAS-07S3KS-ID /RAS-07S3AS-ID,Non-Inverter,634.0,6146.3,9.67,2,1851.28,2715827.76,118.014.2.42.091.19.0314,,,580,,False,0,0,0,0,0,0,0,9.69447949526814,1 PK,9.67,1467.0,0.0244794952681388,Tidak Ada Data,2,Sedang-Efisien
Toshiba,RAS-10S3KS-ID /RAS-10S3AS-ID,RAS-10S3KS-ID /RAS-10S3AS-ID,Non-Inverter,856.6,8342.15,9.72,2,2501.27,3669366.02,118.014.2.43.091.19.0315,,,581,,False,0,0,0,0,0,0,0,9.738676161568993,1 PK,9.72,1467.0011714049265,0.0186761615689921,Tidak Ada Data,2,Sedang-Efisien
Daikin,DAMA Non-Inverter R32 C Series 5(FTV50CXV14;RV25CXV14),DAMA Non-Inverter R32 C Series 5(FTV50CXV14;RV25CXV14),Non-Inverter,1632.06,18015.36,10.69,4,4765.62,6991157.5,119.002.4.77.104.19.0316,,,582,,False,0,0,0,0,0,0,0,11.038417705231426,2 PK,10.69,1466.9985227525483,0.3484177052314265,Tidak Ada Data,1,Besar-Efisien
Daikin,DAMA Non-Inverter R32 C Series 6(FTV60CXV14;RV60CXV14),DAMA Non-Inverter R32 C Series 6(FTV60CXV14;RV60CXV14),Non-Inverter,2167.3,23475.57,10.83,4,6328.52,9283932.97,119.002.4.78.104.19.0317,,,583,,False,0,0,0,0,0,0,0,10.83171226872145,3+ PK,10.83,1466.999072452959,0.0017122687214499,Tidak Ada Data,1,Besar-Efisien
Daikin,DAMA Entry Non-Inverter R32 Series 1(FTP15AV14;RP15AV14),DAMA Entry Non-Inverter R32 Series 1(FTP15AV14;RP15AV14),Non-Inverter,395.26,1416.96,12.23,4,1154.16,1693151.55,119.002.4.79.104.19.0318,,,584,,False,0,0,0,0,0,0,0,3.584880837929464,0.5 PK,12.23,1466.998986275733,8.645119162070536,Tidak Ada Data,2,Sedang-Efisien
Daikin,DAMA Entry Non-Inverter R32 Series 2(FTP25AV14;RP25AV14),DAMA Entry Non-Inverter R32 Series 2(FTP25AV14;RP25AV14),Non-Inverter,777.74,8377.54,10.77,4,2271.0,3331558.17,119.002.4.80.104.19.0319,,,585,,False,0,0,0,0,0,0,0,10.77164605137964,1 PK,10.77,1467.0005151915454,0.0016460513796392,Tidak Ada Data,2,Sedang-Efisien
Denpoo,DDS - 05 CTL ,DDS - 05 CTL ,Non-Inverter,441.4,4789.34,10.81,4,1288.89,1890798.7,118.018.4.11.104.19.0321,,,586,,False,0,0,0,0,0,0,0,10.850339827820571,0.5 PK,10.81,1466.9977267260974,0.0403398278205706,Tidak Ada Data,2,Sedang-Efisien
Denpoo,DDS - 09 CTL ,DDS - 09 CTL ,Non-Inverter,783.4,7582.8,9.66,2,2287.53,3355803.58,118.018.2.12.091.19.0322,,,587,,False,0,0,0,0,0,0,0,9.679346438600971,1 PK,9.66,1466.9987191424811,0.0193464386009711,Tidak Ada Data,2,Sedang-Efisien
Polytron,EAW109000(PAC 09VX-1),EAW109000(PAC 09VX-1),Non-Inverter,908.0,10081.0,11.1,4,2651.36,3889545.12,118.046.4.01.104.19.0001,,,588,,False,0,0,0,0,0,0,0,11.102422907488986,1.5 PK,11.1,1467.0,0.0024229074889863,Tidak Ada Data,2,Sedang-Efisien
Polytron,EAW055000(PAC 05VX-1),EAW055000(PAC 05VX-1),Non-Inverter,492.0,6689.0,13.61,4,1436.64,2107550.88,118.046.4.02.104.19.0326,,,589,,False,0,0,0,0,0,0,0,13.595528455284551,1 PK,13.61,1466.9999999999998,0.0144715447154464,Tidak Ada Data,2,Sedang-Efisien
Polytron,EAW151000(PAC 12VX-1),EAW151000(PAC 12VX-1),Non-Inverter,1103.0,12740.0,11.55,4,3220.76,4724854.92,118.046.4.03.104.19.0327,,,590,,False,0,0,0,0,0,0,0,11.550317316409792,1.5 PK,11.55,1466.9999999999998,0.0003173164097916,Tidak Ada Data,2,Sedang-Efisien
Polytron,EAW201600(PAC 18VX-1),EAW201600(PAC 18VX-1),Non-Inverter,1675.2,17639.8,10.53,4,4891.58,7175953.73,118.046.4.04.104.19.0328,,,591,,False,0,0,0,0,0,0,0,10.529966571155684,2 PK,10.53,1467.0012000212612,3.3428844316674144e-05,Tidak Ada Data,1,Besar-Efisien
BESTLIFE,BAC 05 CX,BAC 05 CX,Non-Inverter,485.6,5447.8,11.22,4,1417.95,2080135.58,135.039.4.20.104.19.0328,,,592,,False,0,0,0,0,0,0,0,11.218698517298188,1 PK,11.22,1467.002066363412,0.0013014827018125,Tidak Ada Data,2,Sedang-Efisien
BESTLIFE,BAC 18 CX,BAC 18 CX,Non-Inverter,1681.4,16741.2,9.96,3,4909.69,7202512.3,135.039.3.21.099.19.0329,,,593,,False,0,0,0,0,0,0,0,9.956702747710242,2 PK,9.96,1466.9994032209777,0.0032972522897587,Tidak Ada Data,1,Besar-Efisien
Midea,MSAF-18CRN2(I) /MSAF-18CRN2(O),MSAF-18CRN2(I) /MSAF-18CRN2(O),Non-Inverter,1471.6,17327.81,11.76,4,4297.07,6303804.62,118.013.4.52.104.19.0330,,,594,,False,0,0,0,0,0,0,0,11.774809730905138,2 PK,11.76,1467.0006818599652,0.0148097309051387,Tidak Ada Data,1,Besar-Efisien
Midea,MSAF-24CRN2(I) /MSAF-24CRN2(O),MSAF-24CRN2(I) /MSAF-24CRN2(O),Non-Inverter,2014.0,23459.56,11.64,4,5880.88,8627250.96,118.013.4.53.104.19.0331,,,595,,False,0,0,0,0,0,0,0,11.648242303872893,3+ PK,11.64,1467.0000000000002,0.0082423038728904,Tidak Ada Data,1,Besar-Efisien
BESTLIFE,BAC 09 CX,BAC 09 CX,Non-Inverter,806.4,8781.5,10.89,4,2354.69,3454327.3,135.039.4.22.104.20.0007,,,596,,False,0,0,0,0,0,0,0,10.889756944444445,1 PK,10.89,1466.9987556748445,0.0002430555555559,Tidak Ada Data,2,Sedang-Efisien
BESTLIFE,BAC 12 CX,BAC 12 CX,Non-Inverter,1051.1,11159.2,10.62,4,3069.21,4502534.0,135.039.4.23.104.20.0008,,,597,,False,0,0,0,0,0,0,0,10.61668727999239,1.5 PK,10.62,1467.0009546430515,0.0033127200076084,Tidak Ada Data,2,Sedang-Efisien
Polytron,EAW055000(PAC 05VG-1),EAW055000(PAC 05VG-1),Non-Inverter,495.0,5732.0,11.58,4,1445.4,2120401.8,118.046.4.05.104.20.0009,,,598,,False,0,0,0,0,0,0,0,11.57979797979798,1 PK,11.58,1466.9999999999998,0.0002020202020194,Tidak Ada Data,2,Sedang-Efisien
Polytron,EAW109000(PAC 09VG-1),EAW109000(PAC 09VG-1),Non-Inverter,859.0,9607.0,11.18,4,2508.28,3679646.76,118.046.4.06.104.20.0010,,,599,,False,0,0,0,0,0,0,0,11.18393480791618,1 PK,11.18,1466.9999999999998,0.0039348079161811,Tidak Ada Data,2,Sedang-Efisien
Polytron,EAW151000(PAC 12VG-1),EAW151000(PAC 12VG-1),Non-Inverter,1178.7,12927.3,10.97,4,3441.8,5049126.47,118.046.4.07.104.20.0011,,,600,,False,0,0,0,0,0,0,0,10.967421735810635,1.5 PK,10.97,1467.0017055029343,0.0025782641893634,Tidak Ada Data,2,Sedang-Efisien
Polytron,EAW201600(PAC 18VG-1),EAW201600(PAC 18VG-1),Non-Inverter,1675.5,18389.5,10.98,4,4892.46,7177238.82,118.046.4.08.104.20.0012,,,601,,False,0,0,0,0,0,0,0,10.975529692629063,2 PK,10.98,1467.0,0.0044703073709353,Tidak Ada Data,1,Besar-Efisien
Honshu,HSWS05ES/HSWS05ES,HSWS05ES/HSWS05ES,Non-Inverter,400.28,5044.04,12.6,4,1168.82,1714655.42,118.024.4.10.104.20.0017,,,602,,False,0,0,0,0,0,0,0,12.601279104626762,0.5 PK,12.6,1466.9969884156671,0.0012791046267626,Tidak Ada Data,2,Sedang-Efisien
Honshu,HSWS09ES/HSWS09ES,HSWS09ES/HSWS09ES,Non-Inverter,784.42,8300.76,10.58,4,2290.51,3360172.89,118.024.4.11.104.20.0018,,,603,,False,0,0,0,0,0,0,0,10.58203513423931,1 PK,10.58,1466.997694836521,0.0020351342393105,Tidak Ada Data,2,Sedang-Efisien
Honshu,HSWS12ES/HSWS12ES,HSWS12ES/HSWS12ES,Non-Inverter,1066.08,11362.18,10.66,4,3112.95,4566702.93,118.024.4.12.104.20.0019,,,604,,False,0,0,0,0,0,0,0,10.657905598078944,1.5 PK,10.66,1467.001696140317,0.002094401921056,Tidak Ada Data,2,Sedang-Efisien
Honshu,HSWS18ES/HSWS18ES,HSWS18ES/HSWS18ES,Non-Inverter,1500.43,16200.43,10.8,4,4381.26,6427301.97,118.024.4.13.104.20.0020,,,605,,False,0,0,0,0,0,0,0,10.79719147177809,2 PK,10.8,1466.9985278207637,0.0028085282219105,Tidak Ada Data,1,Besar-Efisien
Honshu,HSWS24ES/HSWS24ES,HSWS24ES/HSWS24ES,Non-Inverter,2348.59,23419.05,9.97,3,6857.88,10060514.07,118.024.3.14.099.20.0021,,,606,,False,0,0,1,1,0,0,0,9.971536113157256,3+ PK,9.97,1467.0005993105742,0.0015361131572539,Tidak Ada Data,1,Besar-Efisien
Samsung,AR05TGHQASINSE /AR05TGHQASIXSE,AR05TGHQASINSE /AR05TGHQASIXSE,Non-Inverter,337.8,4454.02,13.13,4,986.38,1447013.59,118.001.4.32.104.20.0022,,,607,,False,0,0,0,0,0,0,0,13.185375962107758,0.5 PK,13.13,1466.9940489466535,0.0553759621077567,Tidak Ada Data,2,Sedang-Efisien
Samsung,AR09TGHQASINSE /AR09TGHQASIXSE,AR09TGHQASINSE /AR09TGHQASIXSE,Non-Inverter,770.1,8268.24,10.71,4,2248.69,3298831.16,118.001.4.33.104.20.0023,,,608,,False,0,0,0,0,0,0,0,10.736579664978574,1 PK,10.71,1467.0013029808467,0.0265796649785734,Tidak Ada Data,2,Sedang-Efisien
Samsung,AR12TGHQASINSE /AR12TGHQASIXSE,AR12TGHQASINSE /AR12TGHQASIXSE,Non-Inverter,991.0,11477.85,11.56,4,2893.72,4245087.24,118.001.4.34.104.20.0024,,,609,,False,0,0,0,0,0,0,0,11.582088799192736,1.5 PK,11.56,1467.0000000000002,0.0220887991927352,Tidak Ada Data,2,Sedang-Efisien
Samsung,AR18TGHQASINSE /AR18TGHQASIXSE,AR18TGHQASINSE /AR18TGHQASIXSE,Non-Inverter,1499.1,16925.04,11.28,4,4377.37,6421604.72,118.001.4.35.104.20.0025,,,610,,False,0,0,0,0,0,0,0,11.29013408044827,2 PK,11.28,1467.0006693516884,0.010134080448271,Tidak Ada Data,1,Besar-Efisien
Mitsubishi Heavy Industries,SRK10YW-W3/SRC10YW-W3,SRK10YW-W3/SRC10YW-W3,Non-Inverter,745.0,8530.0,11.87,4,2175.4,3191311.8,113.015.4.25.104.20.0026,,,611,,False,0,0,0,0,0,0,0,11.449664429530202,1 PK,11.87,1466.9999999999998,0.4203355704697973,Tidak Ada Data,2,Sedang-Efisien
Mitsubishi Heavy Industries,SRK13YW-W3/SRC13YW-W3,SRK13YW-W3/SRC13YW-W3,Non-Inverter,1055.0,10912.0,10.78,4,3080.6,4519240.2,113.015.4.26.104.20.0027,,,612,,False,0,0,0,0,0,0,0,10.343127962085308,1.5 PK,10.78,1467.0,0.4368720379146911,Tidak Ada Data,2,Sedang-Efisien
Mitsubishi Heavy Industries,SRK18YW-W3/SRC18YW-W3,SRK18YW-W3/SRC18YW-W3,Non-Inverter,1470.0,17055.0,11.29,4,4292.4,6296950.8,113.015.4.27.104.20.0028,,,613,,False,0,0,0,0,0,0,0,11.60204081632653,2 PK,11.29,1467.0,0.3120408163265313,Tidak Ada Data,1,Besar-Efisien
Fujitsu,ASAG09JLCA /AOAG09JLCA,ASAG09JLCA /AOAG09JLCA,Non-Inverter,726.0,9103.22,16.64,4,2119.92,3109922.64,119.036.4.13.104.20.0029,,,614,,False,0,0,0,0,0,0,0,12.538870523415977,1 PK,16.64,1467.0,4.101129476584024,Tidak Ada Data,2,Sedang-Efisien
Fujitsu,ASAG12JLCA /AOAG12JLCA,ASAG12JLCA /AOAG12JLCA,Non-Inverter,1044.0,11825.99,16.06,4,3048.48,4472120.16,119.036.4.14.104.20.0030,,,615,,False,0,0,0,0,0,0,0,11.32757662835249,1.5 PK,16.06,1467.0,4.732423371647508,Tidak Ada Data,2,Sedang-Efisien
Fujitsu,ASAA18JCC /AOAR18JCC,ASAA18JCC /AOAR18JCC,Non-Inverter,1264.0,16855.28,15.02,4,3690.88,5414520.96,119.036.4.15.104.20.0031,,,616,,False,0,0,0,0,0,0,0,13.334873417721518,2 PK,15.02,1467.0,1.6851265822784818,Tidak Ada Data,1,Besar-Efisien
Carrier,42KHA005N8FS38KHA005N8FS,42KHA005N8FS38KHA005N8FS,Non-Inverter,357.5,5689.6,15.91,4,1043.9,1531401.3,118.014.4.44.104.20.0032,,,617,,False,0,0,0,0,0,0,0,15.914965034965036,1 PK,15.91,1467.0,0.0049650349650356,Tidak Ada Data,2,Sedang-Efisien
Carrier,42KHA009N8FS38KHA009N8FS,42KHA009N8FS38KHA009N8FS,Non-Inverter,821.9,8681.6,10.56,4,2399.95,3520723.72,118.014.4.45.104.20.0033,,,618,,False,0,0,0,0,0,0,0,10.562842194914223,1 PK,10.56,1466.9987791412325,0.0028421949142227,Tidak Ada Data,2,Sedang-Efisien
Carrier,42KHA012N8FS38KHA012N8FS,42KHA012N8FS38KHA012N8FS,Non-Inverter,1054.6,13134.8,12.45,4,3079.43,4517526.74,118.014.4.46.104.20.0034,,,619,,False,0,0,0,0,0,0,0,12.454769580883749,1.5 PK,12.45,1467.000951474786,0.0047695808837477,Tidak Ada Data,2,Sedang-Efisien
Carrier,42KHA018N8FS38KHA018N8FS,42KHA018N8FS38KHA018N8FS,Non-Inverter,1565.4,18467.4,11.8,4,4570.97,6705610.06,118.014.4.47.104.20.0035,,,620,,False,0,0,0,0,0,0,0,11.797240321962438,2 PK,11.8,1466.999358998199,0.0027596780375631,Tidak Ada Data,1,Besar-Efisien
Carrier,42KHA024N8FS38KHA024N8FS,42KHA024N8FS38KHA024N8FS,Non-Inverter,2013.6,23761.94,11.79,4,5879.71,8625537.5,118.014.4.48.104.20.0036,,,621,,False,0,0,0,0,0,0,0,11.800725069527214,3+ PK,11.79,1467.0004983238969,0.0107250695272149,Tidak Ada Data,1,Besar-Efisien
Hitachi,RAS-EJ10CKN /RAC-EJ10CKN,RAS-EJ10CKN /RAC-EJ10CKN,Non-Inverter,804.3,8554.8,10.61,4,2348.56,3445331.65,119.048.4.01.104.20.0037,,,622,,False,0,0,0,0,0,0,0,10.63632972771354,1 PK,10.61,1466.99750059611,0.0263297277135396,Tidak Ada Data,2,Sedang-Efisien
Hitachi,RAS-EJ13CKN /RAC-EJ13CKN,RAS-EJ13CKN /RAC-EJ13CKN,Non-Inverter,981.6,11398.8,11.6,4,2866.27,4204821.02,119.048.4.02.104.20.0038,,,623,,False,0,0,0,0,0,0,0,11.61246943765281,1.5 PK,11.6,1467.0010222344715,0.0124694376528111,Tidak Ada Data,2,Sedang-Efisien
Hitachi,RAS-EJ18CKN /RAC-EJ18CKN,RAS-EJ18CKN /RAC-EJ18CKN,Non-Inverter,1882.0,18044.2,9.59,2,5495.44,8061810.48,119.048.2.03.091.20.0039,,,624,,False,0,0,0,0,0,0,0,9.587778958554727,2 PK,9.59,1467.0000000000002,0.0022210414452707,Tidak Ada Data,1,Besar-Efisien
Hitachi,RAS-EJ24CKN /RAC-EJ24CKN,RAS-EJ24CKN /RAC-EJ24CKN,Non-Inverter,1962.6,22205.9,11.33,4,5730.79,8407071.86,119.048.4.04.104.20.0040,,,625,,False,0,0,0,0,0,0,0,11.314531743605423,2.5 PK,11.33,1467.0005112733147,0.0154682563945769,Tidak Ada Data,1,Besar-Efisien
Samsung,AR07NRFLDWKN /AR07NRFLDWKX,AR07NRFLDWKN /AR07NRFLDWKX,Non-Inverter,635.4,7272.38,11.41,4,1855.37,2721824.86,118.001.4.36.104.20.0045,,,626,,False,0,0,0,0,0,0,0,11.44535725527227,1 PK,11.41,1466.9984208001638,0.0353572552722702,Tidak Ada Data,2,Sedang-Efisien
Fujiaire,FW05L1H-2A1N /FL05L1H-2A1N,FW05L1H-2A1N /FL05L1H-2A1N,Non-Inverter,385.0,4577.88,11.9,4,1124.2,1649201.4,119.020.4.05.104.20.0046,,,627,,False,0,0,0,0,0,0,0,11.890597402597402,0.5 PK,11.9,1466.9999999999998,0.0094025974025981,Tidak Ada Data,2,Sedang-Efisien
Fujiaire,FW07L1H-2A1N /FL07L1H-2A1N,FW07L1H-2A1N /FL07L1H-2A1N,Non-Inverter,572.0,7257.33,12.69,4,1670.24,2450242.08,119.020.4.06.104.20.0047,,,628,,False,0,0,0,0,0,0,0,12.68763986013986,1 PK,12.69,1467.0,0.0023601398601389,Tidak Ada Data,2,Sedang-Efisien
Fujiaire,FW10C1H-2A1N /FL10C1H-2A1N,FW10C1H-2A1N /FL10C1H-2A1N,Non-Inverter,887.0,8617.0,9.72,2,2590.04,3799588.68,119.020.2.07.091.20.0048,,,629,,False,0,0,0,0,0,0,0,9.71476888387824,1 PK,9.72,1467.0,0.0052311161217595,Tidak Ada Data,2,Sedang-Efisien
Fujiaire,FW15C1H-2A1N /FL15C1H-2A1N,FW15C1H-2A1N /FL15C1H-2A1N,Non-Inverter,1030.0,10556.73,10.25,3,3007.6,4412149.2,119.020.3.08.099.20.0049,,,630,,False,0,0,0,0,0,0,0,10.249252427184466,1.5 PK,10.25,1467.0,0.0007475728155341,Tidak Ada Data,2,Sedang-Efisien
Fujiaire,FW20C1H-2A1N /FL20C1H-2A1N,FW20C1H-2A1N /FL20C1H-2A1N,Non-Inverter,1630.0,15910.16,9.76,2,4759.6,6982333.2,119.020.2.09.091.20.0050,,,631,,False,0,0,0,0,0,0,0,9.76083435582822,2 PK,9.76,1467.0,0.0008343558282213,Tidak Ada Data,1,Besar-Efisien
Fujiaire,FW25C1H-2A1N /FL25C1H-2A1N,FW25C1H-2A1N /FL25C1H-2A1N,Non-Inverter,2000.0,22768.27,11.38,4,5840.0,8567280.0,119.020.4.10.104.20.0051,,,632,,False,0,0,0,0,0,0,0,11.384135,2.5 PK,11.38,1467.0,0.0041349999999997,Tidak Ada Data,1,Besar-Efisien
Toshiba,RAS-05J2KG-ID (I) / RAS-05J2AG-ID (O),RAS-05J2KG-ID (I) / RAS-05J2AG-ID (O),Non-Inverter,353.6,4617.23,12.99,4,1032.51,1514695.1,118.040.4.10.104.20.0052,,,633,,False,0,0,0,0,0,0,0,13.057777149321264,0.5 PK,12.99,1467.002837744913,0.0677771493212642,Tidak Ada Data,2,Sedang-Efisien
Toshiba,RAS-09J2KG-ID (I) / RAS-09J2AG-ID (O),RAS-09J2KG-ID (I) / RAS-09J2AG-ID (O),Non-Inverter,780.1,8591.32,10.99,4,2277.89,3341667.56,118.040.4.11.104.20.0053,,,634,,False,0,0,0,0,0,0,0,11.013100884501986,1 PK,10.99,1467.001286278091,0.0231008845019857,Tidak Ada Data,2,Sedang-Efisien
Toshiba,RAS-012J2KG-ID (I) / RAS-012J2AG-ID (O),RAS-012J2KG-ID (I) / RAS-012J2AG-ID (O),Non-Inverter,1080.5,11934.34,11.03,4,3155.06,4628473.02,118.040.4.12.104.20.0054,,,635,,False,0,0,0,0,0,0,0,11.045201295696437,1.5 PK,11.03,1466.9999999999998,0.0152012956964373,Tidak Ada Data,2,Sedang-Efisien
Toshiba,RAS-018J2KG-ID (I) / RAS-018J2AG-ID (O),RAS-018J2KG-ID (I) / RAS-018J2AG-ID (O),Non-Inverter,1500.6,17071.55,11.36,4,4381.75,6428030.18,118.040.4.13.104.20.0055,,,636,,False,0,0,0,0,0,0,0,11.376482740237238,2 PK,11.36,1467.000668682604,0.0164827402372385,Tidak Ada Data,1,Besar-Efisien
Panasonic,CU/CS-XN5WKJ; CU/CS-KN5WKJ,CU/CS-XN5WKJ; CU/CS-KN5WKJ,Non-Inverter,375.2,5045.0,13.44,4,1095.58,1607221.73,119.006.4.30.104.20.0056,,,637,,False,0,0,0,0,0,0,0,13.446162046908317,0.5 PK,13.44,1467.0053578926231,0.006162046908317,Tidak Ada Data,2,Sedang-Efisien
Panasonic,CU/CS-PN5WKJ; CU/CS-LN5WKJ; CU/CS-YN5WKJ,CU/CS-PN5WKJ; CU/CS-LN5WKJ; CU/CS-YN5WKJ,Non-Inverter,413.7,4770.0,11.53,4,1208.0,1772141.87,119.006.4.31.104.20.0057,,,638,,False,0,0,0,0,0,0,0,11.530094271211023,0.5 PK,11.53,1467.0048592715232,9.427121102412173e-05,Tidak Ada Data,2,Sedang-Efisien
Panasonic,CU/CS-XN7WKJ; CU/CS-KN7WKJ,CU/CS-XN7WKJ; CU/CS-KN7WKJ,Non-Inverter,593.2,6928.0,11.67,4,1732.14,2541055.25,119.006.4.32.104.20.0058,,,639,,False,0,0,0,0,0,0,0,11.679028995279838,1 PK,11.67,1467.003388871569,0.0090289952798379,Tidak Ada Data,2,Sedang-Efisien
Panasonic,CU/CS-PN7WKJ; CU/CS-LN7WKJ,CU/CS-PN7WKJ; CU/CS-LN7WKJ,Non-Inverter,597.1,6719.0,11.25,4,1743.53,2557761.44,119.006.4.33.104.20.0059,,,640,,False,0,0,0,0,0,0,0,11.252721487188076,1 PK,11.25,1467.0016804987583,0.0027214871880758,Tidak Ada Data,2,Sedang-Efisien
Panasonic,CU/CS-YN7WKJ,CU/CS-YN7WKJ,Non-Inverter,664.9,7173.0,10.79,4,1941.51,2848192.24,119.006.4.34.104.20.0060,,,641,,False,0,0,0,0,0,0,0,10.78808843435103,1 PK,10.79,1466.9984908653576,0.0019115656489692,Tidak Ada Data,2,Sedang-Efisien
Panasonic,CU/CS-XN9WKJ; CU/CS-KN9WKJ,CU/CS-XN9WKJ; CU/CS-KN9WKJ,Non-Inverter,729.4,8726.0,11.96,4,2129.85,3124487.02,119.006.4.35.104.20.0061,,,642,,False,0,0,0,0,0,0,0,11.963257471894709,1 PK,11.96,1466.9986243162664,0.0032574718947078,Tidak Ada Data,2,Sedang-Efisien
Panasonic,CU/CS-PN9WKJ; CU/CS-LN9WKJ,CU/CS-PN9WKJ; CU/CS-LN9WKJ,Non-Inverter,726.9,8204.0,11.28,4,2122.55,3113777.92,119.006.4.36.104.20.0062,,,643,,False,0,0,0,0,0,0,0,11.28628422066309,1 PK,11.28,1466.998619584933,0.0062842206630904,Tidak Ada Data,2,Sedang-Efisien
Panasonic,CU/CS-YN9WKJ,CU/CS-YN9WKJ,Non-Inverter,781.0,8421.0,10.78,4,2280.52,3345522.84,119.006.4.37.104.20.0063,,,644,,False,0,0,0,0,0,0,0,10.782330345710628,1 PK,10.78,1467.0,0.0023303457106287,Tidak Ada Data,2,Sedang-Efisien
Panasonic,CU/CS-PN12WKJ; CU/CS-LN12WKJ,CU/CS-PN12WKJ; CU/CS-LN12WKJ,Non-Inverter,1018.1,11563.0,11.35,4,2972.85,4361173.88,119.006.4.38.104.20.0064,,,645,,False,0,0,0,0,0,0,0,11.357430507808663,1.5 PK,11.35,1467.000985586222,0.0074305078086638,Tidak Ada Data,2,Sedang-Efisien
Panasonic,CU/CS-YN12WKJ,CU/CS-YN12WKJ,Non-Inverter,1034.2,11100.0,10.73,4,3019.86,4430140.49,119.006.4.39.104.20.0065,,,646,,False,0,0,0,0,0,0,0,10.732933668536068,1.5 PK,10.73,1467.0019437987191,0.0029336685360661,Tidak Ada Data,2,Sedang-Efisien
Panasonic,CU/CS-PN18WKJ; CU/CS-LN18WKJ,CU/CS-PN18WKJ; CU/CS-LN18WKJ,Non-Inverter,1594.9,17733.0,11.14,4,4657.11,6831977.44,119.006.4.40.104.20.0066,,,647,,False,0,0,0,0,0,0,0,11.118565427299515,2 PK,11.14,1466.999370854457,0.0214345727004836,Tidak Ada Data,1,Besar-Efisien
Panasonic,CU/CS-YN18WKJ,CU/CS-YN18WKJ,Non-Inverter,1634.5,17479.0,10.71,4,4772.74,7001609.58,119.006.4.41.104.20.0067,,,648,,False,0,0,0,0,0,0,0,10.693790149892934,2 PK,10.71,1467.0,0.0162098501070673,Tidak Ada Data,1,Besar-Efisien
Panasonic,CU/CS-PN24WKJ; CU/CS-LN24WKJ,CU/CS-PN24WKJ; CU/CS-LN24WKJ,Non-Inverter,2113.4,22945.0,10.86,4,6171.13,9053044.78,119.006.4.42.104.20.0068,,,649,,False,0,0,0,0,0,0,0,10.856913031134663,2.5 PK,10.86,1466.9995252085112,0.0030869688653361,Tidak Ada Data,1,Besar-Efisien
Panasonic,CU/CS-YN24WKJ,CU/CS-YN24WKJ,Non-Inverter,2111.8,22543.0,10.68,4,6166.46,9046190.95,119.006.4.43.104.20.0069,,,650,,False,0,0,0,0,0,0,0,10.674779808694003,2.5 PK,10.68,1466.9990480762056,0.0052201913059963,Tidak Ada Data,1,Besar-Efisien
Gree,GWC05NAS/I;GWC05NAS/O,GWC05NAS/I;GWC05NAS/O,Non-Inverter,374.9,4604.2,12.28,4,1094.71,1605936.64,113.030.4.23.104.20.0070,,,651,,False,0,0,0,0,0,0,0,12.281141637770071,0.5 PK,12.28,1466.9973234920662,0.0011416377700737,Tidak Ada Data,2,Sedang-Efisien
Gree,GWC07NAS/I;GWC07NAS/O,GWC07NAS/I;GWC07NAS/O,Non-Inverter,580.9,6670.94,11.5,4,1696.23,2488366.48,113.030.4.24.104.20.0071,,,652,,False,0,0,0,0,0,0,0,11.48380099845068,1 PK,11.5,1466.9982726399132,0.0161990015493209,Tidak Ada Data,2,Sedang-Efisien
Gree,GWC09NAS/I;GWC09NAS/O,GWC09NAS/I;GWC09NAS/O,Non-Inverter,773.3,8655.96,11.19,4,2258.04,3312538.81,113.030.4.25.104.20.0072,,,653,,False,0,0,0,0,0,0,0,11.19353420406052,1 PK,11.19,1466.9974004003473,0.0035342040605197,Tidak Ada Data,2,Sedang-Efisien
Gree,GWC12NAS/I;GWC12NAS/O,GWC12NAS/I;GWC12NAS/O,Non-Inverter,1053.9,11799.7,11.19,4,3077.39,4514528.2,113.030.4.26.104.20.0073,,,654,,False,0,0,0,0,0,0,0,11.1962235506215,1.5 PK,11.19,1466.999047894482,0.0062235506215007,Tidak Ada Data,2,Sedang-Efisien
Gree,GWC18NAS/I;GWC18NAS/O,GWC18NAS/I;GWC18NAS/O,Non-Inverter,1671.7,17490.1,10.48,4,4881.36,7160960.99,113.030.4.27.104.20.0074,,,655,,False,0,0,0,0,0,0,0,10.462463360650831,2 PK,10.48,1467.0012025337203,0.0175366393491671,Tidak Ada Data,1,Besar-Efisien
Gree,GWC24NAS/I;GWC24NAS/O,GWC24NAS/I;GWC24NAS/O,Non-Inverter,2061.4,21473.0,10.41,4,6019.29,8830295.5,113.030.4.28.104.20.0075,,,656,,False,0,0,0,0,0,0,0,10.41670709226739,2.5 PK,10.41,1466.999513231627,0.0067070922673906,Tidak Ada Data,1,Besar-Efisien
Gree,GWC05LWS/I;GWC05LWS/O,GWC05LWS/I;GWC05LWS/O,Non-Inverter,328.9,4526.1,13.75,4,960.39,1408889.2,113.030.4.29.104.20.0076,,,657,,False,0,0,0,0,0,0,0,13.76132563089085,0.5 PK,13.75,1466.996949156072,0.01132563089085,Tidak Ada Data,2,Sedang-Efisien
Gree,GWC07LWS/I;GWC07LWS/O,GWC07LWS/I;GWC07LWS/O,Non-Inverter,542.6,6605.5,12.18,4,1584.39,2324303.06,113.030.4.30.104.20.0077,,,658,,False,0,0,0,0,0,0,0,12.17379284924438,1 PK,12.18,1467.0018492921563,0.0062071507556211,Tidak Ada Data,2,Sedang-Efisien
Gree,GWC09LWS/I;GWC09LWS/O,GWC09LWS/I;GWC09LWS/O,Non-Inverter,703.5,8412.4,11.94,4,2054.22,3013540.74,113.030.4.31.104.20.0078,,,659,,False,0,0,0,0,0,0,0,11.957924662402274,1 PK,11.94,1467.0000000000002,0.0179246624022741,Tidak Ada Data,2,Sedang-Efisien
Akari,A-12D7LWi / A-12D7LWk,A-12D7LWi / A-12D7LWk,Non-Inverter,1050.2,11360.1,10.82,4,3066.58,4498678.73,119.010.4.11.104.20.0081,,,660,,False,0,0,0,0,0,0,0,10.817082460483718,1.5 PK,10.82,1467.0019141845314,0.0029175395162823,Tidak Ada Data,2,Sedang-Efisien
Sharp,AH-A9UCY /AU-A9UCY;AH-A9VEY /AU-A9VEY,AH-A9UCY /AU-A9UCY;AH-A9VEY /AU-A9VEY,Non-Inverter,719.3,9239.03,12.81,4,2100.36,3081222.25,118.008.4.48.104.20.0082,,,661,,False,0,0,0,0,0,0,0,12.844473793966358,1 PK,12.81,1466.9972052410062,0.0344737939663577,Tidak Ada Data,2,Sedang-Efisien
Changhong,CSC-05NVB2,CSC-05NVB2,Non-Inverter,440.2,5117.7,11.62,4,1285.38,1885658.33,135.029.4.16.104.20.0083,,,662,,False,0,0,0,0,0,0,0,11.625851885506588,0.5 PK,11.62,1467.0045667429083,0.0058518855065887,Tidak Ada Data,2,Sedang-Efisien
Changhong,CHOL-05L,CHOL-05L,Non-Inverter,440.2,5117.7,11.62,4,1285.38,1885658.33,135.029.4.17.104.20.0084,,,663,,False,0,0,0,0,0,0,0,11.625851885506588,0.5 PK,11.62,1467.0045667429083,0.0058518855065887,Tidak Ada Data,2,Sedang-Efisien
Changhong,CSC-09NVB2,CSC-09NVB2,Non-Inverter,818.8,8975.8,10.96,4,2390.9,3507444.43,135.029.4.18.104.20.0085,,,664,,False,0,0,0,0,0,0,0,10.962139716658523,1 PK,10.96,1466.9975448575851,0.0021397166585241,Tidak Ada Data,2,Sedang-Efisien
Toshiba,RAS-05J2KG-ID (I)RAS-05J2AG-ID (O),RAS-05J2KG-ID (I)RAS-05J2AG-ID (O),Non-Inverter,353.6,4617.23,12.99,4,1032.51,1514695.1,118.040.4.14.104.20.0086,,,665,,False,0,0,0,0,0,0,0,13.057777149321264,0.5 PK,12.99,1467.002837744913,0.0677771493212642,Tidak Ada Data,2,Sedang-Efisien
Toshiba,RAS-09J2KG-ID (I)RAS-09J2AG-ID (O),RAS-09J2KG-ID (I)RAS-09J2AG-ID (O),Non-Inverter,780.1,8591.32,10.99,4,2277.89,3341667.56,118.040.4.15.104.20.0087,,,666,,False,0,0,0,0,0,0,0,11.013100884501986,1 PK,10.99,1467.001286278091,0.0231008845019857,Tidak Ada Data,2,Sedang-Efisien
Toshiba,RAS-012J2KG-ID (I)RAS-012J2AG-ID (O),RAS-012J2KG-ID (I)RAS-012J2AG-ID (O),Non-Inverter,1080.5,11934.34,11.03,4,3155.06,4628473.02,118.040.4.16.104.20.0088,,,667,,False,0,0,0,0,0,0,0,11.045201295696437,1.5 PK,11.03,1466.9999999999998,0.0152012956964373,Tidak Ada Data,2,Sedang-Efisien
Toshiba,RAS-018J2KG-ID (I)RAS-018J2AG-ID (O),RAS-018J2KG-ID (I)RAS-018J2AG-ID (O),Non-Inverter,1500.6,17071.55,11.36,4,4381.75,6428030.18,118.040.4.17.104.20.0089,,,668,,False,0,0,0,0,0,0,0,11.376482740237238,2 PK,11.36,1467.000668682604,0.0164827402372385,Tidak Ada Data,1,Besar-Efisien
TCL,TAC-12CSA,TAC-12CSA,Non-Inverter,1113.6,11234.0,10.09,3,3251.71,4770261.5,118.050.3.01.099.20.0090,,,669,,False,0,0,0,0,0,0,0,10.08800287356322,1.5 PK,10.09,1467.000901064363,0.0019971264367804,Tidak Ada Data,2,Sedang-Efisien
TCL,TAC-18CSA,TAC-18CSA,Non-Inverter,1546.5,17173.4,11.1,4,4515.78,6624649.26,118.050.4.02.104.20.0091,,,670,,False,0,0,0,0,0,0,0,11.104688005172973,2 PK,11.1,1467.0,0.0046880051729729,Tidak Ada Data,1,Besar-Efisien
DR KUHLER,GWC12NAS/I;GWC12NAS/O,GWC12NAS/I;GWC12NAS/O,Non-Inverter,1060.8,11696.8,11.02,4,3097.54,4544085.31,113.030.4.32.104.20.0092,,,671,,False,0,0,0,0,0,0,0,11.026395173453995,1.5 PK,11.02,1466.9981049477972,0.0063951734539973,Tidak Ada Data,2,Sedang-Efisien
DR KUHLER,GWC18NAS/I;GWC18NAS/O,GWC18NAS/I;GWC18NAS/O,Non-Inverter,1691.0,17721.5,10.48,4,4937.72,7243635.24,113.030.4.33.104.20.0093,,,672,,False,0,0,0,0,0,0,0,10.479893554109994,2 PK,10.48,1467.0,0.0001064458900064,Tidak Ada Data,1,Besar-Efisien
Samsung,AR05NRFLDWKNSE/AR05NRFLDWKXSE,AR05NRFLDWKNSE/AR05NRFLDWKXSE,Non-Inverter,389.7,5015.71,12.82,4,1137.92,1669334.51,118.051.4.01.104.20.0094,,,673,,False,0,0,0,0,0,0,0,12.87069540672312,0.5 PK,12.82,1467.0051585348706,0.0506954067231202,Tidak Ada Data,2,Sedang-Efisien
Samsung,AR09NRFLDWKNSE/AR09NRFLDWKXSE ,AR09NRFLDWKNSE/AR09NRFLDWKXSE ,Non-Inverter,831.5,8953.29,10.74,4,2427.98,3561846.66,118.051.4.02.104.20.0095,,,674,,False,0,0,0,0,0,0,0,10.767636800962118,1 PK,10.74,1467.0,0.0276368009621172,Tidak Ada Data,2,Sedang-Efisien
Samsung, AR12NRFLDWKNSE/AR12NRFLDWKXSE, AR12NRFLDWKNSE/AR12NRFLDWKXSE,Non-Inverter,1088.6,11981.61,10.99,4,3178.71,4663170.5,118.051.4.03.104.20.0096,,,675,,False,0,0,0,0,0,0,0,11.006439463531144,1.5 PK,10.99,1467.0009217575682,0.0164394635311424,Tidak Ada Data,2,Sedang-Efisien
Samsung,AR07NRFLDWKNSE/AR07NRFLDWKXSE ,AR07NRFLDWKNSE/AR07NRFLDWKXSE ,Non-Inverter,643.3,6922.85,10.73,4,1878.44,2755665.61,118.051.4.04.104.20.0097,,,676,,False,0,0,0,0,0,0,0,10.761464324576403,1 PK,10.73,1466.9968750665444,0.0314643245764045,Tidak Ada Data,2,Sedang-Efisien
Samsung, AR18NRFLDWKNSE/AR18NRFLDWKXSE, AR18NRFLDWKNSE/AR18NRFLDWKXSE,Non-Inverter,1637.6,18171.2,11.08,4,4781.79,7014888.86,118.051.4.05.104.20.0098,,,677,,False,0,0,0,0,0,0,0,11.096238397655108,2 PK,11.08,1467.000612741254,0.0162383976551065,Tidak Ada Data,1,Besar-Efisien
Samsung,AR05TGHQASINSE / AR05TGHQASIXSE,AR05TGHQASINSE / AR05TGHQASIXSE,Non-Inverter,345.6,4543.01,13.08,4,1009.15,0.0,118.051.4.06.104.20.0103,,,678,,False,0,0,0,0,0,1,0,13.145283564814816,0.5 PK,13.08,0.0,0.0652835648148144,Tidak Ada Data,2,Sedang-Efisien
Samsung,AR09TGHQASINSE / AR09TGHQASIXSE,AR09TGHQASINSE / AR09TGHQASIXSE,Non-Inverter,767.1,9039.69,11.76,4,2239.93,3236029.76,118.051.4.07.104.20.0104,,,679,,False,0,0,0,0,0,0,0,11.784239342980054,1 PK,11.76,1444.7012897724485,0.0242393429800547,Tidak Ada Data,2,Sedang-Efisien
Samsung,AR12TGHQASINSE / AR12TGHQASIXSE,AR12TGHQASINSE / AR12TGHQASIXSE,Non-Inverter,1016.0,11537.07,11.34,4,2966.72,4286020.38,118.051.4.08.104.20.0105,,,680,,False,0,0,0,0,0,0,0,11.355383858267716,1.5 PK,11.34,1444.6999986517096,0.0153838582677163,Tidak Ada Data,2,Sedang-Efisien
Samsung,AR18TGHQASINSE / AR18TGHQASIXSE,AR18TGHQASINSE / AR18TGHQASIXSE,Non-Inverter,1483.7,17040.21,10.79,4,4332.4,6259024.06,118.051.4.09.104.20.0106,,,681,,False,0,0,0,0,0,0,0,11.48494304778594,2 PK,10.79,1444.7013341335055,0.6949430477859408,Tidak Ada Data,1,Besar-Efisien
Panasonic,CS/CU-ZN7WKP,CS/CU-ZN7WKP,Non-Inverter,674.5,7278.5,10.79,4,1969.54,2845394.44,118.009.4.41.104.20.0107,,,682,,False,0,0,0,0,0,0,0,10.790956263899185,1 PK,10.79,1444.7000010154654,0.0009562638991855,Tidak Ada Data,2,Sedang-Efisien
HISENSE,AN05CEG AN05CDG,AN05CEG AN05CDG,Non-Inverter,423.1,5014.78,11.8,4,1235.45,1784857.5,118.049.4.01.104.20.0108,,,683,,False,0,0,0,0,0,0,0,11.852469865280074,0.5 PK,11.8,1444.7023351815128,0.0524698652800736,Tidak Ada Data,2,Sedang-Efisien
HISENSE,AN09CDG,AN09CDG,Non-Inverter,825.3,8973.93,10.85,4,2409.88,3481547.86,118.049.4.02.104.20.0109,,,684,,False,0,0,0,0,0,0,0,10.8735368956743,1 PK,10.85,1444.6976032001592,0.0235368956743009,Tidak Ada Data,2,Sedang-Efisien
HISENSE,AN12CDG,AN12CDG,Non-Inverter,979.0,11529.53,11.76,4,2858.68,4129935.0,118.049.4.03.104.20.0110,,,685,,False,0,0,0,0,0,0,0,11.776843718079672,1.5 PK,11.76,1444.7000013992472,0.0168437180796736,Tidak Ada Data,2,Sedang-Efisien
HISENSE,AN18CDG,AN18CDG,Non-Inverter,1631.6,11766.87,10.88,4,4764.27,6882943.76,118.049.4.04.104.20.0111,,,686,,False,0,0,0,0,0,0,0,7.211859524393234,1.5 PK,10.88,1444.700606808598,3.6681404756067666,Tidak Ada Data,1,Besar-Efisien
TCL,TAC-05CSA,TAC-05CSA,Non-Inverter,439.1,4845.8,11.04,4,1282.17,1852353.89,118.050.4.03.104.20.0115,,,687,,False,0,0,0,0,0,0,0,11.035754953313596,0.5 PK,11.04,1444.702254771208,0.0042450466864032,Tidak Ada Data,2,Sedang-Efisien
TCL,TAC-09CSA,TAC-09CSA,Non-Inverter,764.3,8433.77,10.89,4,2231.76,3224217.89,118.050.4.04.104.20.0119,,,688,,False,0,0,0,0,0,0,0,11.034632997514066,1 PK,10.89,1444.6974092196292,0.1446329975140656,Tidak Ada Data,2,Sedang-Efisien
Gree,GWC-12MOO/I; GWC-12MOO/O,GWC-12MOO/I; GWC-12MOO/O,Non-Inverter,1109.1,11534.99,10.38,3,3238.57,0.0,118.011.3.55.099.20.0118,,,689,,False,0,0,0,0,0,1,0,10.400315571183844,1.5 PK,10.38,0.0,0.0203155711838434,Tidak Ada Data,2,Sedang-Efisien
Midea,MSAF-07CRN2(I)/(O),MSAF-07CRN2(I)/(O),Non-Inverter,581.8,7359.93,10.77,4,1698.86,2454337.26,118.013.4.59.104.20.0120,,,690,,False,0,0,0,0,0,0,0,12.65027500859402,1 PK,10.77,1444.6965965412098,1.8802750085940207,Tidak Ada Data,2,Sedang-Efisien
Sharp,AH-A18SAY2 / AU-A18SAY2,AH-A18SAY2 / AU-A18SAY2,Non-Inverter,1722.0,17628.85,10.23,3,5028.24,7264298.33,118.008.3.49.099.20.0121,,,691,,False,0,0,0,0,0,0,0,10.237427409988385,2 PK,10.23,1444.7000003977537,0.0074274099883844,Tidak Ada Data,1,Besar-Efisien
Gree,GWC-05MOO5/I; GWC-05MOO5/O,GWC-05MOO5/I; GWC-05MOO5/O,Non-Inverter,381.8,4733.24,12.34,4,1114.86,1610632.46,118.011.4.56.104.20.0122,,,692,,False,0,0,0,0,0,0,0,12.397171293871136,0.5 PK,12.34,1444.6948136985811,0.0571712938711357,Tidak Ada Data,2,Sedang-Efisien
Gree,GWC-07MOO5/I; GWC-07MOO5/O,GWC-07MOO5/I; GWC-07MOO5/O,Non-Inverter,594.6,6570.55,11.02,4,1736.23,2508334.37,118.011.4.57.104.20.0123,,,693,,False,0,0,0,0,0,0,0,11.050369996636396,1 PK,11.02,1444.7016639500528,0.030369996636395,Tidak Ada Data,2,Sedang-Efisien
Gree,GWC-09MOO5/I; GWC-09MOO5/O,GWC-09MOO5/I; GWC-09MOO5/O,Non-Inverter,757.0,8273.32,10.9,4,2210.44,3193422.67,118.011.4.58.104.20.0124,,,694,,False,0,0,0,0,0,0,0,10.929088507265522,1 PK,10.9,1444.7000009047972,0.0290885072655218,Tidak Ada Data,2,Sedang-Efisien
Gree,GWC-12MOO5/I; GWC-12MOO5/O,GWC-12MOO5/I; GWC-12MOO5/O,Non-Inverter,1039.3,12057.5,11.58,4,3034.76,4384311.99,118.011.4.59.104.20.0125,,,695,,False,0,0,0,0,0,0,0,11.6015587414606,1.5 PK,11.58,1444.698094742253,0.0215587414605984,Tidak Ada Data,2,Sedang-Efisien
Gree,GWC-18MOO5/I; GWC-18MOO5/O,GWC-18MOO5/I; GWC-18MOO5/O,Non-Inverter,1606.0,17490.72,10.88,4,4689.52,6774949.54,118.011.4.60.104.20.0126,,,696,,False,0,0,0,0,0,0,0,10.890859277708593,2 PK,10.88,1444.699999147034,0.010859277708592,Tidak Ada Data,1,Besar-Efisien
Gree,GWC-24MOO5/I; GWC-24MOO5/O,GWC-24MOO5/I; GWC-24MOO5/O,Non-Inverter,2253.9,23422.15,10.38,3,6581.39,9508131.24,118.011.3.61.099.20.0127,,,697,,False,0,0,0,0,0,0,0,10.391831935755802,3+ PK,10.38,1444.6995604272045,0.0118319357558007,Tidak Ada Data,1,Besar-Efisien
Mitsubishi Heavy Industries,SRK05CXP-W3 / SRC05CXP-W3,SRK05CXP-W3 / SRC05CXP-W3,Non-Inverter,351.6,4701.23,13.31,4,1026.67,1483233.04,113.015.4.28.104.20.0128,,,698,,False,0,0,0,0,0,0,0,13.370961319681454,0.5 PK,13.31,1444.7028158999483,0.0609613196814535,Tidak Ada Data,2,Sedang-Efisien
Mitsubishi Heavy Industries,SRK09CXP-W3 / SRC09CXP-W3,SRK09CXP-W3 / SRC09CXP-W3,Non-Inverter,781.3,8822.72,11.27,4,2281.4,3295932.8,113.015.4.29.104.20.0129,,,699,,False,0,0,0,0,0,0,0,11.2923588890311,1 PK,11.27,1444.697466467958,0.0223588890311017,Tidak Ada Data,2,Sedang-Efisien
Mitsubishi Heavy Industries,SRK12CXP-W3 / SRC12CXP-W3,SRK12CXP-W3 / SRC12CXP-W3,Non-Inverter,1034.4,11277.98,10.88,4,3020.45,4363641.23,113.015.4.30.104.20.0130,,,700,,False,0,0,0,0,0,0,0,10.902919566898683,1.5 PK,10.88,1444.6990448443114,0.0229195668986825,Tidak Ada Data,2,Sedang-Efisien
Mitsubishi Heavy Industries,SRK18CXP-W3 / SRC18CXP-W3,SRK18CXP-W3 / SRC18CXP-W3,Non-Inverter,1492.8,17469.16,11.69,4,4358.98,6297412.63,113.015.4.31.104.20.0131,,,701,,False,0,0,0,0,0,0,0,11.702277599142551,2 PK,11.69,1444.698674919362,0.0122775991425516,Tidak Ada Data,1,Besar-Efisien
Sharp,AH-A5UCYN /  AU-A5UCYN;  AH-A5VEYN /  AU-A5VEYN,AH-A5UCYN /  AU-A5UCYN;  AH-A5VEYN /  AU-A5VEYN,Non-Inverter,339.3,4520.99,13.25,4,990.76,1431345.19,118.053.4.01.104.20.0137,,,702,,False,0,0,0,0,0,0,0,13.324462127910405,0.5 PK,13.25,1444.6941640760629,0.0744621279104027,Tidak Ada Data,2,Sedang-Efisien
Sharp,AH-A7UCYN /  AU-A7UCYN;  AH-A7VEYN /  AU-A7VEYN,AH-A7UCYN /  AU-A7UCYN;  AH-A7VEYN /  AU-A7VEYN,Non-Inverter,531.2,6320.23,11.86,4,1551.1,2240879.95,118.053.4.02.104.20.0138,,,703,,False,0,0,0,0,0,0,0,11.898023343373492,1 PK,11.86,1444.703726387725,0.0380233433734922,Tidak Ada Data,2,Sedang-Efisien
Sharp,AH-A9UCYN /  AU-A9UCYN;  AH-A9VEYN /  AU-A9VEYN,AH-A9UCYN /  AU-A9UCYN;  AH-A9VEYN /  AU-A9VEYN,Non-Inverter,728.8,8261.52,11.31,4,2128.1,3074460.29,118.053.4.03.104.20.0139,,,704,,False,0,0,0,0,0,0,0,11.335784851811198,1 PK,11.31,1444.69728396222,0.0257848518111973,Tidak Ada Data,2,Sedang-Efisien
Sharp,AH-A12UCYN /  AU-A12UCYN;  AH-A12VEYN /  AU-A12VEYN,AH-A12UCYN /  AU-A12UCYN;  AH-A12VEYN /  AU-A12VEYN,Non-Inverter,1024.6,11978.54,11.67,4,2991.83,4322299.69,118.053.4.04.104.20.0140,,,705,,False,0,0,0,0,0,0,0,11.690942806949057,1.5 PK,11.67,1444.700965629732,0.0209428069490549,Tidak Ada Data,2,Sedang-Efisien
Sharp,AH-A18UCYN /  AU-A18UCYN,AH-A18UCYN /  AU-A18UCYN,Non-Inverter,1543.4,17732.84,11.48,4,4506.73,6510869.94,118.053.4.05.104.20.0141,,,706,,False,0,0,0,0,0,0,0,11.48946481793443,2 PK,11.48,1444.6993585149323,0.0094648179344289,Tidak Ada Data,1,Besar-Efisien
Sharp,AH-A24UCYN /  AU-A24UCYN,AH-A24UCYN /  AU-A24UCYN,Non-Inverter,2116.3,24034.47,11.35,4,6179.6,8927662.34,118.053.4.06.104.20.0142,,,707,,False,0,0,0,0,0,0,0,11.35683504229079,3+ PK,11.35,1444.6990646643794,0.0068350422907901,Tidak Ada Data,1,Besar-Efisien
Denpoo,1/2 PK,1/2 PK,Non-Inverter,430.6,5226.89,12.09,4,1257.35,1816496.43,118.054.4.01.104.20.0143,,,708,,False,0,0,0,0,0,0,0,12.13862052949373,0.5 PK,12.09,1444.7022945082913,0.0486205294937303,Tidak Ada Data,2,Sedang-Efisien
Denpoo,1 PK,1 PK,Non-Inverter,798.3,8518.86,10.65,4,2331.04,3367647.71,118.054.4.02.104.20.0144,,,709,,False,0,0,0,0,0,0,0,10.671251409244649,1 PK,10.65,1444.6975212780562,0.0212514092446465,Tidak Ada Data,2,Sedang-Efisien
Polytron,EAW053900,PAC 05VH,Non-Inverter,394.8,5347.9,13.54,4,1152.82,1665473.28,118.046.4.09.104.20.0145,,,710,,False,0,0,0,0,0,0,0,13.545845997973656,0.5 PK,13.54,1444.694991412363,0.0058459979736564,Tidak Ada Data,2,Sedang-Efisien
Polytron,EAW108000,PAC 09VH,Non-Inverter,792.4,8844.7,11.16,4,2313.81,3342758.42,118.046.4.10.104.20.0146,,,711,,False,0,0,0,0,0,0,0,11.16191317516406,1 PK,11.16,1444.6987522743873,0.0019131751640593,Tidak Ada Data,2,Sedang-Efisien
Polytron,EAW159900,PAC 12VH;  PAC 12VZ,Non-Inverter,972.6,11137.6,11.45,4,2839.99,4102936.44,118.046.4.11.104.20.0147,,,712,,False,0,0,0,0,0,0,0,11.451367468640758,1.5 PK,11.45,1444.7010165528752,0.0013674686407583,Tidak Ada Data,2,Sedang-Efisien
Polytron,EAW201601,PAC 18VH;  PAC 18VZ,Non-Inverter,1607.4,17985.5,11.19,4,4693.61,6780855.48,118.046.4.12.104.20.0148,,,713,,False,0,0,0,0,0,0,0,11.189187507776532,2 PK,11.19,1444.6993849084183,0.0008124922234671,Tidak Ada Data,1,Besar-Efisien
Denpoo,DENPOO DDS 05SHB,DENPOO DDS 05SHB,Non-Inverter,429.2,5239.44,12.15,4,1253.26,1810590.5,118.018.4.13.104.20.0149,,,714,,False,0,0,0,0,0,0,0,12.207455731593662,0.5 PK,12.15,1444.704610376139,0.0574557315936612,Tidak Ada Data,2,Sedang-Efisien
Denpoo,DENPOO DDS 09SHB,DENPOO DDS 09SHB,Non-Inverter,803.7,8546.66,10.61,4,2346.8,3390427.74,118.018.4.14.104.20.0150,,,715,,False,0,0,0,0,0,0,0,10.634142092820705,1 PK,10.61,1444.7024629282428,0.0241420928207034,Tidak Ada Data,2,Sedang-Efisien
LG,S3-C05TZ,H05TN4 NCAX; H05TN4 UCAX,Non-Inverter,359.9,4703.01,13.0,4,1050.91,1518246.79,118.004.4.48.104.20.0151,,,716,,False,0,0,0,0,0,0,0,13.067546540705752,0.5 PK,13.0,1444.6972528570475,0.0675465407057522,Tidak Ada Data,2,Sedang-Efisien
Midea,MSAF-05CRN2(I)/(O),MSAF-05CRN2(I)/(O),Non-Inverter,359.8,4284.3,11.91,4,1050.62,1517824.94,135.013.4.60.104.21.0001,,,717,,False,0,0,0,0,0,0,0,11.90744858254586,0.5 PK,11.91,1444.6945041975216,0.002551417454141,Tidak Ada Data,2,Sedang-Efisien
Midea,MSAF-09CRN2(I)/(O),MSAF-09CRN2(I)/(O),Non-Inverter,778.4,8732.5,11.22,4,2272.93,3283699.08,135.013.4.61.104.21.0002,,,718,,False,0,0,0,0,0,0,0,11.218525179856115,1 PK,11.22,1444.698728073456,0.0014748201438852,Tidak Ada Data,2,Sedang-Efisien
LG,S3-C05TZ2,H05TN4 NCAX2 / H05TN4 UCAX2,Non-Inverter,386.0,5104.16,13.17,4,1127.12,1628350.26,118.004.4.51.104.21.0003,,,719,,False,0,0,0,0,0,0,0,13.22321243523316,0.5 PK,13.17,1444.6999964511322,0.0532124352331599,Tidak Ada Data,2,Sedang-Efisien
Sharp,AH-A5SAYN / AU-A5SAYN; AH-AP5SSYN / AU-A5SSYN,AH-A5SAYN / AU-A5SAYN; AH-AP5SSYN / AU-A5SSYN,Non-Inverter,417.4,5051.38,12.06,4,1218.81,1760811.92,118.053.4.10.104.21.0006,,,720,,False,0,0,0,0,0,0,0,12.10201245807379,0.5 PK,12.06,1444.6976312961003,0.0420124580737901,Tidak Ada Data,2,Sedang-Efisien
Sharp,AH-A9SAYN / AU-A9SAYN; AH-AP9SSYN / AU-A9SSYN,AH-A9SAYN / AU-A9SAYN; AH-AP9SSYN / AU-A9SSYN,Non-Inverter,830.8,9038.74,10.92,4,2425.94,3504749.74,118.053.4.11.104.21.0007,,,721,,False,0,0,0,0,0,0,0,10.87956186807896,1 PK,10.92,1444.6976182428257,0.0404381319210394,Tidak Ada Data,2,Sedang-Efisien
Sanken,ESC-05D/ESC-05L,ESC-05D/ESC-05L,Non-Inverter,358.3,4327.3,12.08,4,1046.24,1511497.15,118.017.4.24.104.21.0008,,,722,,False,0,0,0,0,0,0,0,12.077309517164387,0.5 PK,12.08,1444.6944773665698,0.0026904828356126,Tidak Ada Data,2,Sedang-Efisien
Sanken,ESC-09D/ESC-09L,ESC-09D/ESC-09L,Non-Inverter,782.8,8438.2,10.78,4,2285.78,3302260.59,118.017.4.25.104.21.0009,,,723,,False,0,0,0,0,0,0,0,10.779509453244764,1 PK,10.78,1444.697473072649,0.0004905467552358,Tidak Ada Data,2,Sedang-Efisien
Sanken,ESC-12D/ESC-12L,ESC-12D/ESC-12L,Non-Inverter,1044.4,11286.4,10.81,4,3049.65,4405826.47,118.017.4.26.104.21.0010,,,724,,False,0,0,0,0,0,0,0,10.806587514362311,1.5 PK,10.81,1444.699053989802,0.0034124856376891,Tidak Ada Data,2,Sedang-Efisien
Sanken,ESC-18D/ESC-18L,ESC-18D/ESC-18L,Non-Inverter,1533.2,16234.1,10.59,4,4476.94,6467835.22,118.017.4.27.104.21.0011,,,725,,False,0,0,0,0,0,0,0,10.58837725019567,2 PK,10.59,1444.7000004467338,0.0016227498043299,Tidak Ada Data,1,Besar-Efisien
Polytron,EAW064500,PAC 05VZ,Non-Inverter,466.4,6218.6,13.33,4,1361.89,1967519.59,011.003.4.11.104.21.0012,,,726,,False,0,0,0,0,0,0,0,13.333190394511153,1 PK,13.33,1444.6978757462057,0.0031903945111508,Tidak Ada Data,2,Sedang-Efisien
Polytron,EAW108000,PAC 09VZ,Non-Inverter,816.0,9577.5,11.74,4,2328.72,3364301.78,011.003.4.12.104.21.0013,,,727,,False,0,0,0,0,0,0,0,11.737132352941176,1 PK,11.74,1444.699998282318,0.0028676470588244,Tidak Ada Data,2,Sedang-Efisien
Daikin,SMS Non-Inverter R32 Series 1,FTC15NV14 / RC15NV14,Non-Inverter,373.1,4848.11,12.99,4,1089.45,1573931.3,119.002.4.93.104.21.0021,,,728,,False,0,0,0,0,0,0,0,12.994130259983915,0.5 PK,12.99,1444.7026481252008,0.004130259983917,Tidak Ada Data,2,Sedang-Efisien
Daikin,SMS Non-Inverter R32 Series 2,FTC20NV14 / RC20NV14,Non-Inverter,619.6,6837.65,11.04,4,1809.23,2613797.47,119.002.4.94.104.21.0022,,,729,,False,0,0,0,0,0,0,0,11.035587475790832,1 PK,11.04,1444.7015968119035,0.004412524209167,Tidak Ada Data,2,Sedang-Efisien
Daikin,SMS Non-Inverter R32 Series 3,FTC25NV14 / RC25NV14,Non-Inverter,802.6,9334.55,11.63,4,2343.59,3385787.36,119.002.4.95.104.21.0023,,,730,,False,0,0,0,0,0,0,0,11.63038873660603,1 PK,11.63,1444.7012318707625,0.0003887366060286,Tidak Ada Data,2,Sedang-Efisien
Daikin,SMS Non-Inverter R32 Series 4,FTC35NV14 / RC35NV14,Non-Inverter,902.8,10958.32,12.14,4,2636.18,0.0,119.002.4.96.104.21.0024,,,731,,False,0,0,0,0,0,1,0,12.138147984049624,1.5 PK,12.14,0.0,0.0018520159503765,Tidak Ada Data,2,Sedang-Efisien
Daikin,SMS Non-Inverter R32 Series 5,FTC50NV14 / RC50NV14,Non-Inverter,1501.5,16607.57,11.06,4,4348.38,6282104.59,119.002.4.97.104.21.0025,,,732,,False,0,0,0,0,0,0,0,11.06065268065268,2 PK,11.06,1444.7000009198828,0.0006526806526796,Tidak Ada Data,1,Besar-Efisien
Daikin,SMS Non-Inverter R32 Series 6,FTC60NV14 / RC60NV14,Non-Inverter,1874.4,21539.27,11.49,4,5473.25,7907201.39,119.002.4.98.104.21.0026,,,733,,False,0,0,0,0,0,0,0,11.491287878787878,2.5 PK,11.49,1444.6994728908785,0.0012878787878776,Tidak Ada Data,1,Besar-Efisien
Midea,MSFC-12CRN1-32(I)/(O),MSFC-12CRN1-32(I)/(O),Non-Inverter,1053.9,11509.9,10.92,4,3077.39,4445902.44,118.013.4.62.104.21.0041,,,734,,False,0,0,0,0,0,0,0,10.921244899895624,1.5 PK,10.92,1444.6990599176577,0.0012448998956244,Tidak Ada Data,2,Sedang-Efisien
Gree,GWC-05MOO5A/I; GWC-05MOO5A/O,GWC-05MOO5A/I; GWC-05MOO5A/O,Non-Inverter,387.9,4269.02,10.96,4,1132.67,1636365.46,118.011.4.67.104.21.0042,,,735,,False,0,0,0,0,0,0,0,11.00546532611498,0.5 PK,10.96,1444.6974493894954,0.0454653261149786,Tidak Ada Data,2,Sedang-Efisien
Gree,GWC-07MOO5A/I; GWC-07MOO5A/O,GWC-07MOO5A/I; GWC-07MOO5A/O,Non-Inverter,593.5,6416.15,10.78,4,1733.02,2503693.99,118.011.4.68.104.21.0043,,,736,,False,0,0,0,0,0,0,0,10.810699241786017,1 PK,10.78,1444.6999976918903,0.0306992417860154,Tidak Ada Data,2,Sedang-Efisien
Gree,GWC-09MOO5A/I; GWC-09MOO5A/O,GWC-09MOO5A/I; GWC-09MOO5A/O,Non-Inverter,755.0,7842.73,10.37,3,2204.6,3184985.62,118.011.3.69.099.21.0044,,,737,,False,0,0,0,0,0,0,0,10.387721854304637,1 PK,10.37,1444.7,0.0177218543046357,Tidak Ada Data,2,Sedang-Efisien
Gree,GWC-12MOO5A/I; GWC-12MOO5A/O,GWC-12MOO5A/I; GWC-12MOO5A/O,Non-Inverter,1029.7,11155.75,10.82,4,3006.72,4343814.16,118.011.4.70.104.21.0045,,,738,,False,0,0,0,0,0,0,0,10.833980771098378,1.5 PK,10.82,1444.7019210302258,0.0139807710983781,Tidak Ada Data,2,Sedang-Efisien
Gree,GWC-24MOO5A/I; GWC-24MOO5A/O,GWC-24MOO5A/I; GWC-24MOO5A/O,Non-Inverter,2211.8,22079.07,9.98,3,6458.46,9330531.38,118.001.3.72.099.21.0047,,,740,,False,0,0,0,0,0,0,0,9.982398951080569,2.5 PK,9.98,1444.699104740139,0.0023989510805666,Tidak Ada Data,1,Besar-Efisien
AQUA,AQA-KCR5AHR,AQA-KCR5AHR,Non-Inverter,424.5,4845.2,11.41,4,1239.54,1790763.44,135.055.4.01.104.21.0048,,,741,,False,0,0,0,0,0,0,0,11.413898704358068,0.5 PK,11.41,1444.700001613502,0.0038987043580682,Tidak Ada Data,2,Sedang-Efisien
Midea,MSAF-05CRN2(I)/(O),MSAF-05CRN2(I)/(O),Non-Inverter,359.8,4248.3,11.91,4,1050.62,1517824.94,135.013.4.63.104.21.0049,,,742,,False,0,0,0,0,0,0,0,11.80739299610895,0.5 PK,11.91,1444.6945041975216,0.10260700389105,Tidak Ada Data,2,Sedang-Efisien
Midea,MSAF-09CRN2(I)/(O),MSAF-09CRN2(I)/(O),Non-Inverter,778.4,8732.5,11.22,4,2272.93,3283699.08,135.013.4.64.104.21.0050,,,743,,False,0,0,0,0,0,0,0,11.218525179856115,1 PK,11.22,1444.698728073456,0.0014748201438852,Tidak Ada Data,2,Sedang-Efisien
Midea,MSAF-12CRN2(I)/(O),MSAF-12CRN2(I)/(O),Non-Inverter,1025.7,11344.7,11.06,4,2995.04,4326940.07,135.013.4.65.104.21.0051,,,744,,False,0,0,0,0,0,0,0,11.06044652432485,1.5 PK,11.06,1444.701930525135,0.0004465243248503,Tidak Ada Data,2,Sedang-Efisien
Midea,MSAF-18CRN2(I)/(O),MSAF-18CRN2(I)/(O),Non-Inverter,1639.1,17162.6,10.47,4,4786.17,6914582.69,135.013.4.66.104.21.0052,,,745,,False,0,0,0,0,0,0,0,10.470746141175034,2 PK,10.47,1444.700604032034,0.0007461411750337,Tidak Ada Data,1,Besar-Efisien
Midea,MSAF-24CRN2(I)/(O),MSAF-24CRN2(I)/(O),Non-Inverter,2004.5,23162.0,11.55,4,5853.14,8456031.36,135.013.4.67.104.21.0053,,,746,,False,0,0,0,0,0,0,0,11.555001247193816,2.5 PK,11.55,1444.7000003416968,0.0050012471938138,Tidak Ada Data,1,Besar-Efisien
Midea,MSFC-05CRN1-32(I)/(O); MSAF-05CRN2(I)/(O),MSFC-05CRN1-32(I)/(O); MSAF-05CRN2(I)/(O),Non-Inverter,361.2,4376.8,12.12,4,1054.7,1523730.87,135.013.4.68.104.21.0061,,,747,,False,0,0,0,0,0,0,0,12.117386489479514,0.5 PK,12.12,1444.7054802313455,0.0026135105204847,Tidak Ada Data,2,Sedang-Efisien
Midea,MSFC-09CRN1-32(I)/(O); MSAF-09CRN2(I)/(O),MSFC-09CRN1-32(I)/(O); MSAF-09CRN2(I)/(O),Non-Inverter,797.0,8516.9,10.69,4,2327.24,3362163.63,135.013.4.69.104.21.0062,,,748,,False,0,0,0,0,0,0,0,10.686198243412797,1 PK,10.69,1444.7000008593873,0.0038017565872028,Tidak Ada Data,2,Sedang-Efisien
Midea,MSAF-12CRN2(I)/(O),MSAF-12CRN2(I)/(O),Non-Inverter,1025.7,11344.7,11.06,4,2995.04,4326940.07,135.013.4.70.104.21.0063,,,749,,False,0,0,0,0,0,0,0,11.06044652432485,1.5 PK,11.06,1444.701930525135,0.0004465243248503,Tidak Ada Data,2,Sedang-Efisien
Gree,GWC-09C3E/I; GWC-09C3E/O,GWC-09C3E/I; GWC-09C3E/O,Non-Inverter,733.5,8379.08,11.39,4,2141.82,3094287.35,118.011.4.75.104.21.0079,,,750,,False,0,0,0,0,0,0,0,11.42342194955692,1 PK,11.39,1444.6999981324293,0.033421949556919,Tidak Ada Data,2,Sedang-Efisien
Gree,GWC-12C3E/I; GWC-12C3E/O,GWC-12C3E/I; GWC-12C3E/O,Non-Inverter,1023.5,11910.62,11.62,4,2988.62,4317659.31,118.011.4.76.104.21.0080,,,751,,False,0,0,0,0,0,0,0,11.6371470444553,1.5 PK,11.62,1444.6999986615897,0.0171470444553012,Tidak Ada Data,2,Sedang-Efisien
Gree,GWC-18C3E/I; GWC-18C3E/O,GWC-18C3E/I; GWC-18C3E/O,Non-Inverter,1523.7,17433.07,11.15,4,4449.2,6427765.02,118.011.4.77.104.21.0081,,,752,,False,0,0,0,0,0,0,0,11.44127452910678,2 PK,11.15,1444.7012991099523,0.2912745291067793,Tidak Ada Data,1,Besar-Efisien
Gree,GWC-24C3E/I; GWC-24C3E/O,GWC-24C3E/I; GWC-24C3E/O,Non-Inverter,2102.8,23924.91,11.37,4,6140.18,8870712.27,118.011.4.78.104.21.0082,,,753,,False,0,0,0,0,0,0,0,11.3776440935895,3+ PK,11.37,1444.699059310965,0.0076440935894996,Tidak Ada Data,1,Besar-Efisien
Akari,A-05E5PLWi/k;  A-05E3LWi/k,A-05E5PLWi/k;  A-05E3LWi/k,Non-Inverter,399.3,5137.94,12.82,4,1165.96,1684456.63,118.010.4.12.104.21.0086,,,754,,False,0,0,0,0,0,0,0,12.867367893814173,0.5 PK,12.82,1444.6950409962606,0.0473678938141723,Tidak Ada Data,2,Sedang-Efisien
Akari,A-09E5PLWi/k;  A-09E3LWi/k,A-09E5PLWi/k;  A-09E3LWi/k,Non-Inverter,751.0,8416.25,11.19,4,2192.92,3168111.52,118.010.4.13.104.21.0087,,,755,,False,0,0,0,0,0,0,0,11.206724367509986,1 PK,11.19,1444.699998175948,0.0167243675099868,Tidak Ada Data,2,Sedang-Efisien
AQUA,AQA-KCR5ANE,AQA-KR5ANE; AQA-CR5ANE,Non-Inverter,361.0,6257.61,17.33,4,1054.12,1522887.16,119.021.4.36.104.21.0088,,,756,,False,0,0,0,0,0,0,0,17.334099722991688,1 PK,17.33,1444.6999962053658,0.0040997229916897,Tidak Ada Data,2,Sedang-Efisien
AQUA,AQA-KCR9ANS,AQA-KR9ANS; AQA-CR9ANS,Non-Inverter,892.0,8949.68,10.03,4,2604.64,3762923.41,119.021.4.37.104.21.0089,,,757,,False,0,0,0,0,0,0,0,10.033273542600895,1 PK,10.03,1444.7000007678605,0.0032735426008976,Tidak Ada Data,2,Sedang-Efisien
AQUA,AQA-KCR5ANC,AQA-KR5ANC; AQA-CR5ANC,Non-Inverter,358.0,5527.44,15.44,4,1045.36,1510231.59,119.021.4.38.104.21.0090,,,758,,False,0,0,0,0,0,0,0,15.439776536312849,1 PK,15.44,1444.6999980867838,0.0002234636871509,Tidak Ada Data,2,Sedang-Efisien
AQUA,AQA-KCR9ANC,AQA-KR9ANC; AQA-CR9ANC,Non-Inverter,709.0,7922.66,11.17,4,2070.28,2990933.52,119.021.4.39.104.21.0091,,,759,,False,0,0,0,0,0,0,0,11.17441466854725,1 PK,11.17,1444.7000019321056,0.0044146685472501,Tidak Ada Data,2,Sedang-Efisien
AQUA,AQA-KCR5ANS,AQA-KR5ANS; AQA-CR5ANS,Non-Inverter,540.0,7083.31,13.12,4,1576.8,2278002.96,119.021.4.40.104.21.0092,,,760,,False,0,0,0,0,0,0,0,13.117240740740742,1 PK,13.12,1444.7,0.0027592592592569,Tidak Ada Data,2,Sedang-Efisien
AQUA,AQA-KCR7ANS,AQA-KR7ANS; AQA-CR7ANS,Non-Inverter,892.0,9017.92,12.98,4,2604.64,3762923.41,119.021.4.41.104.21.0093,,,761,,False,0,0,0,0,0,0,0,10.109775784753364,1 PK,12.98,1444.7000007678605,2.870224215246637,Tidak Ada Data,2,Sedang-Efisien
AQUA,AQA-KCR12ANS,AQA-KR12ANS; AQA-CR12ANS,Non-Inverter,1177.0,11791.87,10.02,4,3436.84,4965202.75,119.021.4.42.104.21.0094,,,762,,False,0,0,0,0,0,0,0,10.01858113848768,1.5 PK,10.02,1444.7000005819298,0.0014188615123185,Tidak Ada Data,2,Sedang-Efisien
AQUA,AQA-KCR18ANS,AQA-KR18ANS; AQA-CR18ANS,Non-Inverter,1662.0,17189.66,10.34,4,4853.04,7011186.89,119.021.4.43.104.21.0095,,,763,,False,0,0,0,0,0,0,0,10.342755716004811,2 PK,10.34,1444.7000004121128,0.0027557160048132,Tidak Ada Data,1,Besar-Efisien
Changhong,CSC-05NVB2;  CHOL-05L,CSC-05NVB2;  CHOL-05L,Non-Inverter,440.2,5117.7,11.62,4,1285.38,1856994.26,135.029.4.19.104.21.0096,,,764,,False,0,0,0,0,0,0,0,11.625851885506588,0.5 PK,11.62,1444.7044920568237,0.0058518855065887,Tidak Ada Data,2,Sedang-Efisien
Changhong,CSC-09NVB2,CSC-09NVB2,Non-Inverter,818.8,8975.8,10.96,4,1285.38,1856994.26,135.029.4.20.104.21.0097,,,765,,False,0,0,0,0,0,0,0,10.962139716658523,1 PK,10.96,1444.7044920568237,0.0021397166585241,Tidak Ada Data,2,Sedang-Efisien
AQUA,9ANP,"Indoor: AQA-KR9ANP;AQA-KR9ANP1; AQA-KR9ANPC ;AQA-KR9ANQ ;AQA-KR9ANQ1, Outdoor: AQA-CR9ANP ;AQA-CR9ANP1; AQA-CR9ANPC; AQA-CR9ANQ; AQA-CR9ANQ1",Non-Inverter,781.5,8762.42,3.49,2,2281.98,3295360.7,824 210206,,,766,PT TUV Rheinland Indonesia,True,0,0,0,0,0,0,0,11.21230966090851,1 PK,3.49,1444.079571249529,7.722309660908509,Tidak Ada Data,0,Sedang-Kurang Efisien
AQUA,5ANP,"Indoor: AQA-KR5ANP ;AQA-KR5ANP1; AQA-KR5ANPC ;AQA-KR5ANQ; AQA-KR5ANQ1, Outdoor: AQA-CR5ANP ;AQA-CR5ANP1; AQA-CR5ANPC; AQA-CR5ANQ ;AQA-CR5ANQ1",Non-Inverter,399.3,4692.9,3.66,2,1165.96,1684456.63,824 210206,,,767,PT TUV Rheinland Indonesia,True,0,0,0,0,0,0,0,11.75281743050338,0.5 PK,3.66,1444.6950409962606,8.092817430503379,Tidak Ada Data,0,Sedang-Kurang Efisien
AQUA,13ANP,"Indoor: AQA-KR13ANP; AQA-KR13ANP1; AQA-KR13ANQ ;AQA-KR13ANQ1, Outdoor: AQA-CR13ANP ;AQA-CR13ANP1; AQA-CR13ANQ; AQA-CR13ANQ1",Non-Inverter,1100.5,12132.46,3.43,2,3213.46,4642485.66,824 210206,,,768,PT TUV Rheinland Indonesia,True,0,0,0,0,0,0,0,11.024497955474784,1.5 PK,3.43,1444.6999993776178,7.594497955474784,Tidak Ada Data,0,Sedang-Kurang Efisien
AQUA,19ANP,Indoor: AQA-KR19ANP ;AQA-KR19ANP1 ;AQA-KR19ANQ; AQA-KR19ANQ1. Outdoor: AQA-CR19ANP ;AQA-CR19ANP1 ;AQA-CR19ANQ; AQA-CR19ANQ1,Non-Inverter,1808.1,18572.76,3.2,1,1319.91,1906878.31,824 210206,,,769,PT TUV Rheinland Indonesia,True,0,0,0,0,0,0,0,10.271976107516176,2 PK,3.2,1444.7032827995847,7.071976107516176,Tidak Ada Data,3,Besar-Kurang Efisien
LG,S3-C09TZ,Indoor： H09TN4 NCAX Outdoor： H09TN4 UCAX,Non-Inverter,781.0,8930.19,3.56,2,2280.52,3294667.24,824 210193,,,770,PT TUV Rheinland Indonesia,True,0,0,0,0,0,0,0,11.434302176696544,1 PK,3.56,1444.6999982460145,7.874302176696544,Tidak Ada Data,0,Sedang-Kurang Efisien
LG,S3-C07TZ,Indoor： H07TN4 NCAX Outdoor： H07TN4 UCAX,Non-Inverter,610.6,7194.11,3.67,2,1782.95,2575830.75,824 210193,,,771,PT TUV Rheinland Indonesia,True,0,0,0,0,0,0,0,11.78203406485424,1 PK,3.67,1444.701618104826,8.11203406485424,Tidak Ada Data,0,Sedang-Kurang Efisien
Mitsubishi Heavy Industries,1,SRK12CT-S3/SRC12CT-S3,Non-Inverter,1059.3,12288.3,3.61,2,3093.16,4468682.47,6066.828/23.120/IX/2021,,,772,Balai Besar Standardisasi dan Pelayanan Jasa Industri Bahan dan Barang Teknik (BBSPJIBBT),True,0,0,0,0,0,0,0,11.600396488246956,1.5 PK,3.61,1444.698130714221,7.990396488246956,Tidak Ada Data,0,Sedang-Kurang Efisien
Mitsubishi Heavy Industries,1,SRK09CTR-S3/SRC09CTR-S3,Non-Inverter,792.9,8551.1,3.36,1,2315.27,3344867.68,6066.828/23.120/IX/2021,,,773,Balai Besar Standardisasi dan Pelayanan Jasa Industri Bahan dan Barang Teknik (BBSPJIBBT),True,0,0,0,0,0,0,0,10.784588220456552,1 PK,3.36,1444.698752197368,7.424588220456552,Tidak Ada Data,0,Sedang-Kurang Efisien
Polytron,EAW053900,PAC 05VH,Non-Inverter,394.8,5347.9,13.54,4,1152.82,1665479.05,011.003.4.11.104.20.0159,,,774,,False,0,0,0,0,0,0,0,13.545845997973656,0.5 PK,13.54,1444.6999965302475,0.0058459979736564,Tidak Ada Data,2,Sedang-Efisien
Polytron,EAW108000,PAC 09VH,Non-Inverter,792.4,8844.7,11.16,4,2313.81,3342761.31,011.003.4.12.104.20.0160,,,775,,False,0,0,0,0,0,0,0,11.16191317516406,1 PK,11.16,1444.700001296563,0.0019131751640593,Tidak Ada Data,2,Sedang-Efisien
Polytron,EAW159900,PAC 12VH;  PAC 12VZ,Non-Inverter,972.6,11137.6,11.45,4,2839.99,4102933.55,011.003.4.13.104.20.0161,,,776,,False,0,0,0,0,0,0,0,11.451367468640758,1.5 PK,11.45,1444.6999989436583,0.0013674686407583,Tidak Ada Data,2,Sedang-Efisien
Polytron,EAW201601,PAC 18VH;  PAC 18VZ,Non-Inverter,1607.4,17985.5,11.19,4,4693.61,6780858.37,011.003.4.14.104.20.0162,,,777,,False,0,0,0,0,0,0,0,11.189187507776532,2 PK,11.19,1444.700000639167,0.0008124922234671,Tidak Ada Data,1,Besar-Efisien
Gree,GWC05NASN/I/GWC05NASN/O,GWC05NASN/I/GWC05NASN/O,Non-Inverter,388.4,4505.6,3.53,2,1134.13,1638474.72,6203.796/23.120/X/2021,,,778,Balai Besar Standardisasi dan Pelayanan Jasa Industri Bahan dan Barang Teknik (BBSPJIBBT),True,0,0,0,0,0,0,0,11.600411946446965,0.5 PK,3.53,1444.6974509095076,8.070411946446963,Tidak Ada Data,0,Sedang-Kurang Efisien
Gree,GWC07NASN/I/GWC07NASN/O,GWC07NASN/I/GWC07NASN/O,Non-Inverter,588.3,6637.6,3.51,2,1717.84,2481757.67,6203.796/23.120/X/2021,,,779,Balai Besar Standardisasi dan Pelayanan Jasa Industri Bahan dan Barang Teknik (BBSPJIBBT),True,0,0,0,0,0,0,0,11.282678905320417,1 PK,3.51,1444.6966364737111,7.772678905320417,Tidak Ada Data,0,Sedang-Kurang Efisien
Gree,GWC09NASN/I/GWC09NASN/O,GWC09NASN/I/GWC09NASN/O,Non-Inverter,770.3,8857.1,3.58,2,2249.28,3249529.04,6203.796/23.120/X/2021,,,780,Balai Besar Standardisasi dan Pelayanan Jasa Industri Bahan dan Barang Teknik (BBSPJIBBT),True,0,0,0,0,0,0,0,11.498247436063872,1 PK,3.58,1444.6974320671502,7.918247436063872,Tidak Ada Data,0,Sedang-Kurang Efisien
Gree,GWC05LWS/I/GWC05LWS/O,GWC05LWS/I/GWC05LWS/O,Non-Inverter,334.1,4422.5,4.12,3,975.57,1409408.87,6203.796/23.120/X/2021,,,781,Balai Besar Standardisasi dan Pelayanan Jasa Industri Bahan dan Barang Teknik (BBSPJIBBT),True,0,0,0,0,0,0,0,13.237054774019754,0.5 PK,4.12,1444.7029633957584,9.117054774019753,Tidak Ada Data,0,Sedang-Kurang Efisien
Gree,GWC07LWS/I/GWC07LWS/O,GWC07LWS/I/GWC07LWS/O,Non-Inverter,527.0,6943.5,4.1,3,1538.84,2223162.15,6203.796/23.120/X/2021,,,782,Balai Besar Standardisasi dan Pelayanan Jasa Industri Bahan dan Barang Teknik (BBSPJIBBT),True,0,0,0,0,0,0,0,13.17552182163188,1 PK,4.1,1444.7000012996805,9.07552182163188,Tidak Ada Data,0,Sedang-Kurang Efisien
Gree,GWC09LWS/I/GWC09LWS/O,GWC09LWS/I/GWC09LWS/O,Non-Inverter,709.6,8907.2,3.91,3,2072.03,2993464.63,6203.796/23.120/X/2021,,,783,Balai Besar Standardisasi dan Pelayanan Jasa Industri Bahan dan Barang Teknik (BBSPJIBBT),True,0,0,0,0,0,0,0,12.552423900789178,1 PK,3.91,1444.7013942848316,8.642423900789177,Tidak Ada Data,0,Sedang-Kurang Efisien
Gree,GWC12NASN/I/GWC12NASN/O,GWC12NASN/I/GWC12NASN/O,Non-Inverter,1062.8,11547.0,3.38,1,3103.38,4483447.31,6203.796/23.120/X/2021,,,784,Balai Besar Standardisasi dan Pelayanan Jasa Industri Bahan dan Barang Teknik (BBSPJIBBT),True,0,0,0,0,0,0,0,10.864697026721869,1.5 PK,3.38,1444.6981388034978,7.484697026721867,Tidak Ada Data,0,Sedang-Kurang Efisien
Gree,GWC18NASN/I/GWC18NASN/O,GWC18NASN/I/GWC18NASN/O,Non-Inverter,1696.1,17597.3,3.23,1,4952.61,7155038.56,6203.796/23.120/X/2021,,,785,Balai Besar Standardisasi dan Pelayanan Jasa Industri Bahan dan Barang Teknik (BBSPJIBBT),True,0,0,0,0,0,0,0,10.375154766817994,2 PK,3.23,1444.7005841364453,7.145154766817994,Tidak Ada Data,3,Besar-Kurang Efisien
Gree,GWC24NASN/I/GWC24NASN/O,GWC24NASN/I/GWC24NASN/O,Non-Inverter,2035.8,21051.1,3.22,1,5944.54,8588071.16,6203.796/23.120/X/2021,,,786,Balai Besar Standardisasi dan Pelayanan Jasa Industri Bahan dan Barang Teknik (BBSPJIBBT),True,0,0,0,0,0,0,0,10.34045584045584,2.5 PK,3.22,1444.6990280156244,7.12045584045584,Tidak Ada Data,3,Besar-Kurang Efisien
Gree,GWC24NASN/I/GWC24NASN/O,GWC24NASN/I/GWC24NASN/O,Non-Inverter,2035.8,21051.1,3.22,1,5944.54,8588071.16,6203.796/23.120/X/2021,,,787,Balai Besar Standardisasi dan Pelayanan Jasa Industri Bahan dan Barang Teknik (BBSPJIBBT),True,0,0,0,0,0,0,0,10.34045584045584,2.5 PK,3.22,1444.6990280156244,7.12045584045584,Tidak Ada Data,3,Besar-Kurang Efisien
DR KUHLER,GWC12NASN/I / GWC12NASN/O,GWC12NASN/I / GWC12NASN/O,Non-Inverter,1061.6,11502.9,3.37,1,3099.87,4478385.08,6204.796/23.120/X/2021,,,788,Balai Besar Standardisasi dan Pelayanan Jasa Industri Bahan dan Barang Teknik (BBSPJIBBT),True,0,0,0,0,0,0,0,10.83543707611153,1.5 PK,3.37,1444.7009326197551,7.46543707611153,Tidak Ada Data,0,Sedang-Kurang Efisien
DR KUHLER,GWC18NASN/I / GWC18NASN/O,GWC18NASN/I / GWC18NASN/O,Non-Inverter,1691.4,17650.8,3.25,1,4938.89,7135211.49,6204.796/23.120/X/2021,,,789,Balai Besar Standardisasi dan Pelayanan Jasa Industri Bahan dan Barang Teknik (BBSPJIBBT),True,0,0,0,0,0,0,0,10.435615466477474,2 PK,3.25,1444.6994142408516,7.185615466477474,Tidak Ada Data,3,Besar-Kurang Efisien
AQUA,"AQA-KR5AHP/AQA-CR5AHP, AQA-KR5AHP1/AQA-CR5AHP1, AQA-KR5AHQ/AQA-CR5AHQ, AQA-KR5AHQ1/AQA- CR5AHQ1","AQA-KR5AHP/AQA-CR5AHP, AQA-KR5AHP1/AQA-CR5AHP1, AQA-KR5AHQ/AQA-CR5AHQ, AQA-KR5AHQ1/AQA- CR5AHQ1",Non-Inverter,422.0,4732.8,3.49,2,291.35,420909.01,006/LSP/QI/06.1-IX/2021,,,790,PT Qualis Indonesia,True,0,0,0,0,0,0,0,11.215165876777252,0.5 PK,3.49,1444.6851209885017,7.725165876777252,Tidak Ada Data,0,Sedang-Kurang Efisien
AQUA,"AQA-KR10AHP/AQA-CR10AHP, AQA-KR10AHP1/ AQA-CR10AHP1, AQA-KR10AHQ/ AQA-CR10AHQ, AQA-KR10AHQ1/ AQA-CR10AHQ1","AQA-KR10AHP/AQA-CR10AHP, AQA-KR10AHP1/ AQA-CR10AHP1, AQA-KR10AHQ/ AQA-CR10AHQ, AQA-KR10AHQ1/ AQA-CR10AHQ1",Non-Inverter,862.9,9024.9,3.25,1,595.74,860669.91,006/LSP/QI/06.1-IX/2021,,,791,PT Qualis Indonesia,True,0,0,0,0,0,0,0,10.4588017151466,1 PK,3.25,1444.707271628563,7.208801715146599,Tidak Ada Data,0,Sedang-Kurang Efisien
Midea,MSAF-09CRN2(I)/ MSAF-09CRN2(O),MSAF-09CRN2(I)/ MSAF-09CRN2(O),Non-Inverter,789.5,8956.6,3.53,2,545.07,787459.74,007/LSP/QI/06.1-IX/2021,,,792,PT Qualis Indonesia,True,0,0,0,0,0,0,0,11.344648511716276,1 PK,3.53,1444.694699763333,7.8146485117162765,Tidak Ada Data,0,Sedang-Kurang Efisien
Midea,MSAF-18CRN2X(I)/ MSAF-18CRN2X(O),MSAF-18CRN2X(I)/ MSAF-18CRN2X(O),Non-Inverter,1693.2,18474.9,3.4,2,1168.98,1688823.96,007/LSP/QI/06.1-IX/2021,,,793,PT Qualis Indonesia,True,0,0,0,0,0,0,0,10.911233167965982,2 PK,3.4,1444.698763024175,7.511233167965981,Tidak Ada Data,3,Besar-Kurang Efisien
Mitsubishi Electric,Indoor:   MS-JR10VF-NE1  Outdoor:  MU-JR10VF-NE1 ,Indoor:   MS-JR10VF-NE1  Outdoor:  MU-JR10VF-NE1 ,Non-Inverter,813.0,9386.36,3.59,2,2373.96,3429660.01,824 210211,,,794,PT TUV Rheinland Indonesia,True,0,0,0,0,0,0,0,11.545338253382534,1 PK,3.59,1444.6999991575258,7.955338253382534,Tidak Ada Data,0,Sedang-Kurang Efisien
Mitsubishi Electric,Indoor:   MS-JR13VF-NE1  Outdoor:  MU-JR13VF-NE1,Indoor:   MS-JR13VF-NE1  Outdoor:  MU-JR13VF-NE1,Non-Inverter,1162.2,12786.72,3.42,2,3393.62,4902768.59,824 210211,,,795,PT TUV Rheinland Indonesia,True,0,0,0,0,0,0,0,11.00216830149716,1.5 PK,3.42,1444.7017020173148,7.582168301497159,Tidak Ada Data,0,Sedang-Kurang Efisien
Mitsubishi Electric,Indoor:   MS-JR18VF-NE1  Outdoor:  MU-JR18VF-NE1 ,Indoor:   MS-JR18VF-NE1  Outdoor:  MU-JR18VF-NE1 ,Non-Inverter,1608.7,17868.97,3.46,2,1174.35,1696584.89,824 210211,,,796,PT TUV Rheinland Indonesia,True,0,0,0,0,0,0,0,11.10770808727544,2 PK,3.46,1444.7012304679183,7.647708087275441,Tidak Ada Data,3,Besar-Kurang Efisien
Mitsubishi Electric,Indoor:   MS-JR24VF-NE1  Outdoor:  MU-JR24VF-NE1 ,Indoor:   MS-JR24VF-NE1  Outdoor:  MU-JR24VF-NE1 ,Non-Inverter,1913.0,22225.7,3.62,2,5585.96,8070036.41,824 210211,,,797,PT TUV Rheinland Indonesia,True,0,0,0,0,0,0,0,11.618243596445376,2.5 PK,3.62,1444.6999996419595,7.998243596445374,Tidak Ada Data,3,Besar-Kurang Efisien
Sanken,ESC-09D/ESC-09L,ESC-09D/ESC-09L,Non-Inverter,765.4,9510.4,3.87,3,528.43,763421.38,008/LSP/QI/06.1-XI/2021,,,798,PT Qualis Indonesia,True,0,0,0,0,0,0,0,12.425398484452574,1 PK,3.87,1444.6972730541418,8.555398484452574,Tidak Ada Data,0,Sedang-Kurang Efisien
Sanken,ESC-18D/ESC-18L,ESC-18D/ESC-18L,Non-Inverter,1651.6,18001.6,3.39,1,1140.26,1647332.18,008/LSP/QI/06.1-XI/2021,,,799,PT Qualis Indonesia,True,0,0,0,0,0,0,0,10.89949140227658,2 PK,3.39,1444.6987353761422,7.509491402276579,Tidak Ada Data,3,Besar-Kurang Efisien
Daikin,FTC15NV14 & RC15NV14,FTC15NV14 & RC15NV14,Non-Inverter,388.2,5152.0,4.13,3,1133.54,1637631.02,PCS 00237.01.01.HE,,,800,PT Sucofindo (Persero),True,0,0,0,0,0,0,0,13.2715095311695,0.5 PK,4.13,1444.7051008345538,9.1415095311695,Tidak Ada Data,0,Sedang-Kurang Efisien
Daikin,FTC20NV14 & RC20NV14,FTC20NV14 & RC20NV14,Non-Inverter,624.9,7057.5,3.51,2,1824.71,2636155.65,PCS 00237.01.01.HE,,,801,PT Sucofindo (Persero),True,0,0,0,0,0,0,0,11.29380700912146,1 PK,3.51,1444.6984178307785,7.78380700912146,Tidak Ada Data,0,Sedang-Kurang Efisien
Daikin,FTC25NV14 & RC25NV14,FTC25NV14 & RC25NV14,Non-Inverter,817.9,9424.6,3.59,2,2388.27,3450330.78,PCS 00237.01.01.HE,,,802,PT Sucofindo (Persero),True,0,0,0,0,0,0,0,11.522924562905,1 PK,3.59,1444.6987903377758,7.932924562905001,Tidak Ada Data,0,Sedang-Kurang Efisien
Daikin,FTC35NV14 & RC35NV14,FTC35NV14 & RC35NV14,Non-Inverter,929.2,11102.1,3.72,2,2713.26,3919852.5,PCS 00237.01.01.HE,,,803,PT Sucofindo (Persero),True,0,0,0,0,0,0,0,11.948019801980198,1.5 PK,3.72,1444.7021295415846,8.228019801980198,Tidak Ada Data,0,Sedang-Kurang Efisien
Daikin,FTC50NV14 & RC50NV14,FTC50NV14 & RC50NV14,Non-Inverter,1537.2,16885.5,3.42,2,4488.62,6484715.09,PCS 00237.01.01.HE,,,804,PT Sucofindo (Persero),True,0,0,0,0,0,0,0,10.984582357533176,2 PK,3.42,1444.7012868097545,7.564582357533176,Tidak Ada Data,3,Besar-Kurang Efisien
Daikin,FTC60NV14 & RC60NV14,FTC60NV14 & RC60NV14,Non-Inverter,1928.6,22815.3,3.68,2,5631.51,8135845.39,PCS 00237.01.01.HE,,,805,PT Sucofindo (Persero),True,0,0,0,0,0,0,0,11.829980296588198,2.5 PK,3.68,1444.7005137165695,8.149980296588199,Tidak Ada Data,3,Besar-Kurang Efisien
Changhong,CSC-07NVB3,CSC-07NVB3,Non-Inverter,690.1,7603.2,3.43,2,476.44,688317.2,009/LSP/QI/06.1-XII/2021,2021-12-06,2025-12-05,806,PT Qualis Indonesia,True,0,0,0,0,0,0,0,11.017533690769453,1 PK,3.43,1444.7090924355637,7.587533690769453,Aktif,0,Sedang-Kurang Efisien
Changhong,CSC-12NVB3,CSC-12NVB3,Non-Inverter,996.3,11855.3,3.7,2,687.84,993725.34,009/LSP/QI/06.1-XII/2021,2021-12-06,2025-12-05,807,PT Qualis Indonesia,True,0,0,0,0,0,0,0,11.899327511793636,1.5 PK,3.7,1444.7042044661548,8.199327511793637,Aktif,0,Sedang-Kurang Efisien
Changhong,CSC-18NVB3,CSC-18NVB3,Non-Inverter,1651.5,18075.1,3.41,2,1140.19,1647232.49,009/LSP/QI/06.1-XII/2021,2021-12-06,2025-12-05,808,PT Qualis Indonesia,True,0,0,0,0,0,0,0,10.944656372994247,2 PK,3.41,1444.6999973688594,7.534656372994247,Aktif,3,Besar-Kurang Efisien
Changhong,"CSC-05RDX3, CSC-05LW3","CSC-05RDX3, CSC-05LW3",Non-Inverter,367.7,4076.9,3.45,2,253.86,366750.1,009/LSP/QI/06.1-XII/2021,2021-12-06,2025-12-05,809,PT Qualis Indonesia,True,0,0,0,0,0,0,0,11.087571389719882,0.5 PK,3.45,1444.6943197037735,7.637571389719882,Aktif,0,Sedang-Kurang Efisien
Changhong,"CSC-09RDX3, CSC-09LW3","CSC-09RDX3, CSC-09LW3",Non-Inverter,643.3,8177.9,3.96,3,444.13,641637.5,009/LSP/QI/06.1-XII/2021,2021-12-06,2025-12-05,810,PT Qualis Indonesia,True,0,0,0,0,0,0,0,12.712420332659724,1 PK,3.96,1444.706504852183,8.752420332659725,Aktif,0,Sedang-Kurang Efisien
Changhong,"CSC-05CSD3, CSC-05NVB3, CHOL-05L3, CSC-05NVC3","CSC-05CSD3, CSC-05NVB3, CHOL-05L3, CSC-05NVC3",Non-Inverter,437.9,4794.8,3.41,2,302.33,436768.93,009/LSP/QI/06.1-XII/2021,2021-12-06,2025-12-05,811,PT Qualis Indonesia,True,0,0,0,0,0,0,0,10.949531856588264,0.5 PK,3.41,1444.6761155029274,7.539531856588264,Aktif,0,Sedang-Kurang Efisien
Changhong,"CSC-09CSD3, CSC-09NVB3, CSC-09L3, CSC-09NVC3","CSC-09CSD3, CSC-09NVB3, CSC-09L3, CSC-09NVC3",Non-Inverter,861.7,9493.2,3.43,2,594.92,859473.7,009/LSP/QI/06.1-XII/2021,2021-12-06,2025-12-05,812,PT Qualis Indonesia,True,0,0,0,0,0,0,0,11.016827202042474,1 PK,3.43,1444.6878571908828,7.586827202042475,Aktif,0,Sedang-Kurang Efisien
AUX,"ASW-05A4/FAR3 / AS-05A4/FAR3, ASW-05A4/FXR3 / AS-05A4/FXR3, ASW-05A4/FDR3 / AS-05A4/FDR3","ASW-05A4/FAR3 / AS-05A4/FAR3, ASW-05A4/FXR3 / AS-05A4/FXR3, ASW-05A4/FDR3 / AS-05A4/FDR3",Non-Inverter,500.5,5418.4,3.37,1,345.54,499205.97,010/LSP/QI/06.1-XII/2021,,,813,PT Qualis Indonesia,True,0,0,0,0,0,0,0,10.825974025974023,1 PK,3.37,1444.712536898767,7.455974025974025,Tidak Ada Data,0,Sedang-Kurang Efisien
AUX,"ASW-09A4/FAR3 / AS-09A4/FAR3, ASW-09A4/FXR3 / AS-09A4/FXR3, ASW-09A4/FDR3 / AS-09A4/FXR3","ASW-09A4/FAR3 / AS-09A4/FAR3, ASW-09A4/FXR3 / AS-09A4/FXR3, ASW-09A4/FDR3 / AS-09A4/FXR3",Non-Inverter,840.8,9057.8,3.35,1,580.49,838626.68,010/LSP/QI/06.1-XII/2021,,,814,PT Qualis Indonesia,True,0,0,0,0,0,0,0,10.772835394862035,1 PK,3.35,1444.68755706386,7.422835394862036,Tidak Ada Data,0,Sedang-Kurang Efisien
AUX,"ASW-12A4/FAR3 / AS-12A4/FAR3, ASW-12A4/FXR3 / AS-12A4/FXR3, ASW-12A4/FDR3 / AS-12A4/FDR3","ASW-12A4/FAR3 / AS-12A4/FAR3, ASW-12A4/FXR3 / AS-12A4/FXR3, ASW-12A4/FDR3 / AS-12A4/FDR3",Non-Inverter,1081.3,11498.4,3.31,1,746.53,1078506.11,010/LSP/QI/06.1-XII/2021,,,815,PT Qualis Indonesia,True,0,0,0,0,0,0,0,10.633866642004994,1.5 PK,3.31,1444.6922561718889,7.323866642004994,Tidak Ada Data,0,Sedang-Kurang Efisien
AUX,"ASW-18A4/FAR3 / AS-18A4/FAR3, ASW-18A4/FXR3 / AS-18A4/FXR3, ASW-18A4/FDR3 / AS-18A4/FDR3","ASW-18A4/FAR3 / AS-18A4/FAR3, ASW-18A4/FXR3 / AS-18A4/FXR3, ASW-18A4/FDR3 / AS-18A4/FDR3",Non-Inverter,1515.2,16967.4,3.49,2,1046.09,1511284.78,010/LSP/QI/06.1-XII/2021,,,816,PT Qualis Indonesia,True,0,0,0,0,0,0,0,11.19812565997888,2 PK,3.49,1444.6986205775795,7.708125659978881,Tidak Ada Data,3,Besar-Kurang Efisien
AUX,"ASW-05A4/FFR3 / AS-05A4/FFR3, ASW-05A4/FWR3 / AS-05A4/FWR3","ASW-05A4/FFR3 / AS-05A4/FFR3, ASW-05A4/FWR3 / AS-05A4/FWR3",Non-Inverter,385.5,4489.9,3.62,2,266.15,384504.02,010/LSP/QI/06.1-XII/2021,,,817,PT Qualis Indonesia,True,0,0,0,0,0,0,0,11.646952010376134,0.5 PK,3.62,1444.689160247981,8.026952010376135,Tidak Ada Data,0,Sedang-Kurang Efisien
AUX,"ASW-09A4/FFR3 / AS-09A4/FFR3, ASW-09A4/FWR3 / AS-09A4/FWR3","ASW-09A4/FFR3 / AS-09A4/FFR3, ASW-09A4/FWR3 / AS-09A4/FWR3",Non-Inverter,813.0,9864.4,3.78,2,561.29,810898.55,010/LSP/QI/06.1-XII/2021,,,818,PT Qualis Indonesia,True,0,0,0,0,0,0,0,12.133333333333333,1 PK,3.78,1444.7051435087033,8.353333333333333,Tidak Ada Data,0,Sedang-Kurang Efisien
AUX,ASW-07A4/FHR1 / AS-07A4/FHR1,ASW-07A4/FHR1 / AS-07A4/FHR1,Non-Inverter,740.6,7767.9,3.26,1,511.31,738686.67,010/LSP/QI/06.1-XII/2021,,,819,PT Qualis Indonesia,True,0,0,0,0,0,0,0,10.488657844990549,1 PK,3.26,1444.694353718879,7.228657844990547,Tidak Ada Data,0,Sedang-Kurang Efisien
HISENSE,"AN09CDG, AN09CEG","AN09CDG, AN09CEG",Non-Inverter,834.0,9000.0,3.32,1,2435.86,3519092.72,824 210243,,,820,PT TUV Rheinland Indonesia,False,0,0,0,0,0,0,0,10.79136690647482,1 PK,3.32,1444.702372057507,7.47136690647482,Tidak Ada Data,0,Sedang-Kurang Efisien
Midea,MSAF-12CRN2X(I)/MSAF-12CRN2X(O),MSAF-12CRN2X(I)/MSAF-12CRN2X(O),Non-Inverter,1041.0,11425.2,3.42,2,718.7,1038310.22,001/LSP/QI/06.1-I/2022,,,821,PT Qualis Indonesia,False,0,0,0,0,0,0,0,10.97521613832853,1.5 PK,3.42,1444.70602476694,7.555216138328531,Tidak Ada Data,0,Sedang-Kurang Efisien
TCL,"Indoor: TAC-05CSD/XA, Outdoor: TAC-05CSD/XO","Indoor: TAC-05CSD/XA, Outdoor: TAC-05CSD/XO",Non-Inverter,375.0,4859.0,4.04,3,1093.83,1580259.09,824 220017,,,822,PT TUV Rheinland Indonesia,False,0,0,0,0,0,0,0,12.957333333333333,0.5 PK,4.04,1444.7026411782454,8.917333333333332,Tidak Ada Data,0,Sedang-Kurang Efisien
Polytron,EAW0128G,PAC 05VHI; PAC 05VH; PAC 05VZ; PAC 05VZS; PAC 05VZI; PAC 05VZSI,Non-Inverter,402.0,4734.0,3.66,2,1173.84,1695846.65,01/06.06.06/22/LSPro/II/2022,2022-02-14,2026-02-13,823,Balai Standardisasi dan Pelayanan Jasa Industri (BSPJI) Surabaya,False,0,0,0,0,0,0,0,11.776119402985074,0.5 PK,3.66,1444.7000017038097,8.116119402985074,Aktif,0,Sedang-Kurang Efisien
Midea,MSAF-05CRN2(I) / MSAF-05CRN2 (O); MSFC-05CRN1-32(I) /  MSFC-05CRN1-32 (O); MSFO-05CRLN2-32(I) /  MSFO-05CRLN2-32(O),MSAF-05CRN2(I) / MSAF-05CRN2 (O); MSFC-05CRN1-32(I) /  MSFC-05CRN1-32 (O); MSFO-05CRLN2-32(I) /  MSFO-05CRLN2-32(O),Non-Inverter,343.7,5031.9,4.56,4,237.29,342811.42,002/LSP/QI/06.1-III/2022,,,824,PT Qualis Indonesia,True,0,0,0,0,0,0,0,14.64038405586267,0.5 PK,4.56,1444.6939188334948,10.08038405586267,Tidak Ada Data,0,Sedang-Kurang Efisien
Midea,MSAF-07CRN2(I) / MSAF-07CRN2(O),MSAF-07CRN2(I) / MSAF-07CRN2(O),Non-Inverter,629.3,7496.8,3.71,2,434.47,627673.03,002/LSP/QI/06.1-III/2022,,,825,PT Qualis Indonesia,True,0,0,0,0,0,0,0,11.912919116478628,1 PK,3.71,1444.6866987363917,8.202919116478629,Tidak Ada Data,0,Sedang-Kurang Efisien
Midea,MSAF-09CRN2(I) / MSAF-09CRN2(O); MSFC-09CRN1-32(I) /  MSFC-09CRN1-32(O),MSAF-09CRN2(I) / MSAF-09CRN2(O); MSFC-09CRN1-32(I) /  MSFC-09CRN1-32(O),Non-Inverter,778.2,9421.6,3.77,2,537.27,776188.19,002/LSP/QI/06.1-III/2022,,,826,PT Qualis Indonesia,True,0,0,0,0,0,0,0,12.106913389874068,1 PK,3.77,1444.6892437694269,8.336913389874068,Tidak Ada Data,0,Sedang-Kurang Efisien
Midea,MSAF-24CRN2(I) / MSAF-24CRN2(O),MSAF-24CRN2(I) / MSAF-24CRN2(O),Non-Inverter,1971.2,25146.0,3.97,3,1360.91,1966105.23,002/LSP/QI/06.1-III/2022,,,827,PT Qualis Indonesia,True,0,0,0,0,0,0,0,12.756696428571429,3+ PK,3.97,1444.698936740857,8.786696428571428,Tidak Ada Data,3,Besar-Kurang Efisien
Midea,MSFC-12CRN1-32(I) / MSFC-12CRN1-32(O),MSFC-12CRN1-32(I) / MSFC-12CRN1-32(O),Non-Inverter,1013.2,11816.3,3.63,2,699.51,1010582.1,004/LSP/QI/06.1-III/2022,,,828,PT Qualis Indonesia,True,0,0,0,0,0,0,0,11.66235688906435,1.5 PK,3.63,1444.7000042887164,8.03235688906435,Tidak Ada Data,0,Sedang-Kurang Efisien
Midea,MSFO-09CRLN2-32(I) / MSFO-09CRLN2-32(O),MSFO-09CRLN2-32(I) / MSFO-09CRLN2-32(O),Non-Inverter,713.5,9442.3,4.12,3,492.6,711656.33,004/LSP/QI/06.1-III/2022,,,829,PT Qualis Indonesia,True,0,0,0,0,0,0,0,13.233777154870356,1 PK,4.12,1444.6941331709295,9.113777154870355,Tidak Ada Data,0,Sedang-Kurang Efisien
CAWANG,EP/EU-SN-5UGM,EP/EU-SN-5UGM,Non-Inverter,416.3,4557.0,3.41,2,1215.6,1756177.32,PCS 00918.01.02.HE,2022-03-24,2026-03-24,830,PT Sucofindo (Persero),True,0,0,0,0,0,0,0,10.946432860917607,0.5 PK,3.41,1444.7000000000005,7.536432860917607,Aktif,0,Sedang-Kurang Efisien
CAWANG,EP/EU-SN-7UGM,EP/EU-SN-7UGM,Non-Inverter,668.8,7022.0,3.27,1,1952.9,2821354.63,PCS 00918.01.02.HE,2022-03-24,2026-03-24,831,PT Sucofindo (Persero),True,0,0,0,0,0,0,0,10.499401913875598,1 PK,3.27,1444.6999999999998,7.2294019138755985,Aktif,0,Sedang-Kurang Efisien
CAWANG,EP/EU-SN-9UGM,EP/EU-SN-9UGM,Non-Inverter,795.6,8375.0,3.28,1,2323.2,3356327.04,PCS 00918.01.02.HE,2022-03-24,2026-03-24,832,PT Sucofindo (Persero),True,0,0,0,0,0,0,0,10.52664655605832,1 PK,3.28,1444.7,7.246646556058321,Aktif,0,Sedang-Kurang Efisien
CAWANG,EP/EU-SN-12UGM,EP/EU-SN-12UGM,Non-Inverter,1029.0,10821.0,3.27,1,3004.7,4340890.09,PCS 00918.01.02.HE,2022-03-24,2026-03-24,833,PT Sucofindo (Persero),True,0,0,0,0,0,0,0,10.51603498542274,1.5 PK,3.27,1444.7,7.246034985422741,Aktif,0,Sedang-Kurang Efisien
CAWANG,EP/EU-SN-18UGM,EP/EU-SN-18UGM,Non-Inverter,1617.1,17015.0,3.27,1,4721.9,6821728.93,PCS 00918.01.02.HE,2022-03-24,2026-03-24,834,PT Sucofindo (Persero),True,0,0,0,0,0,0,0,10.52192195906252,2 PK,3.27,1444.7,7.25192195906252,Aktif,3,Besar-Kurang Efisien
Hitachi,RAS-EJ18CKN/RAC-EJ18CKN,RAS-EJ18CKN/RAC-EJ18CKN,Non-Inverter,1705.4,17947.9,3.28,1,4979.8,7194317.06,PCS 00898.01.03.HE,,,835,PT Sucofindo (Persero),False,0,0,0,0,0,0,0,10.52415855517767,2 PK,3.28,1444.6999999999998,7.244158555177672,Tidak Ada Data,3,Besar-Kurang Efisien
Sharp,Indoor: AH-A5ZCYN Outdoor: AU-A5ZCYN,Indoor: AH-A5ZCYN Outdoor: AU-A5ZCYN,Non-Inverter,344.8,5016.0,4.12,3,1006.82,1454547.08,824 220105,,,836,PT TUV Rheinland Indonesia,True,0,0,0,0,0,0,0,14.547563805104408,0.5 PK,4.12,1444.6942651119366,10.427563805104407,Tidak Ada Data,0,Sedang-Kurang Efisien
Sharp,Indoor: AH-A9ZCYN Outdoor: AU-A9ZCYN,Indoor: AH-A9ZCYN Outdoor: AU-A9ZCYN,Non-Inverter,782.0,9008.0,3.82,3,2283.44,3298885.77,824 220105,,,837,PT TUV Rheinland Indonesia,True,0,0,0,0,0,0,0,11.51918158567775,1 PK,3.82,1444.7000008758714,7.699181585677749,Tidak Ada Data,0,Sedang-Kurang Efisien
Sharp,"Indoor: AH-A7UDL Outdoor: AU-A7UDL ,    Indoor: AH-AP7UHL Outdoor: AU-A7UHL","Indoor: AH-A7UDL Outdoor: AU-A7UDL ,    Indoor: AH-AP7UHL Outdoor: AU-A7UHL",Non-Inverter,607.8,6995.0,3.61,2,1774.78,2564018.89,824 220102,,,838,PT TUV Rheinland Indonesia,True,0,0,0,0,0,0,0,11.508719973675552,1 PK,3.61,1444.6967455121198,7.898719973675552,Tidak Ada Data,0,Sedang-Kurang Efisien
Sharp,"Indoor: AH-A9UDL Outdoor: AU-A9UDL ,   Indoor: AH-AP9UHL Outdoor: AU-A9UHL","Indoor: AH-A9UDL Outdoor: AU-A9UDL ,   Indoor: AH-AP9UHL Outdoor: AU-A9UHL",Non-Inverter,771.6,9008.0,3.66,2,2253.07,3255013.12,824 220102,,,839,PT TUV Rheinland Indonesia,True,0,0,0,0,0,0,0,11.674442716433385,1 PK,3.66,1444.7012831381182,8.014442716433384,Tidak Ada Data,0,Sedang-Kurang Efisien
Sharp,"Indoor: AH-AP5SSY Outdoor: AU-A5SSY ,    Indoor: AH-A5SAY Outdoor: AU-A5SAY","Indoor: AH-AP5SSY Outdoor: AU-A5SSY ,    Indoor: AH-A5SAY Outdoor: AU-A5SAY",Non-Inverter,419.3,4982.0,3.69,2,1224.36,1768827.11,824 220102,,,840,PT TUV Rheinland Indonesia,True,0,0,0,0,0,0,0,11.881707607917958,0.5 PK,3.69,1444.695277532752,8.191707607917959,Tidak Ada Data,0,Sedang-Kurang Efisien
Sharp,"Indoor: AH-A7SAY Outdoor: AU-A7SAY ,  Indoor: AH-AP7SSY Outdoor: AU-A7SSY","Indoor: AH-A7SAY Outdoor: AU-A7SAY ,  Indoor: AH-AP7SSY Outdoor: AU-A7SSY",Non-Inverter,660.1,6995.0,3.32,1,1927.49,2784647.69,824 220102,,,841,PT TUV Rheinland Indonesia,True,0,0,0,0,0,0,0,10.596879260718072,1 PK,3.32,1444.701497802842,7.276879260718072,Tidak Ada Data,0,Sedang-Kurang Efisien
Sharp,"Indoor: AH-A9SAY Outdoor: AU-A9SAY , Indoor: AH-AP9SSY2 Outdoor: AU-A9SSY2","Indoor: AH-A9SAY Outdoor: AU-A9SAY , Indoor: AH-AP9SSY2 Outdoor: AU-A9SSY2",Non-Inverter,842.5,9008.0,3.46,2,2460.1,3554106.47,824 220102,,,842,PT TUV Rheinland Indonesia,True,0,0,0,0,0,0,0,10.691988130563798,1 PK,3.46,1444.7,7.231988130563798,Tidak Ada Data,0,Sedang-Kurang Efisien
Sharp,"Indoor: AH-AP12SSY Outdoor: AU-A12SSY , Indoor: AH-A12SAY Outdoor: AU-A12SAY","Indoor: AH-AP12SSY Outdoor: AU-A12SSY , Indoor: AH-A12SAY Outdoor: AU-A12SAY",Non-Inverter,1115.5,11942.0,3.41,2,3257.26,4705763.52,824 220102,,,843,PT TUV Rheinland Indonesia,True,0,0,0,0,0,0,0,10.705513222770058,1.5 PK,3.41,1444.6999993859868,7.295513222770058,Tidak Ada Data,0,Sedang-Kurang Efisien
Sharp,Indoor: AH-A5UDL Outdoor: AU-A5UDL,Indoor: AH-A5UDL Outdoor: AU-A5UDL,Non-Inverter,357.6,4811.0,3.97,3,1044.19,1508544.18,824 220102,,,844,PT TUV Rheinland Indonesia,True,0,0,0,0,0,0,0,13.453579418344518,0.5 PK,3.97,1444.702764822494,9.483579418344515,Tidak Ada Data,0,Sedang-Kurang Efisien
Sharp,Indoor: AH-AP5UHL Outdoor: AU-A5UHL,Indoor: AH-AP5UHL Outdoor: AU-A5UHL,Non-Inverter,370.3,4811.0,4.06,3,1081.28,1562119.44,824 220102,,,845,PT TUV Rheinland Indonesia,True,0,0,0,0,0,0,0,12.992168512017283,0.5 PK,4.06,1444.6946581828945,8.932168512017284,Tidak Ada Data,0,Sedang-Kurang Efisien
Sharp,Indoor: AH-AP12UHL Outdoor: AU-A12UHL,Indoor: AH-AP12UHL Outdoor: AU-A12UHL,Non-Inverter,1027.6,11942.0,3.6,2,3000.59,4334955.26,824 220102,,,846,PT TUV Rheinland Indonesia,True,0,0,0,0,0,0,0,11.621253405994551,1.5 PK,3.6,1444.7009621441116,8.021253405994551,Tidak Ada Data,0,Sedang-Kurang Efisien
Midea,MSFO-09CRLN2-32(I) / MSFO-09CRLN2-32(O); MSAF-09CRN2(I) / MSAF-09CRN2(O); MSFC-09CRN1-32(I) / SFC-09CRN1-32(O),MSFO-09CRLN2-32(I) / MSFO-09CRLN2-32(O); MSAF-09CRN2(I) / MSAF-09CRN2(O); MSFC-09CRN1-32(I) / SFC-09CRN1-32(O),Non-Inverter,723.2,9566.5,4.12,3,499.23,721236.86,006/LSP/QI/06.1-IV/2022,,,847,PT Qualis Indonesia,False,0,0,0,0,0,0,0,13.228014380530972,1 PK,4.12,1444.6985557758949,9.108014380530973,Tidak Ada Data,0,Sedang-Kurang Efisien
Akari,Indoor:  A-18E7LWi   Outdoor:  A-18E7LWk ,Indoor:  A-18E7LWi   Outdoor:  A-18E7LWk ,Non-Inverter,1567.2,18000.0,3.3,1,4576.22,6611270.81,824 220118,,,848,PT TUV Rheinland Indonesia,True,0,0,0,0,0,0,0,11.485451761102604,2 PK,3.3,1444.7012621770805,8.185451761102602,Tidak Ada Data,3,Besar-Kurang Efisien
Akari,A-09E3NLWi (Indoor) ; A-09E3NLWk (Outdoor),Indoor:  A-09E3NLWi  A-09E5NPLWi  A-09E5IONPLWi Outdoor:  A-09E3NLWk  A-09E5NPLWk  A-09E5IONPLWk ,Non-Inverter,796.5,9300.0,3.25,1,2325.78,3360054.37,824 220118,,,849,PT TUV Rheinland Indonesia,True,0,0,0,0,0,0,0,11.67608286252354,1 PK,3.25,1444.700001719853,8.42608286252354,Tidak Ada Data,0,Sedang-Kurang Efisien
Akari,Indoor:  A-12E7LWi  Outdoor:  A-12E7LWk ,Indoor:  A-12E7LWi  Outdoor:  A-12E7LWk ,Non-Inverter,1101.5,12000.0,3.13,1,3216.38,4646704.19,824 220118,,,850,PT TUV Rheinland Indonesia,True,0,0,0,0,0,0,0,10.894235133908309,1.5 PK,3.13,1444.7000012436342,7.764235133908307,Tidak Ada Data,0,Sedang-Kurang Efisien
Akari,Indoor:  A-12E7LWi  Outdoor:  A-12E7LWk ,Indoor:  A-12E7LWi  Outdoor:  A-12E7LWk ,Non-Inverter,1101.5,12000.0,3.13,1,3216.38,4646704.19,824 220118,,,851,PT TUV Rheinland Indonesia,True,0,0,0,0,0,0,0,10.894235133908309,1.5 PK,3.13,1444.7000012436342,7.764235133908307,Tidak Ada Data,0,Sedang-Kurang Efisien
Panasonic,CS/CU-XN5TKJ,CS/CU-XN5TKJ,Non-Inverter,369.9,4918.0,4.14,3,1080.1,1560420.47,PCS 00017.04.04.HE,,,852,PT Sucofindo (Persero),True,0,0,0,0,0,0,0,13.295485266288187,0.5 PK,4.14,1444.7,9.155485266288188,Tidak Ada Data,0,Sedang-Kurang Efisien
Panasonic,CS/CU-XN7TKJ,CS/CU-XN7TKJ,Non-Inverter,587.0,6860.0,3.64,2,1714.0,2476215.8,PCS 00017.04.04.HE,,,853,PT Sucofindo (Persero),True,0,0,0,0,0,0,0,11.686541737649064,1 PK,3.64,1444.6999999999998,8.046541737649063,Tidak Ada Data,0,Sedang-Kurang Efisien
Panasonic,CS/CU-XN9TKJ,CS/CU-XN9TKJ,Non-Inverter,733.2,8777.0,3.73,2,2140.9,3092958.23,PCS 00017.04.04.HE,,,854,PT Sucofindo (Persero),True,0,0,0,0,0,0,0,11.970812875068194,1 PK,3.73,1444.6999999999998,8.240812875068194,Tidak Ada Data,0,Sedang-Kurang Efisien
Panasonic,CS/CU-LN5UKJ,CS/CU-LN5UKJ,Non-Inverter,416.1,4755.0,3.56,2,1215.0,1755310.5,PCS 00017.04.04.HE,,,855,PT Sucofindo (Persero),True,0,0,0,0,0,0,0,11.427541456380675,0.5 PK,3.56,1444.7,7.8675414563806765,Tidak Ada Data,0,Sedang-Kurang Efisien
Panasonic,CS/CU-LN7UKJ,CS/CU-LN7UKJ,Non-Inverter,660.9,7436.0,3.5,2,1929.8,2787982.06,PCS 00017.04.04.HE,,,856,PT Sucofindo (Persero),True,0,0,0,0,0,0,0,11.251323952186413,1 PK,3.5,1444.7,7.751323952186413,Tidak Ada Data,0,Sedang-Kurang Efisien
Panasonic,CS/CU-LN9UKJ,CS/CU-LN9UKJ,Non-Inverter,766.8,8625.0,3.5,2,2239.1,3234827.77,PCS 00017.04.04.HE,,,857,PT Sucofindo (Persero),True,0,0,0,0,0,0,0,11.248043818466355,1 PK,3.5,1444.7,7.748043818466355,Tidak Ada Data,0,Sedang-Kurang Efisien
Panasonic,CS/CU-LN12UKJ,CS/CU-LN12UKJ,Non-Inverter,1012.6,11377.0,3.5,2,2956.8,4271688.96,PCS 00017.04.04.HE,,,858,PT Sucofindo (Persero),True,0,0,0,0,0,0,0,11.235433537428404,1.5 PK,3.5,1444.6999999999998,7.735433537428403,Tidak Ada Data,0,Sedang-Kurang Efisien
Panasonic,CS/CU-YN18TKJ,CS/CU-YN18TKJ,Non-Inverter,1626.1,17405.0,3.33,1,4748.2,6859724.54,PCS 00017.04.04.HE,,,859,PT Sucofindo (Persero),True,0,0,0,0,0,0,0,10.70352376852592,2 PK,3.33,1444.7,7.373523768525921,Tidak Ada Data,3,Besar-Kurang Efisien
BEKO,BSFSA 050 / BSFSA 051,BSFSA 050 / BSFSA 051,Non-Inverter,372.3,4960.0,4.15,3,257.04,371338.46,008/LSP/QI/06.1-VI/2022,,,860,PT Qualis Indonesia,True,0,0,0,0,0,0,0,13.32258930969648,0.5 PK,4.15,1444.6718798630563,9.17258930969648,Tidak Ada Data,0,Sedang-Kurang Efisien
BEKO,BSFSA 090 / BSFSA 091,BSFSA 090 / BSFSA 091,Non-Inverter,749.1,9840.3,4.09,3,517.18,747164.17,008/LSP/QI/06.1-VI/2022,,,861,PT Qualis Indonesia,True,0,0,0,0,0,0,0,13.13616339607529,1 PK,4.09,1444.6888317413668,9.04616339607529,Tidak Ada Data,0,Sedang-Kurang Efisien
BEKO,BSFSA 120 / BSFSA 121,BSFSA 120 / BSFSA 121,Non-Inverter,1092.5,12375.1,3.53,2,754.26,1089676.53,008/LSP/QI/06.1-VI/2022,,,862,PT Qualis Indonesia,True,0,0,0,0,0,0,0,11.327322654462243,1.5 PK,3.53,1444.6961657783788,7.797322654462244,Tidak Ada Data,0,Sedang-Kurang Efisien
Sharp,"AH-A5ZCY / AU-A5ZCY , AH-A5ZEY / AU-A5ZEY","AH-A5ZCY / AU-A5ZCY , AH-A5ZEY / AU-A5ZEY",Non-Inverter,356.7,4756.4,4.15,3,246.26,355777.6,010/LSP/QI/06.1-VI/2022,,,863,PT Qualis Indonesia,True,0,0,0,0,0,0,0,13.334454723857585,0.5 PK,4.15,1444.7234630065784,9.184454723857582,Tidak Ada Data,0,Sedang-Kurang Efisien
Sharp,"AH-A9ZCY / AU-A9ZCY , AH-A9ZEY / AU-A9ZEY","AH-A9ZCY / AU-A9ZCY , AH-A9ZEY / AU-A9ZEY",Non-Inverter,776.1,9051.1,3.63,2,535.82,774094.82,010/LSP/QI/06.1-VI/2022,,,864,PT Qualis Indonesia,True,0,0,0,0,0,0,0,11.662285787913929,1 PK,3.63,1444.6919114628045,8.032285787913928,Tidak Ada Data,0,Sedang-Kurang Efisien
Sharp,AH-A12ZCY / AU-A12ZCY,AH-A12ZCY / AU-A12ZCY,Non-Inverter,1073.0,11827.4,3.43,2,740.8,1070226.54,010/LSP/QI/06.1-VI/2022,,,865,PT Qualis Indonesia,True,0,0,0,0,0,0,0,11.02273998136067,1.5 PK,3.43,1444.6902537796975,7.592739981360671,Tidak Ada Data,0,Sedang-Kurang Efisien
Sharp,AH-A18ZCY / AU-A18ZCY,AH-A18ZCY / AU-A18ZCY,Non-Inverter,1721.1,18309.0,3.31,1,1188.24,1716651.77,010/LSP/QI/06.1-VI/2022,,,866,PT Qualis Indonesia,True,0,0,0,0,0,0,0,10.637964092731393,2 PK,3.31,1444.7012135595503,7.327964092731392,Tidak Ada Data,3,Besar-Kurang Efisien
Sharp,AH-A24ZCY / AU-A24ZCY,AH-A24ZCY / AU-A24ZCY,Non-Inverter,2028.1,24274.2,3.72,2,1400.19,2022858.83,010/LSP/QI/06.1-VI/2022,,,867,PT Qualis Indonesia,True,0,0,0,0,0,0,0,11.968936442976185,3+ PK,3.72,1444.7030974367765,8.248936442976184,Tidak Ada Data,3,Besar-Kurang Efisien
Electrolux,Indoor: ESM05CRR-C1I Outdoor: ESM05CRR-C1E,Indoor: ESM05CRR-C1I Outdoor: ESM05CRR-C1E,Non-Inverter,490.7,5500.0,3.46,2,1432.84,2070029.73,824 220119,,,868,PT TUV Rheinland Indonesia,True,0,0,0,0,0,0,0,11.208477684939885,1 PK,3.46,1444.704035342397,7.748477684939883,Tidak Ada Data,0,Sedang-Kurang Efisien
Electrolux,Indoor: ESM09CRR-C1I Outdoor: ESM09CRR-C1E,Indoor: ESM09CRR-C1I Outdoor: ESM09CRR-C1E,Non-Inverter,764.6,9600.0,3.87,3,2232.63,3225483.45,824 220119,,,869,PT TUV Rheinland Indonesia,True,0,0,0,0,0,0,0,12.55558461940884,1 PK,3.87,1444.7012939895997,8.68558461940884,Tidak Ada Data,0,Sedang-Kurang Efisien
Electrolux,Indoor: ESM12CRR-C1I Outdoor: ESM12CRR-C1E,Indoor: ESM12CRR-C1I Outdoor: ESM12CRR-C1E,Non-Inverter,1023.0,12400.0,3.65,2,2987.16,4315550.05,824 220119,,,870,PT TUV Rheinland Indonesia,True,0,0,0,0,0,0,0,12.12121212121212,1.5 PK,3.65,1444.6999993304678,8.47121212121212,Tidak Ada Data,0,Sedang-Kurang Efisien
Electrolux,Indoor: ESM18CRR-C1I Outdoor: ESM18CRR-C1E,Indoor: ESM18CRR-C1I Outdoor: ESM18CRR-C1E,Non-Inverter,1543.9,18700.0,3.75,2,4508.19,6512979.2,824 220119,,,871,PT TUV Rheinland Indonesia,True,0,0,0,0,0,0,0,12.1121834315694,2 PK,3.75,1444.6993582790435,8.3621834315694,Tidak Ada Data,3,Besar-Kurang Efisien
Gree,GWC05NAS2/I / GWC05NAS2/O,GWC05NAS2/I / GWC05NAS2/O,Non-Inverter,388.3,4.7,3.77,2,1133.84,1638052.87,6608.451/23.120/IV/2022,,,872,Balai Besar Standardisasi dan Pelayanan Jasa Industri Bahan dan Barang Teknik (BBSPJIBBT),True,0,0,0,0,0,0,0,0.0121040432655163,0.5 PK,3.77,1444.6949040428988,3.757895956734483,Tidak Ada Data,0,Sedang-Kurang Efisien
Gree,GWC07NAS2/I / GWC07NAS2/O,GWC07NAS2/I / GWC07NAS2/O,Non-Inverter,592.9,6562.4,3.44,2,1731.27,2501162.88,6608.451/23.120/IV/2022 ,,,873,Balai Besar Standardisasi dan Pelayanan Jasa Industri Bahan dan Barang Teknik (BBSPJIBBT),True,0,0,0,0,0,0,0,11.06830831506156,1 PK,3.44,1444.6983312828154,7.628308315061561,Tidak Ada Data,0,Sedang-Kurang Efisien
Gree,GWC09NAS2/I / GWC09NAS2/O,GWC09NAS2/I / GWC09NAS2/O,Non-Inverter,772.6,8633.1,3.48,2,2255.99,3259231.64,6608.451/23.120/IV/2022 ,,,874,Balai Besar Standardisasi dan Pelayanan Jasa Industri Bahan dan Barang Teknik (BBSPJIBBT),True,0,0,0,0,0,0,0,11.174087496764171,1 PK,3.48,1444.701279704254,7.694087496764173,Tidak Ada Data,0,Sedang-Kurang Efisien
Gree,GWC12NAS2/I / GWC12NAS2/O,GWC12NAS2/I / GWC12NAS2/O,Non-Inverter,1049.2,11669.0,3.46,2,3063.66,4426075.38,6608.451/23.120/IV/2022,,,875,Balai Besar Standardisasi dan Pelayanan Jasa Industri Bahan dan Barang Teknik (BBSPJIBBT),True,0,0,0,0,0,0,0,11.12180709111704,1.5 PK,3.46,1444.7018859795148,7.6618070911170415,Tidak Ada Data,0,Sedang-Kurang Efisien
Gree,GWC18NAS2/I / GWC18NAS2/O,GWC18NAS2/I / GWC18NAS2/O,Non-Inverter,1690.8,17316.7,3.19,1,4937.14,7132680.38,6608.451/23.120/IV/2022,,,876,Balai Besar Standardisasi dan Pelayanan Jasa Industri Bahan dan Barang Teknik (BBSPJIBBT),True,0,0,0,0,0,0,0,10.241719895907265,2 PK,3.19,1444.6988296868226,7.051719895907263,Tidak Ada Data,3,Besar-Kurang Efisien
Gree,GWC24NAS2/I / GWC24NAS2/O,GWC24NAS2/I / GWC24NAS2/O,Non-Inverter,1991.7,21497.4,3.36,1,5815.76,8402034.25,6608.451/23.120/IV/2022,,,877,Balai Besar Standardisasi dan Pelayanan Jasa Industri Bahan dan Barang Teknik (BBSPJIBBT),True,0,0,0,0,0,0,0,10.793492995933123,2.5 PK,3.36,1444.7009935072974,7.433492995933124,Tidak Ada Data,3,Besar-Kurang Efisien
Gree,GWC05LWS2/I / GWC05LWS2/O,GWC05LWS2/I / GWC05LWS2/O,Non-Inverter,320.4,4344.4,4.22,4,935.57,1351615.09,6608.451/23.120/IV/2022,,,878,Balai Besar Standardisasi dan Pelayanan Jasa Industri Bahan dan Barang Teknik (BBSPJIBBT),True,0,0,0,0,0,0,0,13.559300873907617,0.5 PK,4.22,1444.6969120429258,9.339300873907614,Tidak Ada Data,0,Sedang-Kurang Efisien
Gree,GWC07LWS2/I / GWC07LWS2/O,GWC07LWS2/I / GWC07LWS2/O,Non-Inverter,536.1,6797.0,3.95,3,1565.41,2261550.72,6608.451/23.120/IV/2022 ,,,879,Balai Besar Standardisasi dan Pelayanan Jasa Industri Bahan dan Barang Teknik (BBSPJIBBT),True,0,0,0,0,0,0,0,12.67860473792203,1 PK,3.95,1444.7018480781394,8.72860473792203,Tidak Ada Data,0,Sedang-Kurang Efisien
Gree,GWC09LWS2/I / GWC09LWS2/O,GWC09LWS2/I / GWC09LWS2/O,Non-Inverter,703.8,9337.8,4.13,3,2055.1,2968997.19,6608.451/23.120/IV/2022 ,,,880,Balai Besar Standardisasi dan Pelayanan Jasa Industri Bahan dan Barang Teknik (BBSPJIBBT),True,0,0,0,0,0,0,0,13.26768968456948,1 PK,4.13,1444.697187484794,9.13768968456948,Tidak Ada Data,0,Sedang-Kurang Efisien
DR KUHLER,GWC12NAS2/I / GWC12NAS2/O,GWC12NAS2/I / GWC12NAS2/O,Non-Inverter,1031.6,11899.9,3.59,2,3012.27,4351829.36,6609.451/23.120/IV/2022 ,,,881,Balai Besar Standardisasi dan Pelayanan Jasa Industri Bahan dan Barang Teknik (BBSPJIBBT),False,0,0,0,0,0,0,0,11.535381930981002,1.5 PK,3.59,1444.7009597413248,7.945381930981002,Tidak Ada Data,0,Sedang-Kurang Efisien
DR KUHLER,GWC18NAS2/I / GWC18NAS2/O,GWC18NAS2/I / GWC18NAS2/O,Non-Inverter,1638.1,18048.6,3.43,2,4783.25,6910364.16,6609.451/23.120/IV/2022,,,882,Balai Besar Standardisasi dan Pelayanan Jasa Industri Bahan dan Barang Teknik (BBSPJIBBT),False,0,0,0,0,0,0,0,11.018008668579451,2 PK,3.43,1444.7006031463964,7.588008668579452,Tidak Ada Data,3,Besar-Kurang Efisien
LG,H07TN4 NCAX2 / H07TN4 UCAX2,H07TN4 NCAX2 / H07TN4 UCAX2,Non-Inverter,587.5,6984.1,3.7,2,1715.5,2478382.85,6653.1041/23.120/V/2022,,,883,Balai Besar Standardisasi dan Pelayanan Jasa Industri Bahan dan Barang Teknik (BBSPJIBBT),True,0,0,0,0,0,0,0,11.887829787234043,1 PK,3.7,1444.7,8.187829787234044,Tidak Ada Data,0,Sedang-Kurang Efisien
LG,H09TN4 NCAX2 / H09TN4 UCAX2,H09TN4 NCAX2 / H09TN4 UCAX2,Non-Inverter,769.0,8520.1,3.45,2,2245.48,3244044.96,6653.1041/23.120/V/2022,,,884,Balai Besar Standardisasi dan Pelayanan Jasa Industri Bahan dan Barang Teknik (BBSPJIBBT),True,0,0,0,0,0,0,0,11.079453836150844,1 PK,3.45,1444.7000017813564,7.629453836150845,Tidak Ada Data,0,Sedang-Kurang Efisien
Gree,GWC-05MOO5S/I / GWC-05MOO5S/O,GWC-05MOO5S/I / GWC-05MOO5S/O,Non-Inverter,399.7,4757.8,3.7,2,275.95,398666.41,013/LSP/QI/06.1-VII/2022,2022-07-15,2026-07-14,885,PT Qualis Indonesia,True,0,0,0,0,0,0,0,11.903427570678009,0.5 PK,3.7,1444.7052364558797,8.20342757067801,Aktif,0,Sedang-Kurang Efisien
Gree,GWC-07MOO5S/I / GWC-07MOO5S/O,GWC-07MOO5S/I / GWC-07MOO5S/O,Non-Inverter,578.1,6982.5,3.76,2,399.12,576605.77,013/LSP/QI/06.1-VII/2022,,2026-07-14,886,PT Qualis Indonesia,True,0,0,0,0,0,0,0,12.07836014530358,1 PK,3.76,1444.6927490479054,8.318360145303581,Aktif,0,Sedang-Kurang Efisien
Gree,GWC-09MOO5S/I / GWC-09MOO5S/O,GWC-09MOO5S/I / GWC-09MOO5S/O,Non-Inverter,801.1,8616.3,3.35,1,553.08,799030.34,013/LSP/QI/06.1-VII/2022,2022-07-15,2026-07-04,887,PT Qualis Indonesia,True,0,0,0,0,0,0,0,10.75558606915491,1 PK,3.35,1444.6921602661455,7.405586069154911,Aktif,0,Sedang-Kurang Efisien
Gree,GWC-12MOO5S/I / GWC-12MOO5S/O,GWC-12MOO5S/I / GWC-12MOO5S/O,Non-Inverter,1119.3,12237.4,3.4,2,772.76,1116407.82,013/LSP/QI/06.1-VII/2022,2022-07-15,2026-07-14,888,PT Qualis Indonesia,True,0,0,0,0,0,0,0,10.933083176985615,1.5 PK,3.4,1444.701873802992,7.533083176985615,Aktif,0,Sedang-Kurang Efisien
AQUA,AQA-KR09ANPC / AQA-CR09ANPC ; AQA-KR09ANP / AQA-CR09ANP ; AQA-KR09ANP1 / AQA-CR09ANP1,AQA-KR09ANPC / AQA-CR09ANPC ; AQA-KR09ANP / AQA-CR09ANP ; AQA-KR09ANP1 / AQA-CR09ANP1,Non-Inverter,764.2,8700.0,3.18,1,2231.46,3223796.04,824 220157,,,889,PT TUV Rheinland Indonesia,True,0,0,0,0,0,0,0,11.384454331326875,1 PK,3.18,1444.7025893361297,8.204454331326877,Tidak Ada Data,0,Sedang-Kurang Efisien
Panasonic,"CS/CU-XN5WKJ, CS/CU-KN5WKJ","CS/CU-XN5WKJ, CS/CU-KN5WKJ",Non-Inverter,376.4,5048.0,4.17,3,1099.1,1587869.77,PCS 00017.04.05.HE,,,890,PT Sucofindo (Persero),True,0,0,0,0,0,0,0,13.411264612114772,0.5 PK,4.17,1444.7,9.241264612114772,Tidak Ada Data,0,Sedang-Kurang Efisien
Panasonic,CS/CU-PN5WKJ,CS/CU-PN5WKJ,Non-Inverter,415.6,4782.0,3.58,2,1213.6,1753287.92,PCS 00017.04.05.HE,,,891,PT Sucofindo (Persero),True,0,0,0,0,0,0,0,11.506256015399424,0.5 PK,3.58,1444.7,7.926256015399423,Tidak Ada Data,0,Sedang-Kurang Efisien
Panasonic,CS/CU-LN5WKJ,CS/CU-LN5WKJ,Non-Inverter,417.9,4809.0,3.58,2,1220.3,1762967.41,PCS 00017.04.05.HE,,,892,PT Sucofindo (Persero),True,0,0,0,0,0,0,0,11.507537688442213,0.5 PK,3.58,1444.7,7.927537688442211,Tidak Ada Data,0,Sedang-Kurang Efisien
Panasonic,CS/CU-YN5WKJ,CS/CU-YN5WKJ,Non-Inverter,416.2,4791.0,3.58,2,1215.3,1755743.91,PCS 00017.04.05.HE,,,893,PT Sucofindo (Persero),True,0,0,0,0,0,0,0,11.511292647765496,0.5 PK,3.58,1444.7,7.931292647765497,Tidak Ada Data,0,Sedang-Kurang Efisien
Panasonic,"CS/CU-XN7WKJ, CS/CU-KN7WKJ","CS/CU-XN7WKJ, CS/CU-KN7WKJ",Non-Inverter,589.3,6814.0,3.6,2,1720.8,2486039.76,PCS 00017.04.05.HE,,,894,PT Sucofindo (Persero),True,0,0,0,0,0,0,0,11.562871203122349,1 PK,3.6,1444.6999999999998,7.962871203122349,Tidak Ada Data,0,Sedang-Kurang Efisien
Panasonic,CS/CU-PN7WKJ,CS/CU-PN7WKJ,Non-Inverter,590.2,6630.0,3.5,2,1723.4,2489795.98,PCS 00017.04.05.HE,,,895,PT Sucofindo (Persero),True,0,0,0,0,0,0,0,11.233480176211453,1 PK,3.5,1444.6999999999998,7.733480176211453,Tidak Ada Data,0,Sedang-Kurang Efisien
Panasonic,CS/CU-LN7WKJ,CS/CU-LN7WKJ,Non-Inverter,669.5,7399.0,3.44,2,1954.9,2824244.03,PCS 00017.04.05.HE,,,896,PT Sucofindo (Persero),True,0,0,0,0,0,0,0,11.051530993278568,1 PK,3.44,1444.6999999999998,7.611530993278567,Tidak Ada Data,0,Sedang-Kurang Efisien
Panasonic,CS/CU-YN7WKJ,CS/CU-YN7WKJ,Non-Inverter,683.9,7370.0,3.35,1,1997.0,2885065.9,PCS 00017.04.05.HE,,,897,PT Sucofindo (Persero),True,0,0,0,0,0,0,0,10.77642930252961,1 PK,3.35,1444.7,7.426429302529611,Tidak Ada Data,0,Sedang-Kurang Efisien
Panasonic,"CS/CU-XN9WKJ, CS/CU-KN9WKJ","CS/CU-XN9WKJ, CS/CU-KN9WKJ",Non-Inverter,736.2,8715.0,3.68,2,2149.7,3105671.59,PCS 00017.04.05.HE,,,898,PT Sucofindo (Persero),True,0,0,0,0,0,0,0,11.837815810920944,1 PK,3.68,1444.7,8.157815810920946,Tidak Ada Data,0,Sedang-Kurang Efisien
Panasonic,CS/CU-PN9WKJ,CS/CU-PN9WKJ,Non-Inverter,724.7,8077.0,3.47,2,2116.1,3057129.67,PCS 00017.04.05.HE,,,899,PT Sucofindo (Persero),True,0,0,0,0,0,0,0,11.14530150407065,1 PK,3.47,1444.7,7.675301504070649,Tidak Ada Data,0,Sedang-Kurang Efisien
Panasonic,CS/CU-LN9WKJ,CS/CU-LN9WKJ,Non-Inverter,787.0,8665.0,3.43,2,2298.0,3319920.6,PCS 00017.04.05.HE,,,900,PT Sucofindo (Persero),True,0,0,0,0,0,0,0,11.010165184243965,1 PK,3.43,1444.7,7.580165184243965,Tidak Ada Data,0,Sedang-Kurang Efisien
Panasonic,"CS/CU-YN9WKJ, CS/CU-UN9YKJ","CS/CU-YN9WKJ, CS/CU-UN9YKJ",Non-Inverter,778.8,8391.0,3.35,1,2274.1,3285392.27,PCS 00017.04.05.HE,,,901,PT Sucofindo (Persero),True,0,0,0,0,0,0,0,10.77426810477658,1 PK,3.35,1444.7,7.42426810477658,Tidak Ada Data,0,Sedang-Kurang Efisien
Panasonic,"CS/CU-PN12WKJ, CS/CU-LN12WKJ","CS/CU-PN12WKJ, CS/CU-LN12WKJ",Non-Inverter,1045.0,11677.0,3.48,2,2274.1,3285392.27,PCS 00017.04.05.HE,,,902,PT Sucofindo (Persero),True,0,0,0,0,0,0,0,11.174162679425836,1.5 PK,3.48,1444.7,7.694162679425837,Tidak Ada Data,0,Sedang-Kurang Efisien
Panasonic,"CS/CU-YN12WKJ, CS/CU-UN12YKJ","CS/CU-YN12WKJ, CS/CU-UN12YKJ",Non-Inverter,1039.6,11086.0,3.32,1,3035.6,4385531.32,PCS 00017.04.05.HE,,,903,PT Sucofindo (Persero),True,0,0,0,0,0,0,0,10.663716814159294,1.5 PK,3.32,1444.7,7.343716814159293,Tidak Ada Data,0,Sedang-Kurang Efisien
Panasonic,"CS/CU-PN18WKJ, CS/CU-LN18WKJ","CS/CU-PN18WKJ, CS/CU-LN18WKJ",Non-Inverter,1599.3,17652.0,3.44,2,4670.0,6746749.0,PCS 00017.04.05.HE,,,904,PT Sucofindo (Persero),True,0,0,0,0,0,0,0,11.03732883136372,2 PK,3.44,1444.7,7.597328831363722,Tidak Ada Data,3,Besar-Kurang Efisien
Panasonic,"CS/CU-PN24WKJ, CS/CU-LN24WKJ","CS/CU-PN24WKJ, CS/CU-LN24WKJ",Non-Inverter,2161.7,23236.0,3.35,1,6312.2,9119235.34,PCS 00017.04.05.HE,,,905,PT Sucofindo (Persero),True,0,0,0,0,0,0,0,10.74894758754684,2.5 PK,3.35,1444.7,7.398947587546839,Tidak Ada Data,3,Besar-Kurang Efisien
Panasonic,"CS/CU-YN18WKJ, CS/CU-UN18YKJ","CS/CU-YN18WKJ, CS/CU-UN18YKJ",Non-Inverter,1643.1,17491.0,3.31,1,4797.9,6931526.13,PCS 00017.04.05.HE,,,906,PT Sucofindo (Persero),True,0,0,0,0,0,0,0,10.64512202543972,2 PK,3.31,1444.7,7.335122025439718,Tidak Ada Data,3,Besar-Kurang Efisien
Panasonic,"CS/CU-YN24WKJ, CS/CU-UN24YKJ","CS/CU-YN24WKJ, CS/CU-UN24YKJ",Non-Inverter,2129.7,22577.0,3.3,1,6218.7,8984155.89,PCS 00017.04.05.HE,,,907,PT Sucofindo (Persero),True,0,0,0,0,0,0,0,10.601023618350004,2.5 PK,3.3,1444.7,7.301023618350004,Tidak Ada Data,3,Besar-Kurang Efisien
Changhong,"CSC-05CSD4, CSC-05NVB4, CHOL-05L4, CSC-05NVC4; CHOL-05L4S; CSC-05NVS4","CSC-05CSD4, CSC-05NVB4, CHOL-05L4, CSC-05NVC4; CHOL-05L4S; CSC-05NVS4",Non-Inverter,442.0,4836.0,3.41,2,305.16,440857.43,022/LSP/QI/06.1-VIII/2022,2022-08-24,2026-08-23,908,PT Qualis Indonesia,True,0,0,0,0,0,0,0,10.941176470588236,0.5 PK,3.41,1444.6763337265695,7.531176470588235,Aktif,0,Sedang-Kurang Efisien
Changhong,"CSC-09CSD4, CSC-09NVB4, CSC-09NVC4, CHOL-09L4; CHOL-09L4S; CSC-09NVS4","CSC-09CSD4, CSC-09NVB4, CSC-09NVC4, CHOL-09L4; CHOL-09L4S; CSC-09NVS4",Non-Inverter,780.0,8556.0,3.41,2,538.51,777983.95,022/LSP/QI/06.1-VIII/2022,2022-08-24,2026-08-23,909,PT Qualis Indonesia,True,0,0,0,0,0,0,0,10.96923076923077,1 PK,3.41,1444.6973129561195,7.559230769230769,Aktif,0,Sedang-Kurang Efisien
Changhong,"CSC-12NVB4, CSC-12NVC4; CSC-12NVS4","CSC-12NVB4, CSC-12NVC4; CSC-12NVS4",Non-Inverter,1074.0,11767.0,3.41,2,741.49,1071224.82,022/LSP/QI/06.1-VIII/2022,2022-08-24,2026-08-23,910,PT Qualis Indonesia,True,0,0,0,0,0,0,0,10.956238361266294,1.5 PK,3.41,1444.6922008388517,7.546238361266294,Aktif,0,Sedang-Kurang Efisien
AQUA,"AQA-KR5AHPC/AQA-CR5AHPC, AQA-KR5AHPC1/AQA-CR5AHPC1, AQA-KR5AHQC/AQA-CR5AHQC","AQA-KR5AHPC/AQA-CR5AHPC, AQA-KR5AHPC1/AQA-CR5AHPC1, AQA-KR5AHQC/AQA-CR5AHQC",Non-Inverter,439.3,5460.4,3.87,3,303.29,438164.51,020/LSP/QI/06.1-VIII/2022,2022-08-31,2026-08-30,911,PT Qualis Indonesia,True,0,0,0,0,0,0,0,12.429774641475072,1 PK,3.87,1444.704771011243,8.559774641475073,Aktif,0,Sedang-Kurang Efisien
AQUA,"AQA-KR09AHP/AQA-CR09AHP, AQA-KR09AHP1/AQA-CR09AHP1, AQA-KR09AHQ/AQA-CR09AHQ, AQA-KR09AHQ1/AQA-CR09AHQ1, AQA-KR09AHPC/AQA-CR09AHPC, AQA-KR09AHQC/AQA-CR09AHQC; Indoor: AQA-KR9FQAL2 Outdoor: AQA-CR9FQAL2; Indoor: AQA-KR9FQDL2 Outdoor: AQA-CR9FQDL2; Indoor: AQA-KR9FQBL2 Outdoor: AQA-CR9FQBL2","AQA-KR09AHP/AQA-CR09AHP, AQA-KR09AHP1/AQA-CR09AHP1, AQA-KR09AHQ/AQA-CR09AHQ, AQA-KR09AHQ1/AQA-CR09AHQ1, AQA-KR09AHPC/AQA-CR09AHPC, AQA-KR09AHQC/AQA-CR09AHQC; Indoor: AQA-KR9FQAL2 Outdoor: AQA-CR9FQAL2; Indoor: AQA-KR9FQDL2 Outdoor: AQA-CR9FQDL2; Indoor: AQA-KR9FQBL2 Outdoor: AQA-CR9FQBL2",Non-Inverter,830.7,9323.0,3.49,2,573.51,828552.79,020/LSP/QI/06.1-VIII/2022,2022-08-31,2026-08-30,912,PT Qualis Indonesia,True,0,0,0,0,0,0,0,11.223064885036717,1 PK,3.49,1444.705044375861,7.733064885036715,Aktif,0,Sedang-Kurang Efisien
AQUA,"AQA-KR12AHP/AQA-CR12AHP, AQA-KR12AHP/AQA-CR12AHP1, AQA-KR12AHQ/AQA-CR12AHQ; Indoor: AQA-KR12FQAL2 Outdoor: AQA-CR12FQAL2","AQA-KR12AHP/AQA-CR12AHP, AQA-KR12AHP/AQA-CR12AHP1, AQA-KR12AHQ/AQA-CR12AHQ; Indoor: AQA-KR12FQAL2 Outdoor: AQA-CR12FQAL2",Non-Inverter,1139.5,12636.6,3.45,2,786.71,1136555.6,020/LSP/QI/06.1-VIII/2022,2022-08-31,2026-08-30,913,PT Qualis Indonesia,True,0,0,0,0,0,0,0,11.089600702062308,1.5 PK,3.45,1444.6944871680798,7.639600702062308,Aktif,0,Sedang-Kurang Efisien
Mitsubishi Heavy Industries,SRK09CRR-S3/SRC09CRR-S3,SRK09CRR-S3/SRC09CRR-S3,Non-Inverter,780.3,8623.6,3.44,2,2278.48,3291714.28,6877.828/23.120/IX/2022 ,,,914,Balai Besar Standardisasi dan Pelayanan Jasa Industri Bahan dan Barang Teknik (BBSPJIBBT),True,0,0,0,0,0,0,0,11.051646802511856,1 PK,3.44,1444.697464976651,7.611646802511856,Tidak Ada Data,0,Sedang-Kurang Efisien
Mitsubishi Heavy Industries,SRK13CRS-S3/SRC13CRS-S3,SRK13CRS-S3/SRC13CRS-S3,Non-Inverter,985.7,12930.2,4.08,3,2878.24,4158199.11,6877.828/23.120/IX/2022 ,,,915,Balai Besar Standardisasi dan Pelayanan Jasa Industri Bahan dan Barang Teknik (BBSPJIBBT),True,0,0,0,0,0,0,0,13.11778431571472,1.5 PK,4.08,1444.7020088665297,9.03778431571472,Tidak Ada Data,0,Sedang-Kurang Efisien
Mitsubishi Heavy Industries,SRK05CR-S3/SRC05CR-S3,SRK05CR-S3/SRC05CR-S3,Non-Inverter,379.0,4704.4,3.86,3,1106.68,1598820.6,6877.828/23.120/IX/2022 ,,,916,Balai Besar Standardisasi dan Pelayanan Jasa Industri Bahan dan Barang Teknik (BBSPJIBBT),True,0,0,0,0,0,0,0,12.412664907651711,0.5 PK,3.86,1444.7000036144143,8.552664907651714,Tidak Ada Data,0,Sedang-Kurang Efisien
Mitsubishi Heavy Industries,SRK10CRS-S3/SRC10CRS-S3,SRK10CRS-S3/SRC10CRS-S3,Non-Inverter,723.0,8557.3,3.69,2,2111.16,3049992.85,6877.828/23.120/IX/2022,,,917,Balai Besar Standardisasi dan Pelayanan Jasa Industri Bahan dan Barang Teknik (BBSPJIBBT),True,0,0,0,0,0,0,0,11.835822959889349,1 PK,3.69,1444.6999990526538,8.14582295988935,Tidak Ada Data,0,Sedang-Kurang Efisien
Mitsubishi Heavy Industries,SRK18CS-S3/SRC18CS-S3,SRK18CS-S3/SRC18CS-S3,Non-Inverter,1540.6,17204.4,3.48,2,4498.55,6499058.07,6877.828/23.120/IX/2022,,,918,Balai Besar Standardisasi dan Pelayanan Jasa Industri Bahan dan Barang Teknik (BBSPJIBBT),True,0,0,0,0,0,0,0,11.167337401012594,2 PK,3.48,1444.700641317758,7.687337401012593,Tidak Ada Data,3,Besar-Kurang Efisien
Mitsubishi Heavy Industries,SRK24CS-S3/SRC24CS-S3,SRK24CS-S3/SRC24CS-S3,Non-Inverter,2212.6,24855.6,3.5,2,6460.79,9333906.2,6877.828/23.120/IX/2022,,,919,Balai Besar Standardisasi dan Pelayanan Jasa Industri Bahan dan Barang Teknik (BBSPJIBBT),True,0,0,0,0,0,0,0,11.233661755400886,3+ PK,3.5,1444.700446849379,7.733661755400886,Tidak Ada Data,3,Besar-Kurang Efisien
Mitsubishi Heavy Industries,SRK24CS-S3/SRC24CS-S3,SRK24CS-S3/SRC24CS-S3,Non-Inverter,2212.6,24855.6,3.5,2,6460.79,9333906.2,6877.828/23.120/IX/2022,,,920,Balai Besar Standardisasi dan Pelayanan Jasa Industri Bahan dan Barang Teknik (BBSPJIBBT),True,0,0,0,0,0,0,0,11.233661755400886,3+ PK,3.5,1444.700446849379,7.733661755400886,Tidak Ada Data,3,Besar-Kurang Efisien
CAWANG,EP/EU-SN-5SGM,EP/EU-SN-5SGM,Non-Inverter,409.4,4527.0,3.44,2,1195.5,1727138.85,PCS 00918.01.03.HE,2022-09-02,2026-09-01,921,PT Sucofindo (Persero),True,0,0,0,0,0,0,0,11.057645334636051,0.5 PK,3.44,1444.7,7.617645334636053,Aktif,0,Sedang-Kurang Efisien
CAWANG,EP/EU-SN-12SGM,EP/EU-SN-12SGM,Non-Inverter,1024.5,11107.0,3.37,1,2991.5,4321820.05,PCS 00918.01.03.HE,2022-09-02,2026-09-01,922,PT Sucofindo (Persero),True,0,0,0,0,0,0,0,10.841386041971694,1.5 PK,3.37,1444.7,7.471386041971693,Aktif,0,Sedang-Kurang Efisien
Panasonic,CS-ZN5YKP / CU-ZN5YKP,CS-ZN5YKP / CU-ZN5YKP,Non-Inverter,333.9,5000.0,4.3,4,974.99,1408565.16,824 220308,,,923,PT TUV Rheinland Indonesia,True,0,0,0,0,0,0,0,14.97454327643007,0.5 PK,4.3,1444.69703279008,10.674543276430072,Tidak Ada Data,0,Sedang-Kurang Efisien
Panasonic,CS-ZN7YKP / CU-ZN7YKP,CS-ZN7YKP / CU-ZN7YKP,Non-Inverter,613.9,7000.0,3.77,2,11.01,15903.84,824 220308,,,924,PT TUV Rheinland Indonesia,True,0,0,0,0,0,0,0,11.402508551881414,1 PK,3.77,1444.4904632152588,7.632508551881415,Tidak Ada Data,0,Sedang-Kurang Efisien
Panasonic,CS-ZN9YKP / CU-ZN9YKP,CS-ZN9YKP / CU-ZN9YKP,Non-Inverter,737.9,9000.0,3.87,3,11.3,16325.69,824 220308,,,925,PT TUV Rheinland Indonesia,True,0,0,0,0,0,0,0,12.196774630708768,1 PK,3.87,1444.7513274336284,8.326774630708769,Tidak Ada Data,0,Sedang-Kurang Efisien
Gree,GWC-18MOO5S/I / GWC-18MOO5S/O,GWC-18MOO5S/I / GWC-18MOO5S/O,Non-Inverter,1571.1,22973.2,4.55,4,1084.68,1567040.09,038/LSP/QI/06.1-X/2022,2022-10-31,2026-10-30,926,PT Qualis Indonesia,True,0,0,0,0,0,0,0,14.622366494812551,2.5 PK,4.55,1444.7026680680017,10.072366494812552,Aktif,3,Besar-Kurang Efisien
Gree,GWC-24MOO5S/I / GWC-24MOO5S/O,GWC-24MOO5S/I / GWC-24MOO5S/O,Non-Inverter,2111.9,30207.8,4.45,4,1458.05,2106441.95,038/LSP/QI/06.1-X/2022,2022-10-31,2026-10-30,927,PT Qualis Indonesia,True,0,1,0,0,0,0,0,14.303612860457408,3+ PK,4.45,1444.6980213298586,9.853612860457408,Aktif,3,Besar-Kurang Efisien
Gree,GWC-05C3ES/I / GWC-05C3ES/O,GWC-05C3ES/I / GWC-05C3ES/O,Non-Inverter,375.9,5616.7,4.65,4,259.52,374928.54,038/LSP/QI/06.1-X/2022,2022-10-31,2026-10-30,928,PT Qualis Indonesia,True,0,0,0,0,0,0,0,14.942005852620378,1 PK,4.65,1444.6999845869298,10.292005852620376,Aktif,0,Sedang-Kurang Efisien
Gree,GWC-07C3ES/I / GWC-07C3ES/O,GWC-07C3ES/I / GWC-07C3ES/O,Non-Inverter,549.7,7000.2,3.96,3,379.51,548279.54,038/LSP/QI/06.1-X/2022,2022-10-31,2026-10-30,929,PT Qualis Indonesia,True,0,0,0,0,0,0,0,12.734582499545205,1 PK,3.96,1444.70380227135,8.774582499545204,Aktif,0,Sedang-Kurang Efisien
Gree,GWC-09C3ES/I / GWC-09C3ES/O,GWC-09C3ES/I / GWC-09C3ES/O,Non-Inverter,759.3,10300.0,4.23,4,524.49,757736.48,038/LSP/QI/06.1-X/2022,2022-10-31,2026-10-30,930,PT Qualis Indonesia,True,0,0,0,0,0,0,0,13.565125773738972,1.5 PK,4.23,1444.711014509333,9.335125773738971,Aktif,0,Sedang-Kurang Efisien
Gree,GWC-12C3ES/I / GWC-12C3ES/O,GWC-12C3ES/I / GWC-12C3ES/O,Non-Inverter,1087.8,14098.6,4.03,3,751.01,1084988.48,038/LSP/QI/06.1-X/2022,2022-10-31,2026-10-30,931,PT Qualis Indonesia,True,0,0,0,0,0,0,0,12.960654532083105,1.5 PK,4.03,1444.7057695636545,8.930654532083103,Aktif,0,Sedang-Kurang Efisien
Gree,GWC-18C3ES/I / GWC-18C3ES/O,GWC-18C3ES/I / GWC-18C3ES/O,Non-Inverter,1595.2,22608.1,4.41,4,1101.32,1591077.0,038/LSP/QI/06.1-X/2022,2022-10-31,2026-10-30,932,PT Qualis Indonesia,True,0,0,0,0,0,0,0,14.172580240722166,2.5 PK,4.41,1444.6999963679948,9.762580240722166,Aktif,3,Besar-Kurang Efisien
Gree,GWC-24C3ES/I / GWC-24C3ES/O,GWC-24C3ES/I / GWC-24C3ES/O,Non-Inverter,2117.2,31649.7,4.65,4,1461.71,2111728.1,038/LSP/QI/06.1-X/2022,2022-10-31,2026-10-30,933,PT Qualis Indonesia,True,0,1,0,0,0,0,0,14.948847534479505,3+ PK,4.65,1444.697032927188,10.298847534479505,Aktif,3,Besar-Kurang Efisien
CANDY,"CWP05EA03TF / CWP05EA03TC, CWP05EB03TF / CWP05EB03TC","CWP05EA03TF / CWP05EA03TC, CWP05EB03TF / CWP05EB03TC",Non-Inverter,446.2,4970.0,3.47,2,308.06,445047.06,045/LSP/QI/06.1-XI/2022,,,934,PT Qualis Indonesia,False,0,0,0,0,0,0,0,11.138502913491708,0.5 PK,3.47,1444.676556514965,7.668502913491707,Tidak Ada Data,0,Sedang-Kurang Efisien
LG,H05TN4 NCAX3 / H05TN4 UCAX3,H05TN4 NCAX3 / H05TN4 UCAX3,Non-Inverter,382.2,5000.0,4.02,3,1116.02,1612319.87,824 220345,,,935,PT TUV Rheinland Indonesia,True,0,0,0,0,0,0,0,13.082155939298795,0.5 PK,4.02,1444.7051755344887,9.062155939298798,Tidak Ada Data,0,Sedang-Kurang Efisien
LG,H12TN4 NCAX / H12TN4 UCAX,H12TN4 NCAX / H12TN4 UCAX,Non-Inverter,1051.3,11300.0,3.47,2,3069.8,4434934.28,824 220345,,,936,PT TUV Rheinland Indonesia,True,0,0,0,0,0,0,0,10.748596975173594,1.5 PK,3.47,1444.698117141182,7.278596975173594,Tidak Ada Data,0,Sedang-Kurang Efisien
LG,H18TN4 NCAX / H18TN4 UCAX,H18TN4 NCAX / H18TN4 UCAX,Non-Inverter,1616.1,17000.0,3.25,1,4719.01,6817556.64,824 220345,,,937,PT TUV Rheinland Indonesia,True,0,0,0,0,0,0,0,10.5191510426335,2 PK,3.25,1444.700613052314,7.269151042633501,Tidak Ada Data,3,Besar-Kurang Efisien
CHiQ,05QB,05QB,Non-Inverter,427.6,5502.4,4.0,3,295.21,426495.67,003/LSP/QI/06.1-III/2022,,,938,PT Qualis Indonesia,True,0,0,0,0,0,0,0,12.868101028999064,1 PK,4.0,1444.719589444802,8.868101028999064,Tidak Ada Data,0,Sedang-Kurang Efisien
CHiQ,09QB,09QB,Non-Inverter,804.7,9210.6,3.56,2,555.56,802620.42,003/LSP/QI/06.1-III/2022,,,939,PT Qualis Indonesia,True,0,0,0,0,0,0,0,11.446004722256742,1 PK,3.56,1444.705198358413,7.886004722256741,Tidak Ada Data,0,Sedang-Kurang Efisien
Panasonic,CS-ZN5WKP / CU-ZN5WKP,CS-ZN5WKP / CU-ZN5WKP,Non-Inverter,340.3,5000.0,4.05,3,993.68,1435563.72,824 220280,,,940,PT TUV Rheinland Indonesia,True,0,0,0,0,0,0,0,14.692918013517485,0.5 PK,4.05,1444.6941872635057,10.642918013517484,Tidak Ada Data,0,Sedang-Kurang Efisien
Panasonic,CS-ZN9WKP / CU-ZN9WKP,CS-ZN9WKP / CU-ZN9WKP,Non-Inverter,757.8,9000.0,3.69,2,2212.78,3196797.49,824 220280,,,941,PT TUV Rheinland Indonesia,True,0,0,0,0,0,0,0,11.876484560570072,1 PK,3.69,1444.697389708873,8.186484560570072,Tidak Ada Data,0,Sedang-Kurang Efisien
Samsung,AR18BGHQASINSE / AR18BGHQASIXSE,AR18BGHQASINSE / AR18BGHQASIXSE,Non-Inverter,1601.4,17500.0,3.52,2,4676.09,6755544.33,824 220332,,,942,PT TUV Rheinland Indonesia,True,0,0,0,0,0,0,0,10.927938054202572,2 PK,3.52,1444.6993813207189,7.407938054202573,Tidak Ada Data,3,Besar-Kurang Efisien
Samsung,AR12BGHQASINSE / AR12BGHQASIXSE,AR12BGHQASINSE / AR12BGHQASIXSE,Non-Inverter,1023.1,11500.0,3.49,2,2987.45,4315971.9,824 220332,,,943,PT TUV Rheinland Indonesia,True,0,0,0,0,0,0,0,11.240347962076044,1.5 PK,3.49,1444.7009657065391,7.750347962076043,Tidak Ada Data,0,Sedang-Kurang Efisien
Sansui,L 05 S2 / LO 05 S2,L 05 S2 / LO 05 S2,Non-Inverter,416.2,4.92,3.68,2,1215.3,1755749.69,6915.1041/23.120/IX/2022,,,944,Balai Besar Standardisasi dan Pelayanan Jasa Industri Bahan dan Barang Teknik (BBSPJIBBT),True,0,0,0,0,0,0,0,0.0118212397885631,0.5 PK,3.68,1444.7047560273184,3.668178760211437,Tidak Ada Data,0,Sedang-Kurang Efisien
Sansui,L 09 S2/ LO 09 S2,L 09 S2/ LO 09 S2,Non-Inverter,790.6,8.26,3.25,1,2308.55,3335162.19,6915.1041/23.120/IX/2022,,,945,Balai Besar Standardisasi dan Pelayanan Jasa Industri Bahan dan Barang Teknik (BBSPJIBBT),True,0,0,0,0,0,0,0,0.0104477611940298,0.5 PK,3.25,1444.7000021658616,3.2395522388059703,Tidak Ada Data,0,Sedang-Kurang Efisien
Sansui,L 12 S2/ LO 12 S2,L 12 S2/ LO 12 S2,Non-Inverter,1036.7,10.57,3.17,1,3027.16,4373343.83,6915.1041/23.120/IX/2022,,,946,Balai Besar Standardisasi dan Pelayanan Jasa Industri Bahan dan Barang Teknik (BBSPJIBBT),True,0,0,0,0,0,0,0,0.0101958136394328,0.5 PK,3.17,1444.701908719724,3.1598041863605673,Tidak Ada Data,0,Sedang-Kurang Efisien
Sansui,L 18 S2 / LO 18 S2,L 18 S2 / LO 18 S2,Non-Inverter,1522.8,15936.1,3.26,1,4446.58,6423968.35,6915.1041/23.120/IX/2022 ,,,947,Balai Besar Standardisasi dan Pelayanan Jasa Industri Bahan dan Barang Teknik (BBSPJIBBT),True,0,0,0,0,0,0,0,10.464998686629892,2 PK,3.26,1444.6987010241578,7.204998686629892,Tidak Ada Data,3,Besar-Kurang Efisien
Mitsubishi Heavy Industries,SRK05CXP2-W3/ SRC05CXP2-W3,SRK05CXP2-W3/ SRC05CXP2-W3,Non-Inverter,334.9,4480.4,4.16,3,977.91,1412783.69,6938.1048/23.120/IX/2022 ,,,948,Balai Besar Standardisasi dan Pelayanan Jasa Industri Bahan dan Barang Teknik (BBSPJIBBT),True,0,0,0,0,0,0,0,13.378321887130486,0.5 PK,4.16,1444.6970477855834,9.218321887130486,Tidak Ada Data,0,Sedang-Kurang Efisien
Mitsubishi Heavy Industries,SRK09CXP2-W3/ SRC09CXP2-W3,SRK09CXP2-W3/ SRC09CXP2-W3,Non-Inverter,775.8,9646.5,3.87,3,2265.34,3272730.92,6938.1048/23.120/IX/2022 ,,,949,Balai Besar Standardisasi dan Pelayanan Jasa Industri Bahan dan Barang Teknik (BBSPJIBBT),True,0,0,0,0,0,0,0,12.434261407579276,1 PK,3.87,1444.6974493894954,8.564261407579274,Tidak Ada Data,0,Sedang-Kurang Efisien
Mitsubishi Heavy Industries,MITSUBISHI HEAVY INDUSTRIES,MITSUBISHI HEAVY INDUSTRIES,Non-Inverter,996.5,9982.2,3.12,1,2909.78,4203759.17,6938.1048/23.120/IX/2022,,,950,Balai Besar Standardisasi dan Pelayanan Jasa Industri Bahan dan Barang Teknik (BBSPJIBBT),False,0,0,0,0,0,0,0,10.01726041144004,1.5 PK,3.12,1444.7000013746742,6.897260411440041,Tidak Ada Data,0,Sedang-Kurang Efisien
Mitsubishi Heavy Industries,SRK18CXP2-W3/ SRC18CXP2-W3,SRK18CXP2-W3/ SRC18CXP2-W3,Non-Inverter,1596.6,17113.8,3.34,1,4662.07,6735295.42,6938.1048/23.120/IX/2022 ,,,951,Balai Besar Standardisasi dan Pelayanan Jasa Industri Bahan dan Barang Teknik (BBSPJIBBT),True,0,0,0,0,0,0,0,10.71890266816986,2 PK,3.34,1444.7006201108093,7.378902668169861,Tidak Ada Data,3,Besar-Kurang Efisien
Mitsubishi Heavy Industries,SRK24CXP2-W3/ SRC24CXP2-W3,SRK24CXP2-W3/ SRC24CXP2-W3,Non-Inverter,2019.1,25092.6,3.87,3,5895.77,8517621.81,6938.1048/23.120/IX/2022 ,,,952,Balai Besar Standardisasi dan Pelayanan Jasa Industri Bahan dan Barang Teknik (BBSPJIBBT),True,0,0,0,0,0,0,0,12.42761626467238,3+ PK,3.87,1444.7004903515572,8.55761626467238,Tidak Ada Data,3,Besar-Kurang Efisien
TECO,LS05FCID1 / LT05FCID1,LS05FCID1 / LT05FCID1,Non-Inverter,454.8,4959.8,3.39,1,313.99,453624.24,003/LSP/QI/06.1-I/2023,,,953,PT Qualis Indonesia,True,0,0,0,0,0,0,0,10.905452946350044,0.5 PK,3.39,1444.7091945603363,7.5154529463500435,Tidak Ada Data,0,Sedang-Kurang Efisien
TECO,LS18FCID1 / LT18FCDI1,LS18FCID1 / LT18FCDI1,Non-Inverter,1615.1,17053.3,3.29,1,1115.06,1610925.74,003/LSP/QI/06.1-I/2023,,,954,PT Qualis Indonesia,True,0,0,0,0,0,0,0,10.558665098136338,2 PK,3.29,1444.698706796047,7.268665098136338,Tidak Ada Data,3,Besar-Kurang Efisien
Electrolux,ESM053C,ESM053C1NAE / ESM053C1NAI ; ESM053C2WAE / ESM053C2WAI,Non-Inverter,344.2,5000.0,3.99,3,1005.06,1452015.96,824 230024,2023-01-17,2027-01-16,955,PT TUV Rheinland Indonesia,True,0,0,0,0,0,0,0,14.52643811737362,0.5 PK,3.99,1444.7057489105127,10.53643811737362,Aktif,0,Sedang-Kurang Efisien
Electrolux,ESM093C,ESM093C1NAE / ESM093C1NAI; ESM093C2WAE / ESM093C2WAI,Non-Inverter,734.2,9000.0,3.46,2,2143.86,3097234.54,824 230024,2023-01-17,2027-01-16,956,PT TUV Rheinland Indonesia,True,0,0,0,0,0,0,0,12.258240261509124,1 PK,3.46,1444.6999990671031,8.798240261509125,Aktif,0,Sedang-Kurang Efisien
TCL,TAC-05,TAC-05CSD/ XA TAC-05CSD/ XO,Non-Inverter,362.2,5000.0,4.08,3,1057.62,1527949.39,824 230023,,,957,PT TUV Rheinland Indonesia,True,0,0,0,0,0,0,0,13.804527885146328,0.5 PK,4.08,1444.7054613188102,9.724527885146328,Tidak Ada Data,0,Sedang-Kurang Efisien
TCL,TAC-05,TAC-05CSD/ XS TAC-05CSD/ XO,Non-Inverter,451.4,5000.0,3.45,2,1318.09,1904241.73,824 230023,,,958,PT TUV Rheinland Indonesia,True,0,0,0,0,0,0,0,11.076650420912715,0.5 PK,3.45,1444.6978051574629,7.626650420912717,Tidak Ada Data,0,Sedang-Kurang Efisien
TCL,TAC-09,TAC-09CSD/ XS TAC-09CSD/ XO,Non-Inverter,808.6,9000.0,3.14,1,2361.11,3411098.51,824 230023,,,959,PT TUV Rheinland Indonesia,True,0,0,0,0,0,0,0,11.13034875092753,1 PK,3.14,1444.7012252711647,7.990348750927529,Tidak Ada Data,0,Sedang-Kurang Efisien
TCL,TAC-12,TAC-12CSD/ XS TAC-12CSD/ XO,Non-Inverter,1060.1,12000.0,3.14,1,3095.49,4472057.29,824 230023,,,960,PT TUV Rheinland Indonesia,True,0,0,0,0,0,0,0,11.319686821997928,1.5 PK,3.14,1444.700932647174,8.179686821997926,Tidak Ada Data,0,Sedang-Kurang Efisien
TCL,TAC-18,TAC-18CSD/ XS TAC-18CSD/ XO,Non-Inverter,1540.7,18000.0,3.16,1,4498.84,6499479.93,824 230023,,,961,PT TUV Rheinland Indonesia,True,0,0,0,0,0,0,0,11.683001233205683,2 PK,3.16,1444.70128522019,8.523001233205685,Tidak Ada Data,3,Besar-Kurang Efisien
Polytron,EAW0128G,PAC 05VHI; PAC 05VH,Non-Inverter,402.0,4734.0,3.66,2,1173.84,1695846.65,	01/06.06.06/22/LSPro/II/2022,,,962,,False,0,0,0,0,0,0,0,11.776119402985074,0.5 PK,3.66,1444.7000017038097,8.116119402985074,Tidak Ada Data,0,Sedang-Kurang Efisien
CANDY,"CWP09EA03TF / CWP09EA03TC, CWP09EB03TF / CWP09EB03TC","CWP09EA03TF / CWP09EA03TC, CWP09EB03TF / CWP09EB03TC",Non-Inverter,865.0,7946.8,3.17,1,596.92,862365.99,007/LSP/QI/06.1-I/2023,,,963,PT Qualis Indonesia,False,0,0,0,0,0,0,0,9.187052023121389,1 PK,3.17,1444.692739395564,6.017052023121387,Tidak Ada Data,0,Sedang-Kurang Efisien
LG,H05TN4 NCAX2 / H05TN4 UCAX2,H05TN4 NCAX2 / H05TN4 UCAX2,Non-Inverter,382.9,5000.0,4.18,3,1118.07,1615272.84,824 230058,,,964,PT TUV Rheinland Indonesia,True,0,0,0,0,0,0,0,13.058239749281798,0.5 PK,4.18,1444.697416083072,8.878239749281798,Tidak Ada Data,0,Sedang-Kurang Efisien
LG,H09TN4 NCAX2 / H09TN4 UCAX2,H09TN4 NCAX2 / H09TN4 UCAX2,Non-Inverter,791.9,8530.0,3.45,2,2312.35,3340649.16,824 230058,,,965,PT TUV Rheinland Indonesia,True,0,0,0,0,0,0,0,10.771562065917417,1 PK,3.45,1444.698752351504,7.321562065917415,Tidak Ada Data,0,Sedang-Kurang Efisien
Sharp,AH-A5BEY / AU-A5BEY; AH-A5BBY / AU-A5BBY; AH-AP5BMY / AU-A5BMY; AH-A5BEY2 / AU-A5BEY2; AH-A5BBY2 / AU-A5BBY2; AH-AP5BMY2 / AU-A5BMY2; AH-A5DEY / AU-A5DEY; AH-A5DHY / AU-A5DHY6,AH-A5BEY / AU-A5BEY; AH-A5BBY / AU-A5BBY; AH-AP5BMY / AU-A5BMY; AH-A5BEY2 / AU-A5BEY2; AH-A5BBY2 / AU-A5BBY2; AH-AP5BMY2 / AU-A5BMY2; AH-A5DEY / AU-A5DEY; AH-A5DHY / AU-A5DHY,Non-Inverter,398.2,5309.8,4.15,3,274.92,397171.15,011/LSP/QI/06.1-II/2023,2023-02-22,2027-02-21,966,PT Qualis Indonesia,True,0,0,0,0,0,0,0,13.334505273731796,0.5 PK,4.15,1444.678997526553,9.184505273731794,Aktif,0,Sedang-Kurang Efisien
Sharp,AH-A7BEY / AU-A7BEY; AH-A7BBY / AU-A7BBY; AH-AP7BMY / AU-A7BMY,AH-A7BEY / AU-A7BEY; AH-A7BBY / AU-A7BBY; AH-AP7BMY / AU-A7BMY,Non-Inverter,644.6,7523.3,3.63,2,445.03,642934.84,011/LSP/QI/06.1-II/2023,2023-02-22,2027-02-21,967,PT Qualis Indonesia,True,0,0,0,0,0,0,0,11.671269004033508,1 PK,3.63,1444.6999977529606,8.04126900403351,Aktif,0,Sedang-Kurang Efisien
Sharp,AH-A9BEY / AU-A9BEY; AH-A9BBY / AU-A9BBY; AH-AP9BMY / AU-A9BMY; AH-A9BEY2 / AU-A9BEY2; AH-A9BBY2 / AU-A9BBY2; AH-AP9BMY2 / AU-A9BMY2; AH-A9BEYT / AU-A9BEY2; AH-AP9BMYT / AU-A9BMY2; AH-A9DEY / AU-A9DEY; AH-A9DHY / AU-A9DHY,AH-A9BEY / AU-A9BEY; AH-A9BBY / AU-A9BBY; AH-AP9BMY / AU-A9BMY; AH-A9BEY2 / AU-A9BEY2; AH-A9BBY2 / AU-A9BBY2; AH-AP9BMY2 / AU-A9BMY2; AH-A9BEYT / AU-A9BEY2; AH-AP9BMYT / AU-A9BMY2; AH-A9DEY / AU-A9DEY; AH-A9DHY / AU-A9DHY,Non-Inverter,818.0,9339.4,3.55,2,564.74,815885.66,011/LSP/QI/06.1-II/2023,2023-02-22,2027-02-21,968,PT Qualis Indonesia,True,0,0,0,0,0,0,0,11.417359413202934,1 PK,3.55,1444.710238339767,7.8673594132029345,Aktif,0,Sedang-Kurang Efisien
AQUA,AQA-KR19AHQ / AQA-CR19AHQ; AQA-KR19AHQ1 / AQA-CR19AHQ1,AQA-KR19AHQ / AQA-CR19AHQ; AQA-KR19AHQ1 / AQA-CR19AHQ1,Non-Inverter,1859.3,20203.6,3.38,1,1283.65,1854494.93,012/LSP/QI/06.1-III/2023,,,969,PT Qualis Indonesia,False,0,0,0,0,0,0,0,10.86623998278922,2.5 PK,3.38,1444.7044988898842,7.486239982789221,Tidak Ada Data,3,Besar-Kurang Efisien
TCL,TAC-07CSD,Indoor: TAC-07CSD/XA Outdoor: TAC-07CSD/XO,Non-Inverter,660.6,7000.0,3.37,1,1928.95,2786756.95,824 220272,,,970,PT TUV Rheinland Indonesia,False,0,0,0,0,0,0,0,10.59642749016046,1 PK,3.37,1444.701495632339,7.22642749016046,Tidak Ada Data,0,Sedang-Kurang Efisien
BESTLIFE,BAC 05 CX; BAC 05 CX3; BAC 05 FX; BAC 05 FX3; AUX-05CX; AUX-05QAR3; AUX-05QBR3; AUX-05QCR3; AUX-05QDR3; AUX-05QER3; AUX-05QFR3; BEST-05CX; BEST-05CX3; BEST-05FX; BEST-05FX3; BEST-05QAR3; BEST-05QBR3; BEST-05QCR3; BEST-05QDR3; BEST-05QER3; BEST-05QFR3,BAC 05 CX; BAC 05 CX3; BAC 05 FX; BAC 05 FX3; AUX-05CX; AUX-05QAR3; AUX-05QBR3; AUX-05QCR3; AUX-05QDR3; AUX-05QER3; AUX-05QFR3; BEST-05CX; BEST-05CX3; BEST-05FX; BEST-05FX3; BEST-05QAR3; BEST-05QBR3; BEST-05QCR3; BEST-05QDR3; BEST-05QER3; BEST-05QFR3,Non-Inverter,510.8,6403.3,3.9,3,352.65,509479.23,013/LSP/QI/06.1-III/2023,2023-03-30,2027-03-29,971,PT Qualis Indonesia,True,0,0,0,0,0,0,0,12.5358261550509,1 PK,3.9,1444.7163760102085,8.6358261550509,Aktif,0,Sedang-Kurang Efisien
BESTLIFE,BAC 09 CX; BAC 09 CX3; BAC 09 FX; BAC 09 FX3; AUX-09CX; AUX-09QAR3; AUX-09QBR3; AUX-09QCR3; AUX-09QDR3; AUX-09QER3; AUX-09QFR3; BEST-09CX; BEST-09CX3; BEST-09FX; BEST-09FX3; BEST-09QAR3; BEST-09QBR3; BEST-09QCR3; BEST-09QDR3; BEST-09QER3; BEST-09QFR3,BAC 09 CX; BAC 09 CX3; BAC 09 FX; BAC 09 FX3; AUX-09CX; AUX-09QAR3; AUX-09QBR3; AUX-09QCR3; AUX-09QDR3; AUX-09QER3; AUX-09QFR3; BEST-09CX; BEST-09CX3; BEST-09FX; BEST-09FX3; BEST-09QAR3; BEST-09QBR3; BEST-09QCR3; BEST-09QDR3; BEST-09QER3; BEST-09QFR3,Non-Inverter,854.6,9245.3,3.37,1,590.01,852391.78,013/LSP/QI/06.1-III/2023,2023-03-30,2027-03-29,972,PT Qualis Indonesia,True,0,0,0,0,0,0,0,10.818277556751696,1 PK,3.37,1444.7073439433232,7.448277556751696,Aktif,0,Sedang-Kurang Efisien
BESTLIFE,BAC 12 CX; BAC 12 CX3; BAC 12 FX; BAC 12 FX3; AUX-12CX; AUX-12QAR3; AUX-12QBR3; AUX-12QCR3; AUX-12QDR3; AUX-12QER3; AUX-12QFR3; BEST-12CX; BEST-12CX3; BEST-12FX; BEST-12FX3; BEST-12QAR3; BEST-12QBR3; BEST-12QCR3; BEST-12QDR3; BEST-12QER3; BEST-12QFR3,BAC 12 CX; BAC 12 CX3; BAC 12 FX; BAC 12 FX3; AUX-12CX; AUX-12QAR3; AUX-12QBR3; AUX-12QCR3; AUX-12QDR3; AUX-12QER3; AUX-12QFR3; BEST-12CX; BEST-12CX3; BEST-12FX; BEST-12FX3; BEST-12QAR3; BEST-12QBR3; BEST-12QCR3; BEST-12QDR3; BEST-12QER3; BEST-12QFR3,Non-Inverter,1087.0,11059.8,3.17,1,750.46,1084191.01,013/LSP/QI/06.1-III/2023,2023-03-30,2027-03-29,973,PT Qualis Indonesia,True,0,0,0,0,0,0,0,10.174609015639374,1.5 PK,3.17,1444.7019294832503,7.0046090156393745,Aktif,0,Sedang-Kurang Efisien
BESTLIFE,BAC 18 CX; BAC 18 CX3; BAC 18 FX; BAC 18 FX3; AUX-18CX; AUX-18QAR3; AUX-18QBR3; AUX-18QCR3; AUX-18QDR3; AUX-18QER3; AUX-18QFR3; BEST-18CX; BEST-18CX3; BEST-18FX; BEST-18FX3; BEST-18QAR3; BEST-18QBR3; BEST-18QCR3; BEST-18QDR3; BEST-18QER3; BEST-18QFR3,BAC 18 CX; BAC 18 CX3; BAC 18 FX; BAC 18 FX3; AUX-18CX; AUX-18QAR3; AUX-18QBR3; AUX-18QCR3; AUX-18QDR3; AUX-18QER3; AUX-18QFR3; BEST-18CX; BEST-18CX3; BEST-18FX; BEST-18FX3; BEST-18QAR3; BEST-18QBR3; BEST-18QCR3; BEST-18QDR3; BEST-18QER3; BEST-18QFR3,Non-Inverter,1650.0,17540.3,3.31,1,1139.15,1645735.78,013/LSP/QI/06.1-III/2023,2023-03-30,2027-03-29,974,PT Qualis Indonesia,True,0,0,0,0,0,0,0,10.630484848484848,2 PK,3.31,1444.7050695694156,7.320484848484847,Aktif,3,Besar-Kurang Efisien
Gree,GWC-05MOO5A,GWC-05MOO5A,Non-Inverter,355.2,5004.1,4.32,4,245.64,354880.44,015/LSP/QI/06.1-III/2023,,,975,PT Qualis Indonesia,True,0,0,0,0,0,0,0,14.088119369369371,0.5 PK,4.32,1444.7176355642405,9.768119369369373,Tidak Ada Data,0,Sedang-Kurang Efisien
Gree,GWC-07MOO5A,GWC-07MOO5A,Non-Inverter,531.2,6651.7,3.9,3,366.74,529827.83,015/LSP/QI/06.1-III/2023,,,976,PT Qualis Indonesia,True,0,0,0,0,0,0,0,12.522025602409638,1 PK,3.9,1444.696051698751,8.622025602409638,Tidak Ada Data,0,Sedang-Kurang Efisien
Gree,GWC-09MOO5A,GWC-09MOO5A,Non-Inverter,776.3,8683.5,3.48,2,535.96,774294.19,015/LSP/QI/06.1-III/2023,,,977,PT Qualis Indonesia,True,0,0,0,0,0,0,0,11.18575293056808,1 PK,3.48,1444.6865251138142,7.70575293056808,Tidak Ada Data,0,Sedang-Kurang Efisien
Gree,GWC-12MOO5A,GWC-12MOO5A,Non-Inverter,1013.3,16893.3,3.55,2,699.58,1010681.78,015/LSP/QI/06.1-III/2023,,,978,PT Qualis Indonesia,True,0,0,0,0,0,0,0,16.671568143688937,2 PK,3.55,1444.6979330455415,13.121568143688936,Tidak Ada Data,3,Besar-Kurang Efisien
Gree,GWC-18MOO5A,GWC-18MOO5A,Non-Inverter,1515.5,16893.3,3.47,2,1046.3,1511583.83,015/LSP/QI/06.1-III/2023,,,979,PT Qualis Indonesia,True,0,0,0,0,0,0,0,11.14701418673705,2 PK,3.47,1444.6944757717672,7.677014186737049,Tidak Ada Data,3,Besar-Kurang Efisien
LG,H05TN4 NCAX3 / H05TN4 UCAX3,H05TN4 NCAX3 / H05TN4 UCAX3,Non-Inverter,381.0,5000.0,4.06,3,1112.52,1607257.64,824 220346,,,980,PT TUV Rheinland Indonesia,True,0,0,0,0,0,0,0,13.123359580052494,0.5 PK,4.06,1444.699996404559,9.063359580052497,Tidak Ada Data,0,Sedang-Kurang Efisien
LG,H12TN4 NCAX / H12TN4 UCAX,H12TN4 NCAX / H12TN4 UCAX,Non-Inverter,1088.4,11300.0,3.32,1,3178.13,4591441.52,824 220346,,,981,PT TUV Rheinland Indonesia,True,0,0,0,0,0,0,0,10.382212421903713,1.5 PK,3.32,1444.6990903455803,7.062212421903711,Tidak Ada Data,0,Sedang-Kurang Efisien
LG,H18TN4 NCAX / H18TN4 UCAX,H18TN4 NCAX / H18TN4 UCAX,Non-Inverter,1556.5,17000.0,3.27,1,4544.98,6566132.61,824 220346,,,982,PT TUV Rheinland Indonesia,True,0,0,0,0,0,0,0,10.92194025056216,2 PK,3.27,1444.700000880092,7.651940250562159,Tidak Ada Data,3,Besar-Kurang Efisien
Changhong,CSC-05RDX4; CSC-05LW4,CSC-05RDX4; CSC-05LW4,Non-Inverter,393.2,4667.7,3.69,2,271.46,392184.04,018/LSP/QI/06.1-IV/2023,,,983,PT Qualis Indonesia,True,0,0,0,0,0,0,0,11.871057985757885,0.5 PK,3.69,1444.7212849038533,8.181057985757885,Tidak Ada Data,0,Sedang-Kurang Efisien
Changhong,CSC-09RDX4; CSC-09LW4,CSC-09RDX4; CSC-09LW4,Non-Inverter,715.3,9137.2,3.98,3,493.84,713452.09,018/LSP/QI/06.1-IV/2023,,,984,PT Qualis Indonesia,True,0,0,0,0,0,0,0,12.773941003774642,1 PK,3.98,1444.7029199740807,8.793941003774641,Tidak Ada Data,0,Sedang-Kurang Efisien
LG,H07TN4 NCAX3 /  H07TN4 UCAX3,H07TN4 NCAX3 /  H07TN4 UCAX3,Non-Inverter,662.5,7000.0,3.35,1,1934.5,2794772.15,824 230062,,,985,PT TUV Rheinland Indonesia,False,0,0,0,0,0,0,0,10.566037735849056,1 PK,3.35,1444.7,7.216037735849056,Tidak Ada Data,0,Sedang-Kurang Efisien
CHiQ,"05QB2, 05QBS","05QB2, 05QBS",Non-Inverter,458.4,5000.0,3.24,1,316.48,457215.77,022/LSP/QI/06.1-V/2023,,,986,PT Qualis Indonesia,True,0,0,0,0,0,0,0,10.907504363001744,0.5 PK,3.24,1444.6908809403435,7.667504363001745,Tidak Ada Data,0,Sedang-Kurang Efisien
CHiQ,"09QB2, 09QBS","09QB2, 09QBS",Non-Inverter,913.7,9000.0,3.14,1,630.82,911338.43,022/LSP/QI/06.1-V/2023,,,987,PT Qualis Indonesia,True,0,0,0,0,0,0,0,9.8500601948123,1 PK,3.14,1444.6885482388002,6.7100601948123,Tidak Ada Data,0,Sedang-Kurang Efisien
AUX,BEST-05A4/FFR3; AUX-05A4/FER3; AUX-05A4/FFR3; BEST-05A4/FER3; AUX-05A4/FTR3; AUX-05A4/FDR3; BEST-05A4/FTR3; BEST-05A4/FDR3,BEST-05A4/FFR3; AUX-05A4/FER3; AUX-05A4/FFR3; BEST-05A4/FER3; AUX-05A4/FTR3; AUX-05A4/FDR3; BEST-05A4/FTR3; BEST-05A4/FDR3,Non-Inverter,369.7,4090.0,3.27,1,255.24,368745.23,023/LSP/QI/06.1-V/2023,,,988,PT Qualis Indonesia,True,0,0,0,0,0,0,0,11.063024073573168,0.5 PK,3.27,1444.7000078357623,7.793024073573168,Tidak Ada Data,0,Sedang-Kurang Efisien
AQUA,AQA-KR5ANQ / AQA-CR5ANQ ; AQA-KR5ANQ1 / AQA-CR5ANQ1,AQA-KR5ANQ / AQA-CR5ANQ ; AQA-KR5ANQ1 / AQA-CR5ANQ1,Non-Inverter,397.2,5000.0,3.66,2,1159.82,1675597.73,824 230172,,,989,PT TUV Rheinland Indonesia,False,0,0,0,0,0,0,0,12.58811681772407,0.5 PK,3.66,1444.7049800831164,8.928116817724069,Tidak Ada Data,0,Sedang-Kurang Efisien
AUX,BEST-05A4/QDR3; AUX-05A4/QGR3; AUX-05A4/QHR3; AUX-05A4/QJR3; AUX-05A4/QKR3; AUX-05A4/QDR3; BEST-05A4/QGR3; BEST-05A4/QHR3; BEST-05A4/QJR3; BEST-05A4/QKR3,BEST-05A4/QDR3; AUX-05A4/QGR3; AUX-05A4/QHR3; AUX-05A4/QJR3; AUX-05A4/QKR3; AUX-05A4/QDR3; BEST-05A4/QGR3; BEST-05A4/QHR3; BEST-05A4/QJR3; BEST-05A4/QKR3,Non-Inverter,517.9,5100.0,3.21,1,357.56,516561.15,023/LSP/QI/06.1-V/2023,,,990,PT Qualis Indonesia,True,0,0,0,0,0,0,0,9.847460899787604,0.5 PK,3.21,1444.6838292873924,6.637460899787604,Tidak Ada Data,0,Sedang-Kurang Efisien
AUX,BEST-05A4/FAR3; AUX-05A4/FHR3; AUX-05A4/FIR3; AUX-05A4/FWR3; AUX-05A4/FZR3; AUX-05A4/FAR3; BEST-05A4/FHR3; BEST-05A4/FIR3; BEST-05A4/FWR3; BEST-05A4/FZR3,BEST-05A4/FAR3; AUX-05A4/FHR3; AUX-05A4/FIR3; AUX-05A4/FWR3; AUX-05A4/FZR3; AUX-05A4/FAR3; BEST-05A4/FHR3; BEST-05A4/FIR3; BEST-05A4/FWR3; BEST-05A4/FZR3,Non-Inverter,524.9,5450.0,3.15,1,544.59,786761.95,023/LSP/QI/06.1-V/2023,,,991,PT Qualis Indonesia,True,0,0,0,0,0,0,0,10.382930081920366,1 PK,3.15,1444.686736811179,7.232930081920365,Tidak Ada Data,0,Sedang-Kurang Efisien
AUX,BEST-05A4/QCR3; AUX-05A4/QAR3; AUX-05A4/QER3; AUX-05A4/QFR3; AUX-05A4/QBR3; AUX-05A4/QLR3; AUX-05A4/QMR3; AUX-05A4/QCR3; BEST-05A4/QAR3; BEST-05A4/QER3; BEST-05A4/QFR3; BEST-05A4/QBR3; BEST-05A4/QLR3; BEST-05A4/QMR3,BEST-05A4/QCR3; AUX-05A4/QAR3; AUX-05A4/QER3; AUX-05A4/QFR3; AUX-05A4/QBR3; AUX-05A4/QLR3; AUX-05A4/QMR3; AUX-05A4/QCR3; BEST-05A4/QAR3; BEST-05A4/QER3; BEST-05A4/QFR3; BEST-05A4/QBR3; BEST-05A4/QLR3; BEST-05A4/QMR3,Non-Inverter,520.1,5450.0,3.23,1,359.08,518755.65,023/LSP/QI/06.1-V/2023,,,992,PT Qualis Indonesia,True,0,0,0,0,0,0,0,10.47875408575274,1 PK,3.23,1444.679876350674,7.248754085752738,Tidak Ada Data,0,Sedang-Kurang Efisien
AUX,BEST-09A4/FFR3; AUX-09A4/FER3; AUX-09A4/FFR3; BEST-09A4/FER3; AUX-09A4/FTR3; AUX-09A4/FDR3; BEST-09A4/FTR3; BEST-09A4/FDR3,BEST-09A4/FFR3; AUX-09A4/FER3; AUX-09A4/FFR3; BEST-09A4/FER3; AUX-09A4/FTR3; AUX-09A4/FDR3; BEST-09A4/FTR3; BEST-09A4/FDR3,Non-Inverter,783.5,9550.0,3.69,2,540.93,781475.79,023/LSP/QI/06.1-V/2023,,,993,PT Qualis Indonesia,True,0,0,0,0,0,0,0,12.188895979578811,1 PK,3.69,1444.6893128500917,8.498895979578814,Tidak Ada Data,0,Sedang-Kurang Efisien
AUX,BEST-09A4/QDR3; AUX-09A4/QGR3; AUX-09A4/QHR3; AUX-09A4/QJR3; AUX-09A4/QKR3; AUX-09A4/QDR3; BEST-09A4/QGR3; BEST-09A4/QHR3; BEST-09A4/QJR3; BEST-09A4/QKR3,BEST-09A4/QDR3; AUX-09A4/QGR3; AUX-09A4/QHR3; AUX-09A4/QJR3; AUX-09A4/QKR3; AUX-09A4/QDR3; BEST-09A4/QGR3; BEST-09A4/QHR3; BEST-09A4/QJR3; BEST-09A4/QKR3,Non-Inverter,788.8,8500.0,3.6,2,544.59,786761.95,023/LSP/QI/06.1-V/2023,,,994,PT Qualis Indonesia,True,0,0,0,0,0,0,0,10.775862068965518,1 PK,3.6,1444.686736811179,7.175862068965518,Tidak Ada Data,0,Sedang-Kurang Efisien
AUX,BEST-09A4/FAR3; AUX-09A4/FHR3; AUX-09A4/FIR3; AUX-09A4/FWR3; AUX-09A4/FZR3; AUX-09A4/FAR3; BEST-09A4/FHR3; BEST-09A4/FIR3; BEST-09A4/FWR3; BEST-09A4/FZR3,BEST-09A4/FAR3; AUX-09A4/FHR3; AUX-09A4/FIR3; AUX-09A4/FWR3; AUX-09A4/FZR3; AUX-09A4/FAR3; BEST-09A4/FHR3; BEST-09A4/FIR3; BEST-09A4/FWR3; BEST-09A4/FZR3,Non-Inverter,875.5,9380.0,3.26,1,604.44,873237.36,023/LSP/QI/06.1-V/2023,,,995,PT Qualis Indonesia,True,0,0,0,0,0,0,0,10.713877784123358,1 PK,3.26,1444.7047845940042,7.4538777841233586,Tidak Ada Data,0,Sedang-Kurang Efisien
AUX,BEST-09A4/QCR3; AUX-09A4/QAR3; AUX-09A4/QER3; AUX-09A4/QFR3; AUX-09A4/QBR3; AUX-09A4/QLR3; AUX-09A4/QMR3; AUX-09A4/QCR3; BEST-09A4/QAR3; BEST-09A4/QER3; BEST-09A4/QFR3; BEST-09A4/QBR3; BEST-09A4/QLR3; BEST-09A4/QMR3,BEST-09A4/QCR3; AUX-09A4/QAR3; AUX-09A4/QER3; AUX-09A4/QFR3; AUX-09A4/QBR3; AUX-09A4/QLR3; AUX-09A4/QMR3; AUX-09A4/QCR3; BEST-09A4/QAR3; BEST-09A4/QER3; BEST-09A4/QFR3; BEST-09A4/QBR3; BEST-09A4/QLR3; BEST-09A4/QMR3,Non-Inverter,855.7,9380.0,3.14,1,590.77,853488.31,023/LSP/QI/06.1-V/2023,,,996,PT Qualis Indonesia,True,0,0,0,0,0,0,0,10.961785672548787,1 PK,3.14,1444.70489361342,7.821785672548788,Tidak Ada Data,0,Sedang-Kurang Efisien
AUX,BEST-12A4/FAR3; AUX-12A4/FHR3; AUX-12A4/FIR3; AUX-12A4/FWR3; AUX-12A4/FZR3; AUX-12A4/FAR3; BEST-12A4/FHR3; BEST-12A4/FIR3; BEST-12A4/FWR3; BEST-12A4/FZR3,BEST-12A4/FAR3; AUX-12A4/FHR3; AUX-12A4/FIR3; AUX-12A4/FWR3; AUX-12A4/FZR3; AUX-12A4/FAR3; BEST-12A4/FHR3; BEST-12A4/FIR3; BEST-12A4/FWR3; BEST-12A4/FZR3,Non-Inverter,1166.8,12600.0,3.23,1,805.56,1163785.31,023/LSP/QI/06.1-V/2023,,,997,PT Qualis Indonesia,True,0,0,0,0,0,0,0,10.79876585533082,1.5 PK,3.23,1444.691034808084,7.568765855330819,Tidak Ada Data,0,Sedang-Kurang Efisien
AUX,BEST-12A4/QCR3; AUX-12A4/QAR3; AUX-12A4/QER3; AUX-12A4/QFR3; AUX-12A4/QBR3; AUX-12A4/QLR3; AUX-12A4/QMR3; AUX-12A4/QDR3; AUX-12A4/QGR3; AUX-12A4/QHR3; AUX-12A4/QJR3; AUX-12A4/QKR3; AUX-12A4/QCR3; BEST-12A4/QAR3; BEST-12A4/QER3; BEST-12A4/QFR3; BEST-12A4/QBR3; BEST-12A4/QLR3; BEST-12A4/QMR3; BEST-12A4/QDR3; BEST-12A4/QGR3; BEST-12A4/QHR3; BEST-12A4/QJR3; BEST-12A4/QKR3,BEST-12A4/QCR3; AUX-12A4/QAR3; AUX-12A4/QER3; AUX-12A4/QFR3; AUX-12A4/QBR3; AUX-12A4/QLR3; AUX-12A4/QMR3; AUX-12A4/QDR3; AUX-12A4/QGR3; AUX-12A4/QHR3; AUX-12A4/QJR3; AUX-12A4/QKR3; AUX-12A4/QCR3; BEST-12A4/QAR3; BEST-12A4/QER3; BEST-12A4/QFR3; BEST-12A4/QBR3; BEST-12A4/QLR3; BEST-12A4/QMR3; BEST-12A4/QDR3; BEST-12A4/QGR3; BEST-12A4/QHR3; BEST-12A4/QJR3; BEST-12A4/QKR3,Non-Inverter,1168.2,12600.0,3.12,1,806.52,1165180.89,023/LSP/QI/06.1-V/2023,,,998,PT Qualis Indonesia,True,0,0,0,0,0,0,0,10.78582434514638,1.5 PK,3.12,1444.701792887963,7.665824345146379,Tidak Ada Data,0,Sedang-Kurang Efisien
AUX,BEST-18A4/FAR3; AUX-18A4/FHR3; AUX-18A4/FIR3; AUX-18A4/FWR3; AUX-18A4/FZR3; AUX-18A4/FAR3; BEST-18A4/FHR3; BEST-18A4/FIR3; BEST-18A4/FWR3; BEST-18A4/FZR3,BEST-18A4/FAR3; AUX-18A4/FHR3; AUX-18A4/FIR3; AUX-18A4/FWR3; AUX-18A4/FZR3; AUX-18A4/FAR3; BEST-18A4/FHR3; BEST-18A4/FIR3; BEST-18A4/FWR3; BEST-18A4/FZR3,Non-Inverter,1705.7,19100.0,3.28,1,1177.61,1701291.72,023/LSP/QI/06.1-V/2023,,,999,PT Qualis Indonesia,True,0,0,0,0,0,0,0,11.197748724863692,2.5 PK,3.28,1444.6987712400542,7.917748724863692,Tidak Ada Data,3,Besar-Kurang Efisien
AUX,BEST-18A4/QCR3; AUX-18A4/QAR3; AUX-18A4/QER3; AUX-18A4/QFR3; AUX-18A4/QBR3; AUX-18A4/QLR3; AUX-18A4/QMR3; AUX-18A4/QDR3; AUX-18A4/QGR3; AUX-18A4/QHR3; AUX-18A4/QJR3; AUX-18A4/QKR3; AUX-18A4/QCR3; BEST-18A4/QAR3; BEST-18A4/QER3; BEST-18A4/QFR3; BEST-18A4/QBR3; BEST-18A4/QLR3; BEST-18A4/QMR3; BEST-18A4/QDR3; BEST-18A4/QGR3; BEST-18A4/QHR3; BEST-18A4/QJR3; BEST-18A4/QKR3,BEST-18A4/QCR3; AUX-18A4/QAR3; AUX-18A4/QER3; AUX-18A4/QFR3; AUX-18A4/QBR3; AUX-18A4/QLR3; AUX-18A4/QMR3; AUX-18A4/QDR3; AUX-18A4/QGR3; AUX-18A4/QHR3; AUX-18A4/QJR3; AUX-18A4/QKR3; AUX-18A4/QCR3; BEST-18A4/QAR3; BEST-18A4/QER3; BEST-18A4/QFR3; BEST-18A4/QBR3; BEST-18A4/QLR3; BEST-18A4/QMR3; BEST-18A4/QDR3; BEST-18A4/QGR3; BEST-18A4/QHR3; BEST-18A4/QJR3; BEST-18A4/QKR3,Non-Inverter,1758.4,19100.0,3.22,1,1213.99,1753855.69,023/LSP/QI/06.1-V/2023,,,1000,PT Qualis Indonesia,True,0,0,0,0,0,0,0,10.862147406733394,2.5 PK,3.22,1444.7035725170715,7.642147406733393,Tidak Ada Data,3,Besar-Kurang Efisien
BEKO,BSFSA 050 / BSFSA 051,BSFSA 050 / BSFSA 051,Non-Inverter,365.9,5000.0,4.02,3,252.62,364954.34,028/LSP/QI/06.1-VI/2023,,,1001,PT Qualis Indonesia,True,0,0,0,0,0,0,0,13.66493577480186,0.5 PK,4.02,1444.6771435357457,9.64493577480186,Tidak Ada Data,0,Sedang-Kurang Efisien
BEKO,BSFSA 090A / BSFSA 091A,BSFSA 090A / BSFSA 091A,Non-Inverter,747.9,9000.0,3.88,3,516.35,745966.51,028/LSP/QI/06.1-VI/2023,,,1002,PT Qualis Indonesia,True,0,0,0,0,0,0,0,12.033694344163658,1 PK,3.88,1444.6916045318098,8.153694344163657,Tidak Ada Data,0,Sedang-Kurang Efisien
BEKO,BSFSA 120 / BSFSA 121,BSFSA 120 / BSFSA 121,Non-Inverter,1081.6,11500.0,3.46,2,746.73,1078805.17,028/LSP/QI/06.1-VI/2023,,,1003,PT Qualis Indonesia,True,0,0,0,0,0,0,0,10.632396449704142,1.5 PK,3.46,1444.705810667845,7.172396449704142,Tidak Ada Data,0,Sedang-Kurang Efisien
BEKO,BSFSA 180 / BSFSA 181,BSFSA 180 / BSFSA 181,Non-Inverter,1521.4,17000.0,3.52,2,1050.37,1517468.09,028/LSP/QI/06.1-VI/2023,,,1004,PT Qualis Indonesia,True,0,0,0,0,0,0,0,11.173918759037727,2 PK,3.52,1444.6986204861146,7.653918759037728,Tidak Ada Data,3,Besar-Kurang Efisien
Midea,MSAF-09CRN2X(I) / MSAF-09CRN2X(O,MSAF-09CRN2X(I) / MSAF-09CRN2X(O,Non-Inverter,792.3,9000.0,3.47,2,547.76,791350.32,033/LSP/QI/06.1-VII/2023,,,1005,PT Qualis Indonesia,False,0,0,0,0,0,0,0,11.35933358576297,1 PK,3.47,1444.7026434935008,7.889333585762969,Tidak Ada Data,0,Sedang-Kurang Efisien
TECO,LS05FGID2 / LT05FGID2,LS05FGID2 / LT05FGID2,Non-Inverter,453.7,5000.0,3.6,2,313.23,452527.72,035/LSP/QI/06.1-VII/2023,,,1006,PT Qualis Indonesia,True,0,0,0,0,0,0,0,11.02049812651532,0.5 PK,3.6,1444.7138524406982,7.420498126515319,Tidak Ada Data,0,Sedang-Kurang Efisien
TECO,LS09FGID2 / LT09FGID2,LS09FGID2 / LT09FGID2,Non-Inverter,818.8,9000.0,3.15,1,565.3,816684.58,035/LSP/QI/06.1-VII/2023,,,1007,PT Qualis Indonesia,True,0,0,0,0,0,0,0,10.991695163654128,1 PK,3.15,1444.6923403502565,7.841695163654128,Tidak Ada Data,0,Sedang-Kurang Efisien
TECO,LS12FGID2 / LT12FGID2,LS12FGID2 / LT12FGID2,Non-Inverter,1086.9,12000.0,3.19,1,750.39,1084091.32,035/LSP/QI/06.1-VII/2023,,,1008,PT Qualis Indonesia,True,0,0,0,0,0,0,0,11.040574109853711,1.5 PK,3.19,1444.7038473327204,7.850574109853712,Tidak Ada Data,0,Sedang-Kurang Efisien
TECO,LS18FGID2 / LT18FGID2,LS18FGID2 / LT18FGID2,Non-Inverter,1605.9,18000.0,3.24,1,1108.71,1601750.45,035/LSP/QI/06.1-VII/2023,,,1009,PT Qualis Indonesia,True,0,0,0,0,0,0,0,11.208668036614982,2 PK,3.24,1444.6973960729135,7.968668036614982,Tidak Ada Data,3,Besar-Kurang Efisien
Daikin,FTC50XV14 / RC50XV14,FTC50XV14 / RC50XV14,Non-Inverter,1595.4,17128.0,3.45,2,4658.57,6730233.19,6789.1075/23.120/VIII/2022 ,,,1010,Balai Besar Standardisasi dan Pelayanan Jasa Industri Bahan dan Barang Teknik (BBSPJIBBT),False,0,0,0,0,0,0,0,10.735865613639213,2 PK,3.45,1444.699379852616,7.285865613639213,Tidak Ada Data,3,Besar-Kurang Efisien
FLIFE,FAC-05FCOO/I / FAC-05FCOO/O,FAC-05FCOO/I / FAC-05FCOO/O,Non-Inverter,365.6,5000.0,3.74,2,252.41,364655.28,026/LSP/QI/06.1-VI/2023,,,1011,PT Qualis Indonesia,True,0,0,0,0,0,0,0,13.676148796498904,0.5 PK,3.74,1444.6942672635791,9.936148796498903,Tidak Ada Data,0,Sedang-Kurang Efisien
FLIFE,FAC-09FCOO/I / FAC-09FCOO/O,FAC-09FCOO/I / FAC-09FCOO/O,Non-Inverter,791.1,9200.0,3.71,2,546.17,789056.13,026/LSP/QI/06.1-VI/2023,,,1012,PT Qualis Indonesia,True,0,0,0,0,0,0,0,11.629376817090128,1 PK,3.71,1444.7079297654575,7.919376817090128,Tidak Ada Data,0,Sedang-Kurang Efisien
FLIFE,FAC-12FCOO/I / FAC-12FCOO/O,FAC-12FCOO/I / FAC-12FCOO/O,Non-Inverter,1031.6,12000.0,3.42,2,712.21,1028934.12,026/LSP/QI/06.1-VI/2023,,,1013,PT Qualis Indonesia,True,0,0,0,0,0,0,0,11.63241566498643,1.5 PK,3.42,1444.7060838797545,8.21241566498643,Tidak Ada Data,0,Sedang-Kurang Efisien
HISENSE,"AN09CDG, AN09CEG, AN09CFG","AN09CDG, AN09CEG, AN09CFG",Non-Inverter,865.7,9484.4,3.41,2,2527.84,3651976.23,24/06.06.06/1A/23/LSPro/VIII/2023,,,1014,Balai Standardisasi dan Pelayanan Jasa Industri (BSPJI) Surabaya,True,0,0,0,0,0,0,0,10.95575834584729,1 PK,3.41,1444.7022873283115,7.54575834584729,Tidak Ada Data,0,Sedang-Kurang Efisien
HISENSE,"AN05CDG, AN05CEG, AN05CFG","AN05CDG, AN05CEG, AN05CFG",Non-Inverter,413.9,4896.5,3.68,2,1208.59,1746047.08,24/06.06.06/1A/23/LSPro/VIII/2023,,,1015,Balai Standardisasi dan Pelayanan Jasa Industri (BSPJI) Surabaya,True,0,0,0,0,0,0,0,11.830152210678907,0.5 PK,3.68,1444.6976063015582,8.15015221067891,Tidak Ada Data,0,Sedang-Kurang Efisien
HISENSE,"AN12CDG, AN12CEG, AN12CFG","AN12CDG, AN12CEG, AN12CFG",Non-Inverter,1030.1,12693.4,3.83,3,3007.89,4345501.57,24/06.06.06/1A/23/LSPro/VIII/2023,,,1016,Balai Standardisasi dan Pelayanan Jasa Industri (BSPJI) Surabaya,True,0,0,0,0,0,0,0,12.322492961848363,1.5 PK,3.83,1444.7009598090358,8.492492961848365,Tidak Ada Data,0,Sedang-Kurang Efisien
HISENSE,"AN18CDG, AN18CEG, AN18CFG","AN18CDG, AN18CEG, AN18CFG",Non-Inverter,1629.0,18435.4,3.52,2,4756.68,6871975.6,24/06.06.06/1A/23/LSPro/VIII/2023,,,1017,Balai Standardisasi dan Pelayanan Jasa Industri (BSPJI) Surabaya,True,0,0,0,0,0,0,0,11.317004297114796,2 PK,3.52,1444.7000008409225,7.797004297114796,Tidak Ada Data,3,Besar-Kurang Efisien
Samsung,AR05BGHQBSINSE / AR05BGHQBSIXSE,AR05BGHQBSINSE / AR05BGHQBSIXSE,Non-Inverter,342.5,4800.0,4.18,3,1000.1,1444844.47,824 220331,,,1018,PT TUV Rheinland Indonesia,True,0,0,0,0,0,0,0,14.014598540145986,0.5 PK,4.18,1444.7,9.834598540145986,Tidak Ada Data,0,Sedang-Kurang Efisien
Samsung,AR09BGHQBSINSE / AR09BGHQBSIXSE,AR09BGHQBSINSE / AR09BGHQBSIXSE,Non-Inverter,765.6,9000.0,3.8,3,2235.55,3229701.97,824 220331,,,1019,PT TUV Rheinland Indonesia,True,0,0,0,0,0,0,0,11.755485893416928,1 PK,3.8,1444.701290510165,7.955485893416928,Tidak Ada Data,0,Sedang-Kurang Efisien
Polytron,EAW0128G / PAC 05VHI ; EAW0128G / PAC 05VH,EAW0128G / PAC 05VHI ; EAW0128G / PAC 05VH,Non-Inverter,402.6,5000.0,3.61,2,1175.59,1698377.76,824 230244,,,1020,PT TUV Rheinland Indonesia,True,0,0,0,0,0,0,0,12.41927471435668,0.5 PK,3.61,1444.7024557881575,8.80927471435668,Tidak Ada Data,0,Sedang-Kurang Efisien
Polytron,EAW0638F / PAC 05VZ,EAW0638F / PAC 05VZ,Non-Inverter,453.0,6000.0,4.16,3,1322.76,1910991.37,824 230244,,,1021,PT TUV Rheinland Indonesia,True,0,0,0,0,0,0,0,13.245033112582782,1 PK,4.16,1444.69999848801,9.08503311258278,Tidak Ada Data,0,Sedang-Kurang Efisien
Polytron,EAW0240B / PAC 09VH,EAW0240B / PAC 09VH,Non-Inverter,812.3,9000.0,3.29,1,2371.92,3426707.05,824 230244,,,1022,PT TUV Rheinland Indonesia,True,0,0,0,0,0,0,0,11.07965037547704,1 PK,3.29,1444.6975656851832,7.78965037547704,Tidak Ada Data,0,Sedang-Kurang Efisien
Polytron,EAW0352C / PAC 09VZ,EAW0352C / PAC 09VZ,Non-Inverter,802.0,9500.0,3.73,2,2341.84,3383256.25,824 230244,,,1023,PT TUV Rheinland Indonesia,True,0,0,0,0,0,0,0,11.845386533665836,1 PK,3.73,1444.7000008540292,8.115386533665834,Tidak Ada Data,0,Sedang-Kurang Efisien
Polytron,EAW0470D / PAC 12VH EAW0470D / PAC 12VZ,EAW0470D / PAC 12VH EAW0470D / PAC 12VZ,Non-Inverter,970.8,12000.0,3.66,2,2834.74,4095343.1,824 230244,,,1024,PT TUV Rheinland Indonesia,True,0,0,0,0,0,0,0,12.360939431396789,1.5 PK,3.66,1444.6979617178297,8.700939431396787,Tidak Ada Data,0,Sedang-Kurang Efisien
Polytron,EAW0593E / PAC 18VH EAW0593E / PAC 18VZ,EAW0593E / PAC 18VH EAW0593E / PAC 18VZ,Non-Inverter,1599.9,18000.0,3.49,2,4671.71,6749216.55,824 230244,,,1025,PT TUV Rheinland Indonesia,True,0,0,0,0,0,0,0,11.25070316894806,2 PK,3.49,1444.6993820249972,7.760703168948059,Tidak Ada Data,3,Besar-Kurang Efisien
AQUA,09ANQ,AQA-KR09ANQ/AQA-CR09ANQ ; AQA-KR09ANQ1/ AQA-CR09ANQ1,Non-Inverter,751.9,9000.0,3.17,1,2195.55,3171908.2,824 230263,,,1026,PT TUV Rheinland Indonesia,False,0,0,0,0,0,0,0,11.969676818725894,1 PK,3.17,1444.6986859784563,8.799676818725894,Tidak Ada Data,0,Sedang-Kurang Efisien
Midea,MSAF-09CRN2X(I) / MSAF-09CRN2X(O); MSEAF-09CRN2X(I) / MSEAF-09CRN2X (O); MSXAF-09CRN2X(I) / MSXAF-09CRN2X (O); MSFC-09CRN2X(I) /  MSFC-09CRN2X (O),MSAF-09CRN2X(I) / MSAF-09CRN2X(O); MSEAF-09CRN2X(I) / MSEAF-09CRN2X (O); MSXAF-09CRN2X(I) / MSXAF-09CRN2X (O); MSFC-09CRN2X(I) /  MSFC-09CRN2X (O),Non-Inverter,791.1,9000.0,3.63,2,546.17,789051.8,039/LSP/QI/06.1-VIII/2023,,,1027,PT Qualis Indonesia,False,0,0,0,0,0,0,0,11.376564277588168,1 PK,3.63,1444.700001830932,7.746564277588168,Tidak Ada Data,0,Sedang-Kurang Efisien
FLIFE,FAC-05FMOO/I / FAC-05FMOO/O,FAC-05FMOO/I / FAC-05FMOO/O,Non-Inverter,393.0,5000.0,3.62,2,271.33,391984.67,041/LSP/QI/06.1-IX/2023,,,1028,PT Qualis Indonesia,True,0,0,0,0,0,0,0,12.72264631043257,0.5 PK,3.62,1444.6786938414475,9.102646310432569,Tidak Ada Data,0,Sedang-Kurang Efisien
FLIFE,FAC-07FMOO/I / FAC-07FMOO/O,FAC-07FMOO/I / FAC-07FMOO/O,Non-Inverter,596.7,7000.0,3.69,2,411.96,595158.61,041/LSP/QI/06.1-IX/2023,,,1029,PT Qualis Indonesia,True,0,0,0,0,0,0,0,11.731188201776437,1 PK,3.69,1444.6999951451598,8.041188201776437,Tidak Ada Data,0,Sedang-Kurang Efisien
FLIFE,FAC-09FMOO/I / FAC-09FMOO/O,FAC-09FMOO/I / FAC-09FMOO/O,Non-Inverter,789.4,9000.0,3.56,2,545.0,787361.5,041/LSP/QI/06.1-IX/2023,,,1030,PT Qualis Indonesia,True,0,0,0,0,0,0,0,11.401064099315937,1 PK,3.56,1444.7,7.841064099315936,Tidak Ada Data,0,Sedang-Kurang Efisien
FLIFE,FAC-12FMOO/I / FAC-12FMOO/O,FAC-12FMOO/I / FAC-12FMOO/O,Non-Inverter,1079.0,12000.0,3.26,1,744.94,1076211.93,041/LSP/QI/06.1-IX/2023,,,1031,PT Qualis Indonesia,True,0,0,0,0,0,0,0,11.121408711770158,1.5 PK,3.26,1444.6961231777054,7.861408711770158,Tidak Ada Data,0,Sedang-Kurang Efisien
FLIFE,FAC-18FMOO/I / FAC-18FMOO/O,FAC-18FMOO/I / FAC-18FMOO/O,Non-Inverter,1564.1,18000.0,3.76,2,1079.85,1560057.85,041/LSP/QI/06.1-IX/2023,,,1032,PT Qualis Indonesia,True,0,0,0,0,0,0,0,11.508215587238668,2 PK,3.76,1444.6986618511833,7.748215587238668,Tidak Ada Data,3,Besar-Kurang Efisien
FLIFE,FAC-24FMOO/I / FAC-24FMOO/O,FAC-24FMOO/I / FAC-24FMOO/O,Non-Inverter,2362.9,24000.0,3.14,1,1631.34,2356794.01,041/LSP/QI/06.1-IX/2023,,,1033,PT Qualis Indonesia,True,0,0,0,0,0,0,0,10.157010453256593,3+ PK,3.14,1444.6982296762171,7.0170104532565905,Tidak Ada Data,3,Besar-Kurang Efisien
Midea,MSAF-24CRN2X(I) / MSAF-24CRN2X(O),MSAF-24CRN2X(I) / MSAF-24CRN2X(O),Non-Inverter,2114.7,24000.0,3.73,2,1459.98,2109234.55,042/LSP/QI/06.1-IX/2023,,,1034,PT Qualis Indonesia,False,0,0,0,0,0,0,0,11.349127535820683,3+ PK,3.73,1444.7009890546444,7.6191275358206845,Tidak Ada Data,3,Besar-Kurang Efisien
LG,H05TN4 NINCAX5 / H05TN4 UINCAX5,H05TN4 NINCAX5 / H05TN4 UINCAX5,Non-Inverter,340.8,5000.0,3.91,3,995.14,1437672.98,824 230283,,,1035,PT TUV Rheinland Indonesia,False,0,0,0,0,0,0,0,14.671361502347418,0.5 PK,3.91,1444.6941937817794,10.761361502347418,Tidak Ada Data,0,Sedang-Kurang Efisien
LG,H07TN4 NINCAX5 / H07TN4 UINCAX5,H07TN4 NINCAX5 / H07TN4 UINCAX5,Non-Inverter,630.7,7000.0,3.44,2,1841.64,2660617.31,824 230291,,,1036,PT TUV Rheinland Indonesia,True,0,0,0,0,0,0,0,11.098779134295226,1 PK,3.44,1444.7000010859886,7.658779134295227,Tidak Ada Data,0,Sedang-Kurang Efisien
LG,H09TN4 NINCAX4 / H09TN4 UINCAX4,H09TN4 NINCAX4 / H09TN4 UINCAX4,Non-Inverter,773.5,8530.0,3.44,2,2258.62,3263028.31,824 230291,,,1037,PT TUV Rheinland Indonesia,True,0,0,0,0,0,0,0,11.027795733678088,1 PK,3.44,1444.6999982290072,7.587795733678087,Tidak Ada Data,0,Sedang-Kurang Efisien
AQUA,AQA-KRF5AHQB / AQA-CRF5AHQB; AQA-KR5FQAL / AQA-CR5FQAL; AQA-KR5FQDL / AQA-CR5FQDL; AQA-KR5FQBL / AQA-CR5FQBL,AQA-KRF5AHQB / AQA-CRF5AHQB; AQA-KR5FQAL / AQA-CR5FQAL; AQA-KR5FQDL / AQA-CR5FQDL; AQA-KR5FQBL / AQA-CR5FQBL,Non-Inverter,408.5,4511.5,3.44,2,282.03,407448.74,051/LSP/QI/06.1-XI/2023,,,1038,PT Qualis Indonesia,True,0,0,0,0,0,0,0,11.04406364749082,0.5 PK,3.44,1444.699996454278,7.60406364749082,Tidak Ada Data,0,Sedang-Kurang Efisien
AQUA,AQA-KRF9AHQB / AQA-CRF9AHQB; AQA-KR9FQAL / AQA-CR9FQAL; AQA-KR9FQDL / AQA-CR9FQDL; AQA-KR9FQBL / AQA-CR9FQBL,AQA-KRF9AHQB / AQA-CRF9AHQB; AQA-KR9FQAL / AQA-CR9FQAL; AQA-KR9FQDL / AQA-CR9FQDL; AQA-KR9FQBL / AQA-CR9FQBL,Non-Inverter,784.7,8214.7,3.26,1,541.75,0.0,051/LSP/QI/06.1-XI/2023,,,1039,PT Qualis Indonesia,True,0,0,0,0,0,1,0,10.468586721039888,1 PK,3.26,0.0,7.208586721039888,Tidak Ada Data,0,Sedang-Kurang Efisien
AQUA,AQA-KRF9AHQB / AQA-CRF9AHQB; AQA-KR9FQAL / AQA-CR9FQAL; AQA-KR9FQDL / AQA-CR9FQDL; AQA-KR9FQBL / AQA-CR9FQBL,AQA-KRF9AHQB / AQA-CRF9AHQB; AQA-KR9FQAL / AQA-CR9FQAL; AQA-KR9FQDL / AQA-CR9FQDL; AQA-KR9FQBL / AQA-CR9FQBL,Non-Inverter,784.7,8214.7,3.26,1,541.75,0.0,051/LSP/QI/06.1-XI/2023,,,1040,PT Qualis Indonesia,True,0,0,0,0,0,1,0,10.468586721039888,1 PK,3.26,0.0,7.208586721039888,Tidak Ada Data,0,Sedang-Kurang Efisien
AQUA,AQA-KRF9AHQB / AQA-CRF9AHQB; AQA-KR9FQAL / AQA-CR9FQAL; AQA-KR9FQDL / AQA-CR9FQDL; AQA-KR9FQBL / AQA-CR9FQBL,AQA-KRF9AHQB / AQA-CRF9AHQB; AQA-KR9FQAL / AQA-CR9FQAL; AQA-KR9FQDL / AQA-CR9FQDL; AQA-KR9FQBL / AQA-CR9FQBL,Non-Inverter,784.7,8214.7,3.26,1,541.75,0.0,051/LSP/QI/06.1-XI/2023,,,1041,PT Qualis Indonesia,True,0,0,0,0,0,1,0,10.468586721039888,1 PK,3.26,0.0,7.208586721039888,Tidak Ada Data,0,Sedang-Kurang Efisien
AQUA,AQA-KRF9AHQB / AQA-CRF9AHQB; AQA-KR9FQAL / AQA-CR9FQAL; AQA-KR9FQDL / AQA-CR9FQDL; AQA-KR9FQBL / AQA-CR9FQBL,AQA-KRF9AHQB / AQA-CRF9AHQB; AQA-KR9FQAL / AQA-CR9FQAL; AQA-KR9FQDL / AQA-CR9FQDL; AQA-KR9FQBL / AQA-CR9FQBL,Non-Inverter,784.7,8214.7,3.26,1,541.75,782666.23,051/LSP/QI/06.1-XI/2023,,,1042,PT Qualis Indonesia,True,0,0,0,0,0,0,0,10.468586721039888,1 PK,3.26,1444.7000092293492,7.208586721039888,Tidak Ada Data,0,Sedang-Kurang Efisien
AQUA,AQA-KR12FQAL / AQA-CR12FQAL,AQA-KR12FQAL / AQA-CR12FQAL,Non-Inverter,1113.1,11483.0,3.21,1,768.48,1110223.06,051/LSP/QI/06.1-XI/2023,,,1043,PT Qualis Indonesia,True,0,0,0,0,0,0,0,10.316233941245171,1.5 PK,3.21,1444.7000052050803,7.106233941245171,Tidak Ada Data,0,Sedang-Kurang Efisien
Midea,MSAF-05CRN2X(I) / MSAF-05CRN2X(O); MSFC-05CRN2X(I)/ MSFC-05CRN2X(O; MSXAF-05CRN2X(I)/ MSXAF-05CRN2X(O),MSAF-05CRN2X(I) / MSAF-05CRN2X(O); MSFC-05CRN2X(I)/ MSFC-05CRN2X(O; MSXAF-05CRN2X(I)/ MSXAF-05CRN2X(O),Non-Inverter,348.4,4800.0,4.05,3,240.53,347493.69,053/LSP/QI/06.1-XII/2023,,,1044,PT Qualis Indonesia,False,0,0,0,0,0,0,0,13.777267508610793,0.5 PK,4.05,1444.6999958425145,9.727267508610794,Tidak Ada Data,0,Sedang-Kurang Efisien
Denpoo,DDS 05CTL 32,DDS 05CTL 32,Non-Inverter,436.3,5000.0,3.65,2,1274.0,1840547.8,824 230331,,,1045,PT TUV Rheinland Indonesia,False,0,0,0,0,0,0,0,11.460004584001831,0.5 PK,3.65,1444.7,7.810004584001833,Tidak Ada Data,0,Sedang-Kurang Efisien
Polytron,EAW0593E,"PAC 18VH, PAC 18VZ, PAC 18VZS, PAC 18VHG, PAC 18VM, PAC 18VHAI",Non-Inverter,1599.9,17937.1,3.49,2,4671.71,6749219.44,14/06.06.06/1A/23/LSPro/VIII/2023,2023-08-31,2027-08-30,1046,Balai Standardisasi dan Pelayanan Jasa Industri (BSPJI) Surabaya,True,0,0,0,0,0,0,0,11.211388211763234,2 PK,3.49,1444.700000642163,7.721388211763234,Aktif,3,Besar-Kurang Efisien
Polytron,EAW0470D,"PAC 12VH, PAC 12VZ, PAC 12VZS, PAC 12VHG, PAC 12VM, PAC 12VHAI",Non-Inverter,970.8,11417.6,3.66,2,2834.74,4095348.88,14/06.06.06/1A/23/LSPro/VIII/2023,2023-08-31,2027-08-30,1047,Balai Standardisasi dan Pelayanan Jasa Industri (BSPJI) Surabaya,True,0,0,0,0,0,0,0,11.761021837659664,1.5 PK,3.66,1444.700000705532,8.101021837659664,Aktif,0,Sedang-Kurang Efisien
Polytron,EAW0240B,"PAC 09VH, PAC 09VZ, PAC 09VZS; PAC 09VZI; PAC 09VZSI",Non-Inverter,812.3,8585.4,3.29,1,2371.92,3426712.82,14/06.06.06/1A/23/LSPro/VIII/2023,2023-08-31,2027-08-30,1048,Balai Standardisasi dan Pelayanan Jasa Industri (BSPJI) Surabaya,True,0,0,0,0,0,0,0,10.569247814846731,1 PK,3.29,1444.6999983136025,7.279247814846731,Aktif,0,Sedang-Kurang Efisien
Polytron,EAW0352C,"PAC 09VZ, PAC 09VZS",Non-Inverter,802.0,9619.6,3.73,2,2341.84,3383256.25,14/06.06.06/1A/23/LSPro/VIII/2023,,,1049,Balai Standardisasi dan Pelayanan Jasa Industri (BSPJI) Surabaya,True,0,0,0,0,0,0,0,11.994513715710724,1 PK,3.73,1444.7000008540292,8.264513715710724,Tidak Ada Data,0,Sedang-Kurang Efisien
Polytron,EAW0638F,"PAC 05VZ, PAC 05VZS",Non-Inverter,453.0,6058.5,4.16,3,1322.76,1910991.37,14/06.06.06/1A/23/LSPro/VIII/2023,,,1050,Balai Standardisasi dan Pelayanan Jasa Industri (BSPJI) Surabaya,True,0,0,0,0,0,0,0,13.374172185430464,1 PK,4.16,1444.69999848801,9.214172185430463,Tidak Ada Data,0,Sedang-Kurang Efisien
Polytron,EAW0640L,PAC 07VH,Non-Inverter,670.6,7051.9,3.27,1,1958.15,2828939.31,13/06.06.06/1A/23/LSPro/VII/2023,,,1051,Balai Standardisasi dan Pelayanan Jasa Industri (BSPJI) Surabaya,True,0,0,0,0,0,0,0,10.515806740232629,1 PK,3.27,1444.7000025534303,7.245806740232627,Tidak Ada Data,0,Sedang-Kurang Efisien
Polytron,EAW0610M,PAC 24VH,Non-Inverter,2245.5,23461.8,3.25,1,6556.86,9472695.64,13/06.06.06/1A/23/LSPro/VII/2023,,,1052,Balai Standardisasi dan Pelayanan Jasa Industri (BSPJI) Surabaya,True,0,0,0,0,0,0,0,10.448363393453574,3+ PK,3.25,1444.6999996949762,7.198363393453574,Tidak Ada Data,3,Besar-Kurang Efisien
BESTLIFE,BEST-05QAR3 / BEST-05QAR3; BEST-05PSC / BEST-05PSC; BEST- 05QAR / BEST- 05QAR,BEST-05QAR3 / BEST-05QAR3; BEST-05PSC / BEST-05PSC; BEST- 05QAR / BEST- 05QAR,Non-Inverter,454.9,5000.0,3.81,3,314.06,453723.93,004/LSP/QI/06.1-I/2024,2024-01-26,2028-01-25,1053,PT Qualis Indonesia,True,0,0,0,0,0,0,0,10.991426687183996,0.5 PK,3.81,1444.7046105839647,7.181426687183997,Aktif,0,Sedang-Kurang Efisien
BESTLIFE,BEST-09QAR3 / BEST-09QAR3; BEST-09QBR3 / BEST-09QBR3; BEST-09QDR3 / BEST-09QDR3; BEST-09QFR3 / BEST-09QFR3; BEST-09QRR3 / BEST-09QRR3; BEST-09QSR3 / BEST-09QSR3; BEST-09QQR3 / BEST-09QQR3; BEST-09QZR3 / BEST-09QZR3; BEST-09FAR3 / BEST-09FAR3; BEST-09FCR3 / BEST-09FCR3; BEST-09FDR3 / BEST-09FDR3; BEST-09FRR3 / BEST-09FRR3; BEST-09FFR3 / BEST-09FFR3; BEST-09FOR3 / BEST-09FOR3; BEST-09FXR3 / BEST-09FXR3; BAC-09QAR3 / BAC-09QAR3; BAC-09QBR3 / BAC-09QBR3; BAC-09QDR3 / BAC-09QDR3; BAC-09QFR3 / BAC-09QFR3; BAC-09QRR3 / BAC-09QRR3; BAC-09QSR3 / BAC-09QSR3; BAC-09QQR3 / BAC-09QQR3; BAC-09QZR3 / BAC-09QZR3; BAC-09FAR3 / BAC-09FAR3; BAC-09FCR3 / BAC-09FCR3; BAC-09FDR3 / BAC-09FDR3; BAC-09FRR3 / BAC-09FRR3; BAC-09FFR3 / BAC-09FFR3; BAC-09FOR3 / BAC-09FOR3; BAC-09FXR3 / BAC-09FXR3; AUX-09QAR3 / AUX-09QAR3; AUX-09QBR3 / AUX-09QBR3; AUX-09QDR3 / AUX-09QDR3; AUX-09QFR3 / AUX-09QFR3; AUX-09QRR3 / AUX-09QRR3; AUX-09QSR3 / AUX-09QSR3; AUX-09QQR3 / AUX-09QQR3; AUX-09QZR3 / AUX-09QZR3; AUX-09FAR3 / AUX-09FAR3; AUX-09FCR3 / AUX-09FCR3; AUX-09FDR3 / AUX-09FDR3; AUX-09FRR3 / AUX-09FRR3; AUX-09FFR3 / AUX-09FFR3; AUX-09FOR3 / AUX-09FOR3; AUX-09FXR3 / AUX-09FXR3; BEST-09DSC / BEST-09DSC; BEST-09DSC03 / BEST-09DSC03; BEST-09DSC05 / BEST-09DSC05; BEST-09DSC07 / BEST-09DSC07; BEST-09DSC09 / BEST-09DSC09; BEST-09PSC / BEST-09PSC; BEST-09PSC03 / BEST-09PSC03; BEST-09PSC05 / BEST-09PSC05; BEST-09PSC07 / BEST-09PSC07; BEST-09PSC09 / BEST-09PSC09; BEST-09PMI / BEST-09PMI; BEST-09PMI03 / BEST-09PMI03; BEST-09PMI05 / BEST-09PMI05; BEST-09PMI07 / BEST-09PMI07; BEST-09PMI09 / BEST-09PMI09; BEST-09SUMO / BEST-09SUMO; BEST-09SUMO03 / BEST-09SUMO03; BEST-09SUMO05 / BEST-09SUMO05; BEST-09SUMO07 / BEST-09SUMO07; BEST-09SUMO09 / BEST-09SUMO09; BEST- 09QAR / BEST- 09QAR; BEST- 09QAR32 / BEST- 09QAR32,BEST-09QAR3 / BEST-09QAR3; BEST-09QBR3 / BEST-09QBR3; BEST-09QDR3 / BEST-09QDR3; BEST-09QFR3 / BEST-09QFR3; BEST-09QRR3 / BEST-09QRR3; BEST-09QSR3 / BEST-09QSR3; BEST-09QQR3 / BEST-09QQR3; BEST-09QZR3 / BEST-09QZR3; BEST-09FAR3 / BEST-09FAR3; BEST-09FCR3 / BEST-09FCR3; BEST-09FDR3 / BEST-09FDR3; BEST-09FRR3 / BEST-09FRR3; BEST-09FFR3 / BEST-09FFR3; BEST-09FOR3 / BEST-09FOR3; BEST-09FXR3 / BEST-09FXR3; BAC-09QAR3 / BAC-09QAR3; BAC-09QBR3 / BAC-09QBR3; BAC-09QDR3 / BAC-09QDR3; BAC-09QFR3 / BAC-09QFR3; BAC-09QRR3 / BAC-09QRR3; BAC-09QSR3 / BAC-09QSR3; BAC-09QQR3 / BAC-09QQR3; BAC-09QZR3 / BAC-09QZR3; BAC-09FAR3 / BAC-09FAR3; BAC-09FCR3 / BAC-09FCR3; BAC-09FDR3 / BAC-09FDR3; BAC-09FRR3 / BAC-09FRR3; BAC-09FFR3 / BAC-09FFR3; BAC-09FOR3 / BAC-09FOR3; BAC-09FXR3 / BAC-09FXR3; AUX-09QAR3 / AUX-09QAR3; AUX-09QBR3 / AUX-09QBR3; AUX-09QDR3 / AUX-09QDR3; AUX-09QFR3 / AUX-09QFR3; AUX-09QRR3 / AUX-09QRR3; AUX-09QSR3 / AUX-09QSR3; AUX-09QQR3 / AUX-09QQR3; AUX-09QZR3 / AUX-09QZR3; AUX-09FAR3 / AUX-09FAR3; AUX-09FCR3 / AUX-09FCR3; AUX-09FDR3 / AUX-09FDR3; AUX-09FRR3 / AUX-09FRR3; AUX-09FFR3 / AUX-09FFR3; AUX-09FOR3 / AUX-09FOR3; AUX-09FXR3 / AUX-09FXR3; BEST-09DSC / BEST-09DSC; BEST-09DSC03 / BEST-09DSC03; BEST-09DSC05 / BEST-09DSC05; BEST-09DSC07 / BEST-09DSC07; BEST-09DSC09 / BEST-09DSC09; BEST-09PSC / BEST-09PSC; BEST-09PSC03 / BEST-09PSC03; BEST-09PSC05 / BEST-09PSC05; BEST-09PSC07 / BEST-09PSC07; BEST-09PSC09 / BEST-09PSC09; BEST-09PMI / BEST-09PMI; BEST-09PMI03 / BEST-09PMI03; BEST-09PMI05 / BEST-09PMI05; BEST-09PMI07 / BEST-09PMI07; BEST-09PMI09 / BEST-09PMI09; BEST-09SUMO / BEST-09SUMO; BEST-09SUMO03 / BEST-09SUMO03; BEST-09SUMO05 / BEST-09SUMO05; BEST-09SUMO07 / BEST-09SUMO07; BEST-09SUMO09 / BEST-09SUMO09; BEST- 09QAR / BEST- 09QAR; BEST- 09QAR32 / BEST- 09QAR32,Non-Inverter,796.6,9000.0,3.7,2,549.97,794541.66,004/LSP/QI/06.1-I/2024,2024-01-26,2028-01-25,1054,PT Qualis Indonesia,True,0,0,0,0,0,0,0,11.298016570424304,1 PK,3.7,1444.700001818281,7.598016570424304,Aktif,0,Sedang-Kurang Efisien
BESTLIFE,BEST-12QAR3 / BEST-12QAR3; BEST-12QBR3 / BEST-12QBR3; BEST-12QDR3 / BEST-12QDR3; BEST-12QFR3 / BEST-12QFR3; BEST-12QRR3 / BEST-12QRR3; BEST-12QSR3 / BEST-12QSR3; BEST-12QQR3 / BEST-12QQR3; BEST-12QZR3 / BEST-12QZR3; BEST-12FAR3 / BEST-12FAR3; BEST-12FCR3 / BEST-12FCR3; BEST-12FDR3 / BEST-12FDR3; BEST-12FRR3 / BEST-12FRR3; BEST-12FFR3 / BEST-12FFR3; BEST-12FOR3 / BEST-12FOR3; BEST-12FXR3 / BEST-12FXR3; BAC-12QAR3 / BAC-12QAR3; BAC-12QBR3 / BAC-12QBR3; BAC-12QDR3 / BAC-12QDR3; BAC-12QFR3 / BAC-12QFR3; BAC-12QRR3 / BAC-12QRR3; BAC-12QSR3 / BAC-12QSR3; BAC-12QQR3 / BAC-12QQR3; BAC-12QZR3 / BAC-12QZR3; BAC-12FAR3 / BAC-12FAR3; BAC-12FCR3 / BAC-12FCR3; BAC-12FDR3 / BAC-12FDR3; BAC-12FRR3 / BAC-12FRR3; BAC-12FFR3 / BAC-12FFR3; BAC-12FOR3 / BAC-12FOR3; BAC-12FXR3 / BAC-12FXR3; AUX-12QAR3 / AUX-12QAR3; AUX-12QBR3 / AUX-12QBR3; AUX-12QDR3 / AUX-12QDR3; AUX-12QFR3 / AUX-12QFR3; AUX-12QRR3 / AUX-12QRR3; AUX-12QSR3 / AUX-12QSR3; AUX-12QQR3 / AUX-12QQR3; AUX-12QZR3 / AUX-12QZR3; AUX-12FAR3 / AUX-12FAR3; AUX-12FCR3 / AUX-12FCR3; AUX-12FDR3 / AUX-12FDR3; AUX-12FRR3 / AUX-12FRR3; AUX-12FFR3 / AUX-12FFR3; AUX-12FOR3 / AUX-12FOR3; AUX-12FXR3 / AUX-12FXR3; BEST-12DSC / BEST-12DSC; BEST-12DSC03 / BEST-12DSC03; BEST-12DSC05 / BEST-12DSC05; BEST-12DSC07 / BEST-12DSC07; BEST-12DSC09 / BEST-12DSC09; BEST-12PSC / BEST-12PSC; BEST-12PSC03 / BEST-12PSC03; BEST-12PSC05 / BEST-12PSC05; BEST-12PSC07 / BEST-12PSC07; BEST-12PSC09 / BEST-12PSC09; BEST-12PMI / BEST-12PMI; BEST-12PMI03 / BEST-12PMI03; BEST-12PMI05 / BEST-12PMI05; BEST-12PMI07 / BEST-12PMI07; BEST-12PMI09 / BEST-12PMI09; BEST-12SUMO / BEST-12SUMO; BEST-12SUMO03 / BEST-12SUMO03; BEST-12SUMO05 / BEST-12SUMO05; BEST-12SUMO07 / BEST-12SUMO07; BEST-12SUMO09 / BEST-12SUMO09; BEST- 12QAR / BEST- 12QAR; BEST- 12QAR32 / BEST- 12QAR32,BEST-12QAR3 / BEST-12QAR3; BEST-12QBR3 / BEST-12QBR3; BEST-12QDR3 / BEST-12QDR3; BEST-12QFR3 / BEST-12QFR3; BEST-12QRR3 / BEST-12QRR3; BEST-12QSR3 / BEST-12QSR3; BEST-12QQR3 / BEST-12QQR3; BEST-12QZR3 / BEST-12QZR3; BEST-12FAR3 / BEST-12FAR3; BEST-12FCR3 / BEST-12FCR3; BEST-12FDR3 / BEST-12FDR3; BEST-12FRR3 / BEST-12FRR3; BEST-12FFR3 / BEST-12FFR3; BEST-12FOR3 / BEST-12FOR3; BEST-12FXR3 / BEST-12FXR3; BAC-12QAR3 / BAC-12QAR3; BAC-12QBR3 / BAC-12QBR3; BAC-12QDR3 / BAC-12QDR3; BAC-12QFR3 / BAC-12QFR3; BAC-12QRR3 / BAC-12QRR3; BAC-12QSR3 / BAC-12QSR3; BAC-12QQR3 / BAC-12QQR3; BAC-12QZR3 / BAC-12QZR3; BAC-12FAR3 / BAC-12FAR3; BAC-12FCR3 / BAC-12FCR3; BAC-12FDR3 / BAC-12FDR3; BAC-12FRR3 / BAC-12FRR3; BAC-12FFR3 / BAC-12FFR3; BAC-12FOR3 / BAC-12FOR3; BAC-12FXR3 / BAC-12FXR3; AUX-12QAR3 / AUX-12QAR3; AUX-12QBR3 / AUX-12QBR3; AUX-12QDR3 / AUX-12QDR3; AUX-12QFR3 / AUX-12QFR3; AUX-12QRR3 / AUX-12QRR3; AUX-12QSR3 / AUX-12QSR3; AUX-12QQR3 / AUX-12QQR3; AUX-12QZR3 / AUX-12QZR3; AUX-12FAR3 / AUX-12FAR3; AUX-12FCR3 / AUX-12FCR3; AUX-12FDR3 / AUX-12FDR3; AUX-12FRR3 / AUX-12FRR3; AUX-12FFR3 / AUX-12FFR3; AUX-12FOR3 / AUX-12FOR3; AUX-12FXR3 / AUX-12FXR3; BEST-12DSC / BEST-12DSC; BEST-12DSC03 / BEST-12DSC03; BEST-12DSC05 / BEST-12DSC05; BEST-12DSC07 / BEST-12DSC07; BEST-12DSC09 / BEST-12DSC09; BEST-12PSC / BEST-12PSC; BEST-12PSC03 / BEST-12PSC03; BEST-12PSC05 / BEST-12PSC05; BEST-12PSC07 / BEST-12PSC07; BEST-12PSC09 / BEST-12PSC09; BEST-12PMI / BEST-12PMI; BEST-12PMI03 / BEST-12PMI03; BEST-12PMI05 / BEST-12PMI05; BEST-12PMI07 / BEST-12PMI07; BEST-12PMI09 / BEST-12PMI09; BEST-12SUMO / BEST-12SUMO; BEST-12SUMO03 / BEST-12SUMO03; BEST-12SUMO05 / BEST-12SUMO05; BEST-12SUMO07 / BEST-12SUMO07; BEST-12SUMO09 / BEST-12SUMO09; BEST- 12QAR / BEST- 12QAR; BEST- 12QAR32 / BEST- 12QAR32,Non-Inverter,1091.0,12000.0,3.42,2,753.15,1088080.14,004/LSP/QI/06.1-I/2024,2024-01-26,2028-01-25,1055,PT Qualis Indonesia,True,0,0,0,0,0,0,0,10.999083409715857,1.5 PK,3.42,1444.7057558255326,7.579083409715857,Aktif,0,Sedang-Kurang Efisien
BESTLIFE,BEST-18QAR3 / BEST-18QAR3; BEST-18QBR3 / BEST-18QBR3; BEST-18QDR3 / BEST-18QDR3; BEST-18QFR3 / BEST-18QFR3; BEST-18QRR3 / BEST-18QRR3; BEST-18QSR3 / BEST-18QSR3; BEST-18QQR3 / BEST-18QQR3; BEST-18QZR3 / BEST-18QZR3; BEST-18FAR3 / BEST-18FAR3; BEST-18FCR3 / BEST-18FCR3; BEST-18FDR3 / BEST-18FDR3; BEST-18FRR3 / BEST-18FRR3; BEST-18FFR3 / BEST-18FFR3; BEST-18FOR3 / BEST-18FOR3; BEST-18FXR3 / BEST-18FXR3; BAC-18QAR3 / BAC-18QAR3; BAC-18QBR3 / BAC-18QBR3; BAC-18QDR3 / BAC-18QDR3; BAC-18QFR3 / BAC-18QFR3; BAC-18QRR3 / BAC-18QRR3; BAC-18QSR3 / BAC-18QSR3; BAC-18QQR3 / BAC-18QQR3; BAC-18QZR3 / BAC-18QZR3; BAC-18FAR3 / BAC-18FAR3; BAC-18FCR3 / BAC-18FCR3; BAC-18FDR3 / BAC-18FDR3; BAC-18FRR3 / BAC-18FRR3; BAC-18FFR3 / BAC-18FFR3; BAC-18FOR3 / BAC-18FOR3; BAC-18FXR3 / BAC-18FXR3; AUX-18QAR3 / AUX-18QAR3; AUX-18QBR3 / AUX-18QBR3; AUX-18QDR3 / AUX-18QDR3; AUX-18QFR3 / AUX-18QFR3; AUX-18QRR3 / AUX-18QRR3; AUX-18QSR3 / AUX-18QSR3; AUX-18QQR3 / AUX-18QQR3; AUX-18QZR3 / AUX-18QZR3; AUX-18FAR3 / AUX-18FAR3; AUX-18FCR3 / AUX-18FCR3; AUX-18FDR3 / AUX-18FDR3; AUX-18FRR3 / AUX-18FRR3; AUX-18FFR3 / AUX-18FFR3; AUX-18FOR3 / AUX-18FOR3; AUX-18FXR3 / AUX-18FXR3; BEST- 18DSC / BEST- 18DSC; BEST- 18DSC03 / BEST- 18DSC03; BEST- 18DSC05 / BEST- 18DSC05; BEST- 18DSC07 / BEST- 18DSC07; BEST- 18DSC09 / BEST- 18DSC09; BEST- 18PSC / BEST- 18PSC; BEST- 18PSC03 / BEST- 18PSC03; BEST- 18PSC05 / BEST- 18PSC05; BEST- 18PSC07 / BEST- 18PSC07; BEST- 18PSC09 / BEST- 18PSC09; BEST- 18PMI / BEST- 18PMI; BEST- 18PMI03 / BEST- 18PMI03; BEST- 18PMI05 / BEST- 18PMI05; BEST- 18PMI07 / BEST- 18PMI07; BEST- 18PMI09 / BEST- 18PMI09; BEST- 18SUMO / BEST- 18SUMO; BEST- 18SUMO03 / BEST- 18SUMO03; BEST- 18SUMO05 / BEST- 18SUMO05; BEST- 18SUMO07 / BEST- 18SUMO07; BEST- 18SUMO09 / BEST- 18SUMO09; BEST- 18QAR / BEST- 18QAR; BEST- 18QAR32 / BEST- 18QAR32,BEST-18QAR3 / BEST-18QAR3; BEST-18QBR3 / BEST-18QBR3; BEST-18QDR3 / BEST-18QDR3; BEST-18QFR3 / BEST-18QFR3; BEST-18QRR3 / BEST-18QRR3; BEST-18QSR3 / BEST-18QSR3; BEST-18QQR3 / BEST-18QQR3; BEST-18QZR3 / BEST-18QZR3; BEST-18FAR3 / BEST-18FAR3; BEST-18FCR3 / BEST-18FCR3; BEST-18FDR3 / BEST-18FDR3; BEST-18FRR3 / BEST-18FRR3; BEST-18FFR3 / BEST-18FFR3; BEST-18FOR3 / BEST-18FOR3; BEST-18FXR3 / BEST-18FXR3; BAC-18QAR3 / BAC-18QAR3; BAC-18QBR3 / BAC-18QBR3; BAC-18QDR3 / BAC-18QDR3; BAC-18QFR3 / BAC-18QFR3; BAC-18QRR3 / BAC-18QRR3; BAC-18QSR3 / BAC-18QSR3; BAC-18QQR3 / BAC-18QQR3; BAC-18QZR3 / BAC-18QZR3; BAC-18FAR3 / BAC-18FAR3; BAC-18FCR3 / BAC-18FCR3; BAC-18FDR3 / BAC-18FDR3; BAC-18FRR3 / BAC-18FRR3; BAC-18FFR3 / BAC-18FFR3; BAC-18FOR3 / BAC-18FOR3; BAC-18FXR3 / BAC-18FXR3; AUX-18QAR3 / AUX-18QAR3; AUX-18QBR3 / AUX-18QBR3; AUX-18QDR3 / AUX-18QDR3; AUX-18QFR3 / AUX-18QFR3; AUX-18QRR3 / AUX-18QRR3; AUX-18QSR3 / AUX-18QSR3; AUX-18QQR3 / AUX-18QQR3; AUX-18QZR3 / AUX-18QZR3; AUX-18FAR3 / AUX-18FAR3; AUX-18FCR3 / AUX-18FCR3; AUX-18FDR3 / AUX-18FDR3; AUX-18FRR3 / AUX-18FRR3; AUX-18FFR3 / AUX-18FFR3; AUX-18FOR3 / AUX-18FOR3; AUX-18FXR3 / AUX-18FXR3; BEST- 18DSC / BEST- 18DSC; BEST- 18DSC03 / BEST- 18DSC03; BEST- 18DSC05 / BEST- 18DSC05; BEST- 18DSC07 / BEST- 18DSC07; BEST- 18DSC09 / BEST- 18DSC09; BEST- 18PSC / BEST- 18PSC; BEST- 18PSC03 / BEST- 18PSC03; BEST- 18PSC05 / BEST- 18PSC05; BEST- 18PSC07 / BEST- 18PSC07; BEST- 18PSC09 / BEST- 18PSC09; BEST- 18PMI / BEST- 18PMI; BEST- 18PMI03 / BEST- 18PMI03; BEST- 18PMI05 / BEST- 18PMI05; BEST- 18PMI07 / BEST- 18PMI07; BEST- 18PMI09 / BEST- 18PMI09; BEST- 18SUMO / BEST- 18SUMO; BEST- 18SUMO03 / BEST- 18SUMO03; BEST- 18SUMO05 / BEST- 18SUMO05; BEST- 18SUMO07 / BEST- 18SUMO07; BEST- 18SUMO09 / BEST- 18SUMO09; BEST- 18QAR / BEST- 18QAR; BEST- 18QAR32 / BEST- 18QAR32,Non-Inverter,1621.7,18000.0,3.43,2,1119.62,1617509.24,004/LSP/QI/06.1-I/2024,2024-01-26,2028-01-25,1056,PT Qualis Indonesia,True,0,0,0,0,0,0,0,11.09946352592958,2 PK,3.43,1444.6948428931246,7.669463525929579,Aktif,3,Besar-Kurang Efisien
Sanken,ESC-05D / ESC-05L; EC-05ESCD / EC-05ESCL,ESC-05D / ESC-05L; EC-05ESCD / EC-05ESCL,Non-Inverter,357.9,5000.0,4.11,3,247.09,356975.26,006/LSP/QI/06.1-II/2024,,,1057,PT Qualis Indonesia,True,0,0,0,0,0,0,0,13.970382788488406,0.5 PK,4.11,1444.7175523088754,9.860382788488405,Tidak Ada Data,0,Sedang-Kurang Efisien
Sanken,ESC-09D / ESC-09L; EC-09ESCD / EC-09ESCL,ESC-09D / ESC-09L; EC-09ESCD / EC-09ESCL,Non-Inverter,783.4,9000.0,3.5,2,540.86,781376.11,006/LSP/QI/06.1-II/2024,,,1058,PT Qualis Indonesia,True,0,0,0,0,0,0,0,11.48838396732193,1 PK,3.5,1444.691990533595,7.98838396732193,Tidak Ada Data,0,Sedang-Kurang Efisien
Sanken,ESC-12D / ESC-12L,ESC-12D / ESC-12L,Non-Inverter,1030.1,12000.0,3.41,2,711.18,1027437.41,006/LSP/QI/06.1-II/2024,,,1059,PT Qualis Indonesia,True,0,0,0,0,0,0,0,11.649354431608582,1.5 PK,3.41,1444.6939030906383,8.239354431608582,Tidak Ada Data,0,Sedang-Kurang Efisien
Sanken,ESC-18D / ESC-18L,ESC-18D / ESC-18L,Non-Inverter,1665.7,18000.0,3.45,2,1149.99,1661394.89,006/LSP/QI/06.1-II/2024,,,1060,PT Qualis Indonesia,True,0,0,0,0,0,0,0,10.806267635228432,2 PK,3.45,1444.703771337142,7.356267635228432,Tidak Ada Data,3,Besar-Kurang Efisien
AQUA,AQA-KR9,AQA-KR9FQA / AQA-CR9FQA AQA-KR9FQD / AQA-CR9FQD,Non-Inverter,735.3,9000.0,3.23,1,2147.08,0.0,824 240037,,,1061,PT TUV Rheinland Indonesia,True,0,0,0,0,0,1,0,12.239902080783354,1 PK,3.23,0.0,9.009902080783354,Tidak Ada Data,0,Sedang-Kurang Efisien
AQUA,AQA-KR5,AQA-KR5FQA / AQA-CR5FQA AQA-KR5FQD / AQA-CR5FQD,Non-Inverter,385.3,5000.0,3.78,2,1125.08,0.0,824 240037,,,1062,PT TUV Rheinland Indonesia,True,0,0,0,0,0,1,0,12.976901116013495,0.5 PK,3.78,0.0,9.196901116013496,Tidak Ada Data,0,Sedang-Kurang Efisien
LG,H05TN4 NCAX4 / H05TN4 UCAX4,H05TN4 NCAX4 / H05TN4 UCAX4,Non-Inverter,391.1,5050.0,4.14,3,1142.01,0.0,824 240020,,,1063,PT TUV Rheinland Indonesia,True,0,0,0,0,0,1,0,12.912298644847864,0.5 PK,4.14,0.0,8.772298644847865,Tidak Ada Data,0,Sedang-Kurang Efisien
LG,H09TN4 NCAX3 / H09TN4 UCAX3,H09TN4 NCAX3 / H09TN4 UCAX3,Non-Inverter,772.0,8600.0,3.67,2,2254.24,0.0,824 240020,,,1064,PT TUV Rheinland Indonesia,True,0,0,0,0,0,1,0,11.139896373056995,1 PK,3.67,0.0,7.469896373056995,Tidak Ada Data,0,Sedang-Kurang Efisien
LG,H05TN4 NCAX4 / H05TN4 UCAX4,H05TN4 NCAX4 / H05TN4 UCAX4,Non-Inverter,391.1,5050.0,4.14,3,1142.01,0.0,824 240021,,,1065,PT TUV Rheinland Indonesia,True,0,0,0,0,0,1,0,12.912298644847864,0.5 PK,4.14,0.0,8.772298644847865,Tidak Ada Data,0,Sedang-Kurang Efisien
LG,H09TN4 NCAX3 / H09TN4 UCAX3,H09TN4 NCAX3 / H09TN4 UCAX3,Non-Inverter,772.0,8600.0,3.67,2,2254.24,0.0,824 240021,,,1066,PT TUV Rheinland Indonesia,True,0,0,0,0,0,1,0,11.139896373056995,1 PK,3.67,0.0,7.469896373056995,Tidak Ada Data,0,Sedang-Kurang Efisien
Samsung,AR07NRFLDWKXSE / AR07NRFLDWKNSE,AR07NRFLDWKXSE / AR07NRFLDWKNSE,Non-Inverter,631.5,6500.0,3.44,2,1843.98,0.0,824 230138,,,1067,PT TUV Rheinland Indonesia,False,0,0,0,0,0,1,0,10.292953285827394,1 PK,3.44,0.0,6.852953285827395,Tidak Ada Data,0,Sedang-Kurang Efisien
Samsung,AR18NRFLDWKXSE/ AR18NRFLDWKNSE,AR18NRFLDWKXSE/ AR18NRFLDWKNSE,Non-Inverter,1660.2,17000.0,3.29,1,4847.78,0.0,824 230071,,,1068,PT TUV Rheinland Indonesia,True,0,0,0,0,0,1,0,10.239730152993616,2 PK,3.29,0.0,6.949730152993616,Tidak Ada Data,3,Besar-Kurang Efisien
AQUA,AQA-KR5FQAGL / AQA-CR5FQAGL; AQA-KR5FQDGL / AQA-CR5FQDGL,AQA-KR5FQAGL / AQA-CR5FQAGL; AQA-KR5FQDGL / AQA-CR5FQDGL,Non-Inverter,395.6,5000.0,3.48,2,273.12,394577.91,014/LSP/QI/06.1-IV/2024,2024-04-02,2028-02-01,1069,PT Qualis Indonesia,False,0,0,0,0,0,0,0,12.639029322548028,0.5 PK,3.48,1444.7052943760982,9.159029322548028,Aktif,0,Sedang-Kurang Efisien
Panasonic,CS/CU-PN5AKJ,CS/CU-PN5AKJ,Non-Inverter,407.1,4684.0,3.58,2,1188.7,1717314.89,PCS 00017.04.06.HE,2024-04-02,2028-04-01,1070,PT Sucofindo (Persero),True,0,0,0,0,0,0,0,11.505772537460082,0.5 PK,3.58,1444.6999999999998,7.925772537460082,Aktif,0,Sedang-Kurang Efisien
Panasonic,"CS/CU-LN5AKJ,  CS/CU-YN5AKJ,  CS/CU-QN5AKJ.","CS/CU-LN5AKJ,  CS/CU-YN5AKJ,  CS/CU-QN5AKJ.",Non-Inverter,415.4,4779.0,3.58,2,1212.9,1752276.63,PCS 00017.04.06.HE,2024-04-02,2028-04-01,1071,PT Sucofindo (Persero),True,0,0,0,0,0,0,0,11.5045739046702,0.5 PK,3.58,1444.6999999999998,7.924573904670199,Aktif,0,Sedang-Kurang Efisien
Panasonic,CS/CU-PN7AKJ,CS/CU-PN7AKJ,Non-Inverter,583.2,6730.0,3.59,2,3.59,5186.47,PCS 00017.04.06.HE,2024-04-02,2028-04-01,1072,PT Sucofindo (Persero),True,0,0,0,0,0,0,0,11.539780521262,1 PK,3.59,1444.699164345404,7.949780521262001,Aktif,0,Sedang-Kurang Efisien
Panasonic,"CS/CU-LN7AKJ,  CS/CU-YN7AKJ,  CS/CU-QN7AKJ.","CS/CU-LN7AKJ,  CS/CU-YN7AKJ,  CS/CU-QN7AKJ.",Non-Inverter,662.6,7300.0,3.43,2,1934.7,2795061.09,PCS 00017.04.06.HE,2024-04-02,2028-04-01,1073,PT Sucofindo (Persero),True,0,0,0,0,0,0,0,11.017204950196197,1 PK,3.43,1444.6999999999998,7.587204950196197,Aktif,0,Sedang-Kurang Efisien
Panasonic,CS/CU-PN9AKJ,CS/CU-PN9AKJ,Non-Inverter,747.8,8608.0,3.58,2,2183.5,3154502.45,PCS 00017.04.06.HE,2024-04-02,2028-04-01,1074,PT Sucofindo (Persero),True,0,0,0,0,0,0,0,11.511099224391549,1 PK,3.58,1444.7,7.931099224391549,Aktif,0,Sedang-Kurang Efisien
Panasonic,"CS/CU-LN9AKJ,  CS/CU-YN9AKJ,  CS/CU-UN9AKJ,  CS/CU-QN9AKJ.","CS/CU-LN9AKJ,  CS/CU-YN9AKJ,  CS/CU-UN9AKJ,  CS/CU-QN9AKJ.",Non-Inverter,800.3,8911.0,3.47,2,2336.8,3375974.96,PCS 00017.04.06.HE,2024-04-02,2028-04-01,1075,PT Sucofindo (Persero),True,0,0,0,0,0,0,0,11.134574534549545,1 PK,3.47,1444.6999999999998,7.664574534549544,Aktif,0,Sedang-Kurang Efisien
Panasonic,"CS/CU-PN12AKJ,  CS/CU-LN12AKJ,  CS/CU-YN12AKJ,  CS/CU-UN12AKJ,  CS/CU-QN12AKJ.","CS/CU-PN12AKJ,  CS/CU-LN12AKJ,  CS/CU-YN12AKJ,  CS/CU-UN12AKJ,  CS/CU-QN12AKJ.",Non-Inverter,1022.4,11442.0,3.48,2,2985.4,4313007.38,PCS 00017.04.06.HE,2024-04-02,2028-04-01,1076,PT Sucofindo (Persero),True,0,0,0,0,0,0,0,11.19131455399061,1.5 PK,3.48,1444.6999999999998,7.71131455399061,Aktif,0,Sedang-Kurang Efisien
Midea,MSAF-05CRN2X(I) / MSAF-05CRN2X(O),MSAF-05CRN2X(I) / MSAF-05CRN2X(O),Non-Inverter,341.4,4800.0,3.99,3,235.7,340517.23,016/LSP/QI/06.1-IV/2024,2024-04-19,2028-04-18,1077,PT Qualis Indonesia,False,0,0,0,0,0,0,0,14.0597539543058,0.5 PK,3.99,1444.7061094611795,10.0697539543058,Aktif,0,Sedang-Kurang Efisien
Akari,A-05TCF89NLWi/k; A-05TC88NLWi/k,A-05TCF89NLWi/k; A-05TC88NLWi/k,Non-Inverter,372.3,5000.0,4.14,3,1087.12,1570556.49,824 240094,2024-04-23,2028-04-22,1078,PT TUV Rheinland Indonesia,False,0,0,0,0,0,0,0,13.430029546065,0.5 PK,4.14,1444.694688718817,9.290029546065,Aktif,0,Sedang-Kurang Efisien
LG,H07TN4 NCAX4 / H07TN4 UCAX4,H07TN4 NCAX4 / H07TN4 UCAX4,Non-Inverter,731.8,7500.0,3.54,2,2136.86,3087115.86,824 240115,2024-05-21,2028-05-20,1079,PT TUV Rheinland Indonesia,False,0,0,0,0,0,0,0,10.248701831101394,1 PK,3.54,1444.697294160591,6.708701831101394,Aktif,0,Sedang-Kurang Efisien
LG,H07TN4 NCAX4 / H07TN4 UCAX4,H07TN4 NCAX4 / H07TN4 UCAX4,Non-Inverter,731.8,7500.0,3.54,2,2136.86,3087115.86,824 240116,2024-05-21,2028-05-20,1080,PT TUV Rheinland Indonesia,False,0,0,0,0,0,0,0,10.248701831101394,1 PK,3.54,1444.697294160591,6.708701831101394,Aktif,0,Sedang-Kurang Efisien
Akari,A-05TC,Indoor: A-05TCF89LWi  ; A-05TC88LWi ; Outdoor: A-05TCF89LWk ; A-05TC88LWk,Non-Inverter,414.4,5200.0,3.82,3,1210.05,1748156.35,824 230086,2023-04-03,2027-04-02,1081,PT TUV Rheinland Indonesia,False,0,0,0,0,0,0,0,12.54826254826255,0.5 PK,3.82,1444.697615801,8.728262548262549,Aktif,0,Sedang-Kurang Efisien
STEKO,OXY 05EU / OXY 05EUOD,OXY 05EU / OXY 05EUOD,Non-Inverter,393.6,5000.0,3.67,2,271.74,392582.78,022/LSP/QI/06.1-VI/2024,2024-06-13,2028-06-12,1082,PT Qualis Indonesia,True,0,0,0,0,0,0,0,12.703252032520323,0.5 PK,3.67,1444.7000073599766,9.033252032520323,Aktif,0,Sedang-Kurang Efisien
STEKO,OXY 10EU /  OXY 10EUOD,OXY 10EU /  OXY 10EUOD,Non-Inverter,771.0,9000.0,3.48,2,532.0,768580.4,022/LSP/QI/06.1-VI/2024,2024-06-13,2028-06-12,1083,PT Qualis Indonesia,True,0,0,0,0,0,0,0,11.673151750972762,1 PK,3.48,1444.7,8.193151750972762,Aktif,0,Sedang-Kurang Efisien
Sanken,ESC-05AD / ESC-05AL,ESC-05AD / ESC-05AL,Non-Inverter,346.2,5000.0,4.16,3,239.02,345304.97,024/LSP/QI/06.1-VII/2024,2024-07-01,2028-06-30,1084,PT Qualis Indonesia,True,0,0,0,0,0,0,0,14.442518775274408,0.5 PK,4.16,1444.6697765877332,10.282518775274408,Aktif,0,Sedang-Kurang Efisien
Sanken,ESC-09AD / ESC-09AL,ESC-09AD / ESC-09AL,Non-Inverter,765.4,9000.0,3.45,2,528.43,763421.38,024/LSP/QI/06.1-VII/2024,2024-07-01,2028-06-30,1085,PT Qualis Indonesia,True,0,0,0,0,0,0,0,11.758557616932324,1 PK,3.45,1444.6972730541418,8.308557616932323,Aktif,0,Sedang-Kurang Efisien
Akari,A-09TC88NLWi ; A-09TC88NLWk,A-09TC88NLWi ; A-09TC88NLWk,Non-Inverter,792.4,9300.0,3.16,1,2313.81,3342758.42,824 240142,2024-07-02,2028-07-01,1086,PT TUV Rheinland Indonesia,False,0,0,0,0,0,0,0,11.736496718828874,1 PK,3.16,1444.6987522743873,8.576496718828874,Aktif,0,Sedang-Kurang Efisien
Midea,MSAF-05CRN2X (I) / MSAF-05CRN2X (O); MSFC-05CRN2X (I) / MSFC-05CRN2X (O),MSAF-05CRN2X (I) / MSAF-05CRN2X (O); MSFC-05CRN2X (I) / MSFC-05CRN2X (O),Non-Inverter,340.9,4800.0,4.14,3,235.36,340018.81,025/LSP/QI/06.1-VII/2024,2024-07-03,2028-07-02,1087,PT Qualis Indonesia,False,0,0,0,0,0,0,0,14.08037547667938,0.5 PK,4.14,1444.675433378654,9.940375476679378,Aktif,0,Sedang-Kurang Efisien
Gree,GWC-24N1/I / GWC-24N1/O,GWC-24N1/I / GWC-24N1/O,Non-Inverter,2112.8,25400.0,3.53,2,1458.67,2107340.55,031/LSP/QI/06.1-VII/2024,2024-07-19,2028-07-18,1088,PT Qualis Indonesia,False,0,0,0,0,0,0,0,12.021961378265807,3+ PK,3.53,1444.7000006855558,8.491961378265808,Aktif,3,Besar-Kurang Efisien
Midea,MSFC-09CRN2X (I) / MSFC-09CRN2X (O),MSFC-09CRN2X (I) / MSFC-09CRN2X (O),Non-Inverter,780.6,9000.0,3.5,2,538.92,778582.06,034/LSP/QI/06.1-VIII/2024,2024-08-07,2028-08-06,1089,PT Qualis Indonesia,True,0,0,0,0,0,0,0,11.529592621060722,1 PK,3.5,1444.708045721072,8.029592621060722,Aktif,0,Sedang-Kurang Efisien
Midea,MSAF-09CRN2X (I) / MSAF-09CRN2X (O),MSAF-09CRN2X (I) / MSAF-09CRN2X (O),Non-Inverter,771.1,9000.0,3.57,2,532.37,769107.72,034/LSP/QI/06.1-VIII/2024,2024-08-07,2024-08-06,1090,PT Qualis Indonesia,True,0,0,0,0,0,0,0,11.671637919854753,1 PK,3.57,1444.686439882037,8.101637919854753,Kedaluwarsa,0,Sedang-Kurang Efisien
Denpoo,DDS 09CTL 32,DDS 09CTL 32,Non-Inverter,779.9,9000.0,3.41,2,2277.31,3290026.87,824 240065,2024-09-13,2028-03-19,1091,PT TUV Rheinland Indonesia,False,0,0,0,0,0,0,0,11.539941018079242,1 PK,3.41,1444.6987322762384,8.129941018079242,Aktif,0,Sedang-Kurang Efisien
ARISTON,KIOS 5 R32 UD0-I / KIOS 5 R32 MD0-O,KIOS 5 R32 UD0-I / KIOS 5 R32 MD0-O,Non-Inverter,396.7,4618.6,3.62,2,1158.4,1673540.48,PCS 01540.01.01.HE,2024-08-12,2028-08-11,1092,PT Sucofindo (Persero),True,0,0,0,0,0,0,0,11.642551046130578,0.5 PK,3.62,1444.6999999999998,8.022551046130577,Aktif,0,Sedang-Kurang Efisien
ARISTON,KIOS 12 R32 UD0-I / KIOS 12 R32 MD0-O,KIOS 12 R32 UD0-I / KIOS 12 R32 MD0-O,Non-Inverter,1037.6,11353.4,3.41,2,3029.8,4377152.06,PCS 01540.01.01.HE,2024-08-12,2028-08-11,1093,PT Sucofindo (Persero),True,0,0,0,0,0,0,0,10.941981495759446,1.5 PK,3.41,1444.6999999999998,7.531981495759446,Aktif,0,Sedang-Kurang Efisien
ARISTON,KIOS 18 R32 UD0-I / KIOS 18 R32 MD0-O,KIOS 18 R32 UD0-I / KIOS 18 R32 MD0-O,Non-Inverter,1482.9,16396.4,3.44,2,4330.1,6255695.47,PCS 01540.01.01.HE,2024-08-12,2028-08-11,1094,PT Sucofindo (Persero),True,0,0,0,0,0,0,0,11.056982938836065,2 PK,3.44,1444.6999999999998,7.616982938836065,Aktif,3,Besar-Kurang Efisien
Honshu,HSWS05DS,HSWS05DS,Non-Inverter,433.0,5000.0,3.52,2,1264.36,1826620.89,824 240159,2024-08-19,2028-08-18,1095,PT TUV Rheinland Indonesia,True,0,0,0,0,0,0,0,11.547344110854503,0.5 PK,3.52,1444.699998418172,8.027344110854504,Aktif,0,Sedang-Kurang Efisien
Honshu,HSWS09DS,HSWS09DS,Non-Inverter,800.6,9000.0,3.18,1,2337.75,3377350.31,824 240159,2024-08-19,2028-08-18,1096,PT TUV Rheinland Indonesia,True,0,0,0,0,0,0,0,11.241568823382464,1 PK,3.18,1444.7012340926103,8.061568823382464,Aktif,0,Sedang-Kurang Efisien
Honshu,HSWS18DS,HSWS18DS,Non-Inverter,1553.0,18000.0,3.18,1,4534.76,6551367.77,824 240159,2024-08-19,2028-08-18,1098,PT TUV Rheinland Indonesia,True,0,0,0,0,0,0,0,11.59047005795235,2 PK,3.18,1444.6999995589622,8.41047005795235,Aktif,3,Besar-Kurang Efisien
Panasonic,CS-DN5BKP / CU-DN5BKP,CS-DN5BKP / CU-DN5BKP,Non-Inverter,358.1,5000.0,4.06,3,1045.65,1510653.44,824 240198,2024-08-26,2024-08-25,1099,PT TUV Rheinland Indonesia,False,0,0,0,0,0,0,0,13.962580284836635,0.5 PK,4.06,1444.702759049395,9.902580284836638,Kedaluwarsa,0,Sedang-Kurang Efisien
BESTLIFE,BEST-05QF / BEST-05QFR3; BEST-05QE / BEST-05QER3; BEST-05QG / BEST-05QGR3; BEST-05SUM / BEST-05SUMO; BEST-05LIF / BEST-05LIFE,BEST-05QF / BEST-05QFR3; BEST-05QE / BEST-05QER3; BEST-05QG / BEST-05QGR3; BEST-05SUM / BEST-05SUMO; BEST-05LIF / BEST-05LIFE,Non-Inverter,403.4,5000.0,3.81,3,278.51,402357.62,038/LSP/QI/06.1-VIII/2024,2024-08-30,2024-08-29,1100,PT Qualis Indonesia,True,0,0,0,0,0,0,0,12.394645513138324,0.5 PK,3.81,1444.67925747729,8.584645513138325,Kedaluwarsa,0,Sedang-Kurang Efisien
BESTLIFE,BEST-09QF / BEST-09QFR3; BEST-09QE / BEST-09QER3; BEST-09QG / BEST-09QGR3; BEST-09SUM / BEST-09SUMO; BEST-09LIF / BEST-09LIFE,BEST-09QF / BEST-09QFR3; BEST-09QE / BEST-09QER3; BEST-09QG / BEST-09QGR3; BEST-09SUM / BEST-09SUMO; BEST-09LIF / BEST-09LIFE,Non-Inverter,771.7,9000.0,3.47,2,532.78,769705.82,038/LSP/QI/06.1-VIII/2024,2024-08-30,2024-08-29,1101,PT Qualis Indonesia,True,0,0,0,0,0,0,0,11.66256317221718,1 PK,3.47,1444.6972859341568,8.19256317221718,Kedaluwarsa,0,Sedang-Kurang Efisien
BESTLIFE,BEST-12QF / BEST-12QFR3; BEST-12QE / BEST-12QER3; BEST-12QG / BEST-12QGR3; BEST-12SUM / BEST-12SUMO; BEST-12LIF / BEST-12LIFE,BEST-12QF / BEST-12QFR3; BEST-12QE / BEST-12QER3; BEST-12QG / BEST-12QGR3; BEST-12SUM / BEST-12SUMO; BEST-12LIF / BEST-12LIFE,Non-Inverter,1070.0,12000.0,3.47,2,738.72,1067234.56,038/LSP/QI/06.1-VIII/2024,2024-08-30,2024-08-29,1102,PT Qualis Indonesia,True,0,0,0,0,0,0,0,11.214953271028037,1.5 PK,3.47,1444.7078189300412,7.744953271028036,Kedaluwarsa,0,Sedang-Kurang Efisien
BESTLIFE,BEST-18QF / BEST-18QBEST-18QF / BEST-18QFR3; BEST-18QE / BEST-18QER3; BEST-18QG / BEST-18QGR3; BEST-18SUM / BEST-18SUMO; BEST-18LIF / BEST-18LIFEFR3,BEST-18QF / BEST-18QFR3; BEST-18QE / BEST-18QER3; BEST-18QG / BEST-18QGR3; BEST-18SUM / BEST-18SUMO; BEST-18LIF / BEST-18LIFE,Non-Inverter,1802.6,19000.0,3.14,1,1244.51,1797942.15,038/LSP/QI/06.1-VIII/2024,2024-08-30,2024-08-29,1103,PT Qualis Indonesia,True,0,0,0,0,0,0,0,10.540330633529347,2.5 PK,3.14,1444.6988372933924,7.400330633529347,Kedaluwarsa,3,Besar-Kurang Efisien
Gree,GWC-05N1A/I / GWC-05N1A/O,GWC-05N1A/I / GWC-05N1A/O,Non-Inverter,442.7,5000.0,4.19,3,305.64,441555.22,039/LSP/QI/06.1-IX/2024,2024-09-02,2028-09-01,1104,PT Qualis Indonesia,True,0,0,0,0,0,0,0,11.2943302462164,0.5 PK,4.19,1444.6905509750031,7.104330246216398,Aktif,0,Sedang-Kurang Efisien
Gree,GWC-07N1A/I / GWC-07N1A/O,GWC-07N1A/I / GWC-07N1A/O,Non-Inverter,626.6,7100.0,3.72,2,432.6,624980.11,039/LSP/QI/06.1-IX/2024,2024-09-02,2028-09-01,1105,PT Qualis Indonesia,True,0,0,0,0,0,0,0,11.330992658793487,1 PK,3.72,1444.706680536292,7.610992658793487,Aktif,0,Sedang-Kurang Efisien
Gree,GWC-09N1A/I / GWC-09N1A/O,GWC-09N1A/I / GWC-09N1A/O,Non-Inverter,782.6,9300.0,3.63,2,540.3,780577.19,039/LSP/QI/06.1-IX/2024,2024-09-02,2028-09-01,1106,PT Qualis Indonesia,True,0,0,0,0,0,0,0,11.883465371837463,1 PK,3.63,1444.7106977605035,8.253465371837464,Aktif,0,Sedang-Kurang Efisien
Gree,GWC-12N1A/I / GWC-12N1A/O,GWC-12N1A/I / GWC-12N1A/O,Non-Inverter,1014.5,12000.0,3.54,2,700.41,1011877.99,039/LSP/QI/06.1-IX/2024,2024-09-02,2028-09-01,1107,PT Qualis Indonesia,True,0,0,0,0,0,0,0,11.828486939379005,1.5 PK,3.54,1444.6938079125084,8.288486939379005,Aktif,0,Sedang-Kurang Efisien
Gree,GWC-18N1A/I / GWC-18N1A/O,GWC-18N1A/I / GWC-18N1A/O,Non-Inverter,1530.1,18000.0,3.5,2,1056.38,1526146.41,039/LSP/QI/06.1-IX/2024,2024-09-02,2028-09-01,1108,PT Qualis Indonesia,True,0,0,0,0,0,0,0,11.763936997581858,2 PK,3.5,1444.6945322705842,8.263936997581858,Aktif,3,Besar-Kurang Efisien
ARISTON,KIOS 9 R32 UD0-I / KIOS 9 R32 MD0-O,KIOS 9 R32 UD0-I / KIOS 9 R32 MD0-O,Non-Inverter,824.6,8646.2,3.26,1,2407.8,3478548.66,PCS 01540.01.02.HE,2024-09-05,2028-09-04,1109,PT Sucofindo (Persero),False,0,0,0,0,0,0,0,10.48532621877274,1 PK,3.26,1444.7,7.225326218772739,Aktif,0,Sedang-Kurang Efisien
Samsung,AR05BGHQASIN / AR05BGHQASIX,AR05BGHQASIN / AR05BGHQASIX,Non-Inverter,353.0,4800.0,3.95,3,1030.76,1489138.97,824 240215,2024-09-19,2028-09-18,1112,PT TUV Rheinland Indonesia,True,0,0,0,0,0,0,0,13.59773371104816,0.5 PK,3.95,1444.699998059684,9.647733711048158,Aktif,0,Sedang-Kurang Efisien
Samsung,AR09BGHQASIN / AR09BGHQASIX,AR09BGHQASIN / AR09BGHQASIX,Non-Inverter,773.5,9000.0,3.64,2,2258.62,3263028.31,824 240215,2024-09-19,2028-09-18,1113,PT TUV Rheinland Indonesia,True,0,0,0,0,0,0,0,11.635423400129282,1 PK,3.64,1444.6999982290072,7.995423400129281,Aktif,0,Sedang-Kurang Efisien
Samsung,AR12BGHQASIN / AR12BGHQASIX ,AR12BGHQASIN / AR12BGHQASIX ,Non-Inverter,1016.4,11500.0,3.48,2,2967.89,4287707.79,824 240215,2024-09-19,2028-09-18,1114,PT TUV Rheinland Indonesia,True,0,0,0,0,0,0,0,11.314443132624952,1.5 PK,3.48,1444.6990252334151,7.834443132624951,Aktif,0,Sedang-Kurang Efisien
TCL,Indoor Unit : TAC-05CSD/XSS (I) Outdoor Unit : TAC-05CSD/XSS (O) ; Indoor Unit : TAC-05CSD/XBS (I) Outdoor Unit : TAC-05CSD/XBS (O),Indoor Unit : TAC-05CSD/XSS (I) Outdoor Unit : TAC-05CSD/XSS (O) ; Indoor Unit : TAC-05CSD/XBS (I) Outdoor Unit : TAC-05CSD/XBS (O),Non-Inverter,384.0,5000.0,3.86,3,1121.28,1619913.22,824 240230,2024-10-01,2028-09-30,1115,PT TUV Rheinland Indonesia,True,0,0,0,0,0,0,0,13.020833333333334,0.5 PK,3.86,1444.7000035673516,9.160833333333334,Aktif,0,Sedang-Kurang Efisien
TCL,Indoor Unit : TAC-05CSD/XSS (I) Outdoor Unit : TAC-05CSD/XSS (O) ; Indoor Unit : TAC-05CSD/XBS (I) Outdoor Unit : TAC-05CSD/XBS (O),Indoor Unit : TAC-05CSD/XSS (I) Outdoor Unit : TAC-05CSD/XSS (O) ; Indoor Unit : TAC-05CSD/XBS (I) Outdoor Unit : TAC-05CSD/XBS (O),Non-Inverter,384.0,5000.0,3.86,3,1121.28,1619913.22,824 240230,2024-10-01,2028-09-30,1116,PT TUV Rheinland Indonesia,True,0,0,0,0,0,0,0,13.020833333333334,0.5 PK,3.86,1444.7000035673516,9.160833333333334,Aktif,0,Sedang-Kurang Efisien
Midea,MSAFE-05CRN2X (I) / MSAFE-05CRN2X (O),MSAFE-05CRN2X (I) / MSAFE-05CRN2X (O),Non-Inverter,424.1,5000.0,3.98,3,292.8,423003.83,052/LSP/QI/06.1-X/2024,2024-10-02,2028-10-01,1117,PT Qualis Indonesia,True,0,0,0,0,0,0,0,11.789672247111527,0.5 PK,3.98,1444.685211748634,7.809672247111528,Aktif,0,Sedang-Kurang Efisien
Midea,MSFCE-05CRN2X (I) / MSFCE-05CRN2X (O),MSFCE-05CRN2X (I) / MSFCE-05CRN2X (O),Non-Inverter,431.2,5000.0,3.5,2,297.7,430085.75,052/LSP/QI/06.1-X/2024,2024-10-02,2028-10-01,1118,PT Qualis Indonesia,True,0,0,0,0,0,0,0,11.595547309833025,0.5 PK,3.5,1444.695162915687,8.095547309833025,Aktif,0,Sedang-Kurang Efisien
LG,H12TN4 NCAX2 / H12TN4 UCAX2,H12TN4 NCAX2 / H12TN4 UCAX2,Non-Inverter,1009.3,12500.0,3.66,2,2947.16,4257756.27,824 240225,2024-10-09,2028-10-08,1119,PT TUV Rheinland Indonesia,True,0,0,0,0,0,0,0,12.384821163182403,1.5 PK,3.66,1444.6980381112664,8.724821163182405,Aktif,0,Sedang-Kurang Efisien
LG,H18TN4 NCAX2 / H18TN4 UCAX2,H18TN4 NCAX2 / H18TN4 UCAX2,Non-Inverter,1465.0,18200.0,3.79,2,4277.8,6180137.66,824 240225,2024-10-09,2028-10-08,1120,PT TUV Rheinland Indonesia,True,0,0,0,0,0,0,0,12.42320819112628,2 PK,3.79,1444.7,8.633208191126279,Aktif,3,Besar-Kurang Efisien
LG,H12TN4 NCAX2 / H12TN4 UCAX2,H12TN4 NCAX2 / H12TN4 UCAX2,Non-Inverter,1009.3,12500.0,3.66,2,2947.16,4257756.27,824 24022,2024-10-09,2028-10-08,1121,PT TUV Rheinland Indonesia,False,0,0,0,0,0,0,0,12.384821163182403,1.5 PK,3.66,1444.6980381112664,8.724821163182405,Aktif,0,Sedang-Kurang Efisien
LG,H18TN4 NCAX2 / H18TN4 UCAX2,H18TN4 NCAX2 / H18TN4 UCAX2,Non-Inverter,1465.0,18200.0,3.79,2,4277.8,6180137.66,824 240226,2024-10-09,2028-10-08,1122,PT TUV Rheinland Indonesia,False,0,0,0,0,0,0,0,12.42320819112628,2 PK,3.79,1444.7,8.633208191126279,Aktif,3,Besar-Kurang Efisien
FLIFE,FAC-05FMOO2/I / FAC-05FMOO2/O,FAC-05FMOO2/I / FAC-05FMOO2/O,Non-Inverter,394.8,5100.0,3.96,3,272.57,393780.43,054/LSP/QI/06.1-X/2024,24-10-03,2028-10-02,1123,PT Qualis Indonesia,True,0,0,0,0,0,0,0,12.917933130699089,0.5 PK,3.96,1444.6946839344023,8.95793313069909,Aktif,0,Sedang-Kurang Efisien
FLIFE,FAC-07FMOO2/I / FAC-07FMOO2/O,FAC-07FMOO2/I / FAC-07FMOO2/O,Non-Inverter,631.7,7100.0,3.49,2,436.12,630066.9,054/LSP/QI/06.1-X/2024,2024-10-03,2028-10-02,1124,PT Qualis Indonesia,True,0,0,0,0,0,0,0,11.239512426784865,1 PK,3.49,1444.7099422177382,7.749512426784864,Aktif,0,Sedang-Kurang Efisien
FLIFE,FAC-09FMOO2/I / FAC-09FMOO2/O,FAC-09FMOO2/I / FAC-09FMOO2/O,Non-Inverter,749.6,9000.0,3.71,2,517.52,747662.59,054/LSP/QI/06.1-X/2024,2024-10-03,2028-10-02,1125,PT Qualis Indonesia,True,0,0,0,0,0,0,0,12.006403415154749,1 PK,3.71,1444.7027940949142,8.29640341515475,Aktif,0,Sedang-Kurang Efisien
FLIFE,FAC-12FMOO2/I / FAC-12FMOO2/O,FAC-12FMOO2/I / FAC-12FMOO2/O,Non-Inverter,1033.5,12500.0,3.72,2,713.53,1030829.57,054/LSP/QI/06.1-X/2024,2024-10-03,2028-10-02,1126,PT Qualis Indonesia,True,0,0,0,0,0,0,0,12.094823415578132,1.5 PK,3.72,1444.689879892927,8.374823415578131,Aktif,0,Sedang-Kurang Efisien
FLIFE,FAC-18FMOO2/I / FAC-18FMOO2/O,FAC-18FMOO2/I / FAC-18FMOO2/O,Non-Inverter,1620.4,18500.0,3.55,2,1118.72,1616211.89,054/LSP/QI/06.1-X/2024,2024-10-03,2028-10-02,1127,PT Qualis Indonesia,True,0,0,0,0,0,0,0,11.41693409034806,2 PK,3.55,1444.6974131149884,7.866934090348061,Aktif,3,Besar-Kurang Efisien
Carrier,42GCNS005-703ID / 38GCNS005-703ID,42GCNS005-703ID / 38GCNS005-703ID,Non-Inverter,418.6,5000.0,3.73,2,289.0,417518.3,056/LSP/QI/06.1-X/2024,2024-10-12,2028-10-11,1128,PT Qualis Indonesia,True,0,0,0,0,0,0,0,11.944577161968466,0.5 PK,3.73,1444.7,8.214577161968466,Aktif,0,Sedang-Kurang Efisien
Carrier,42GCNS010-703ID / 38GCNS010-703ID,42GCNS010-703ID / 38GCNS010-703ID,Non-Inverter,821.6,9500.0,3.63,2,567.23,819477.18,056/LSP/QI/06.1-X/2024,2024-10-12,2028-10-11,1129,PT Qualis Indonesia,True,0,0,0,0,0,0,0,11.56280428432327,1 PK,3.63,1444.6999982370469,7.932804284323271,Aktif,0,Sedang-Kurang Efisien
Carrier,42GCNS013-703ID / 38GCNS013-703ID,42GCNS013-703ID / 38GCNS013-703ID,Non-Inverter,1139.0,12000.0,3.38,1,786.36,1136057.18,056/LSP/QI/06.1-X/2024,2024-10-12,2028-10-11,1130,PT Qualis Indonesia,True,0,0,0,0,0,0,0,10.535557506584723,1.5 PK,3.38,1444.703672618139,7.1555575065847234,Aktif,0,Sedang-Kurang Efisien
Carrier,42GCNS018-703ID / 38GCNS018-703ID,42GCNS018-703ID / 38GCNS018-703ID,Non-Inverter,1689.7,18000.0,3.3,1,1166.56,1685333.57,056/LSP/QI/06.1-X/2024,2024-10-12,2028-10-11,1131,PT Qualis Indonesia,True,0,0,0,0,0,0,0,10.652778599751436,2 PK,3.3,1444.703718625703,7.352778599751436,Aktif,3,Besar-Kurang Efisien
Carrier,42GCNS024-703ID / 38GCNS024-703ID,42GCNS024-703ID / 38GCNS024-703ID,Non-Inverter,2239.3,24000.0,3.3,1,1546.01,2233513.42,056/LSP/QI/06.1-X/2024,2024-10-12,2028-10-11,1132,PT Qualis Indonesia,True,0,0,0,0,0,0,0,10.717634975215468,3+ PK,3.3,1444.6953253859936,7.417634975215468,Aktif,3,Besar-Kurang Efisien
Toshiba,RAS-05B2KG-ID / RAS-05B2AG-ID,RAS-05B2KG-ID / RAS-05B2AG-ID,Non-Inverter,418.6,5000.0,3.73,2,289.0,417518.3,057/LSP/QI/06.1-X/2024,2024-10-12,2028-10-11,1133,PT Qualis Indonesia,True,0,0,0,0,0,0,0,11.944577161968466,0.5 PK,3.73,1444.7,8.214577161968466,Aktif,0,Sedang-Kurang Efisien
Toshiba,RAS-10B2KG-ID / RAS-10B2AG-ID,RAS-10B2KG-ID / RAS-10B2AG-ID,Non-Inverter,821.6,9500.0,3.63,2,567.23,819477.18,057/LSP/QI/06.1-X/2024,2024-10-12,2028-10-11,1134,PT Qualis Indonesia,True,0,0,0,0,0,0,0,11.56280428432327,1 PK,3.63,1444.6999982370469,7.932804284323271,Aktif,0,Sedang-Kurang Efisien
Toshiba,RAS-13B2KG-ID / RAS-13B2AG-ID,RAS-13B2KG-ID / RAS-13B2AG-ID,Non-Inverter,1139.0,12000.0,3.38,1,786.36,1136057.18,057/LSP/QI/06.1-X/2024,2024-10-12,2028-10-11,1135,PT Qualis Indonesia,True,0,0,0,0,0,0,0,10.535557506584723,1.5 PK,3.38,1444.703672618139,7.1555575065847234,Aktif,0,Sedang-Kurang Efisien
Toshiba,RAS-18B2KG-ID / RAS-18B2AG-ID,RAS-18B2KG-ID / RAS-18B2AG-ID,Non-Inverter,1689.7,18000.0,3.3,1,1166.56,1685333.57,057/LSP/QI/06.1-X/2024,2024-10-12,2028-10-11,1136,PT Qualis Indonesia,True,0,0,0,0,0,0,0,10.652778599751436,2 PK,3.3,1444.703718625703,7.352778599751436,Aktif,3,Besar-Kurang Efisien
Toshiba,RAS-24B2KG-ID / RAS-24B2AG-ID,RAS-24B2KG-ID / RAS-24B2AG-ID,Non-Inverter,2239.3,24000.0,3.3,1,1546.01,2233513.42,057/LSP/QI/06.1-X/2024,2024-10-12,2028-10-11,1137,PT Qualis Indonesia,True,0,0,0,0,0,0,0,10.717634975215468,3+ PK,3.3,1444.6953253859936,7.417634975215468,Aktif,3,Besar-Kurang Efisien
Daikin,FTC15YV14/ RC15YV14,FTC15YV14/ RC15YV14,Non-Inverter,412.7,5000.0,3.9,3,1205.08,1740984.85,824 240266,2024-10-31,2028-10-30,1138,PT TUV Rheinland Indonesia,True,0,0,0,0,0,0,0,12.1153380179307,0.5 PK,3.9,1444.7047913831448,8.2153380179307,Aktif,0,Sedang-Kurang Efisien
Daikin,FTC25YV14/ RC25YV14,FTC25YV14/ RC25YV14,Non-Inverter,732.4,9000.0,3.68,2,2138.61,3089646.98,824 240266,2024-10-31,2028-10-30,1139,PT TUV Rheinland Indonesia,True,0,0,0,0,0,0,0,12.288367012561444,1 PK,3.68,1444.6986500577475,8.608367012561443,Aktif,0,Sedang-Kurang Efisien
Daikin,FTC35YV14/ RC35YV14,FTC35YV14/ RC35YV14,Non-Inverter,1067.2,12000.0,3.66,2,3116.22,4502008.81,824 240266,2024-10-31,2028-10-30,1140,PT TUV Rheinland Indonesia,True,0,0,0,0,0,0,0,11.244377811094452,1.5 PK,3.66,1444.7018535276711,7.584377811094452,Aktif,0,Sedang-Kurang Efisien
Daikin,FTC50YV14/ RC50YV14,FTC50YV14/ RC50YV14,Non-Inverter,1563.4,17100.0,3.48,2,4565.13,6595240.42,824 240266,2024-10-31,2028-10-30,1141,PT TUV Rheinland Indonesia,True,0,0,0,0,0,0,0,10.937699884866316,2 PK,3.48,1444.6993667212105,7.457699884866315,Aktif,3,Besar-Kurang Efisien
Panasonic,"CS/CU-PN18AKJ, CS/CU-LN18AKJ, CS/CU-YN18AKJ, CS/CU-UN18AKJ, CS/CU-QN18AKJ.","CS/CU-PN18AKJ, CS/CU-LN18AKJ, CS/CU-YN18AKJ, CS/CU-UN18AKJ, CS/CU-QN18AKJ.",Non-Inverter,1613.3,17.82,3.44,2,4710.8,6805692.76,PCS 00017.04.07.HE,2024-05-27,2028-05-26,1142,PT Sucofindo (Persero),True,0,0,0,0,0,0,0,0.0110456827620405,0.5 PK,3.44,1444.6999999999998,3.4289543172379595,Aktif,0,Sedang-Kurang Efisien
Panasonic,"CS/CU-PN24AKJ, CS/CU-LN24AKJ, CS/CU-YN24AKJ, CS/CU-UN24AKJ, CS/CU-QN24AKJ.","CS/CU-PN24AKJ, CS/CU-LN24AKJ, CS/CU-YN24AKJ, CS/CU-UN24AKJ, CS/CU-QN24AKJ.",Non-Inverter,2034.6,22541.0,3.45,2,5941.0,8582962.7,PCS 00017.04.07.HE,2024-05-27,2028-05-26,1143,PT Sucofindo (Persero),True,0,0,0,0,0,0,0,11.078836134866805,2.5 PK,3.45,1444.6999999999998,7.628836134866805,Aktif,3,Besar-Kurang Efisien
Midea,MSAF-12CRN2X (I) / MSAF-12CRN2X (O); MSFC-12CRN2X (I) /  MSFC-12CRN2X (O),MSAF-12CRN2X (I) / MSAF-12CRN2X (O); MSFC-12CRN2X (I) /  MSFC-12CRN2X (O),Non-Inverter,1072.6,12000.0,3.41,2,740.52,1069827.8,070/LSP/QI/06.1-XI/2024,2024-11-19,2028-11-18,1144,PT Qualis Indonesia,False,0,0,0,0,0,0,0,11.187768040275966,1.5 PK,3.41,1444.6980500189056,7.777768040275966,Aktif,0,Sedang-Kurang Efisien
TCL,TAC-09CSDXSS2-ID / TAC-09CSDXSS2-OD ; TAC‐09CSD/XB2‐ID / TAC‐09CSD/XB2‐OD,TAC-09CSDXSS2-ID / TAC-09CSDXSS2-OD ; TAC‐09CSD/XB2‐ID / TAC‐09CSD/XB2‐OD,Non-Inverter,759.7,9000.0,3.61,2,2218.32,3204812.68,824 240278,2024-12-02,2028-12-01,1145,PT TUV Rheinland Indonesia,True,0,0,0,0,0,0,0,11.846781624325391,1 PK,3.61,1444.702603772224,8.236781624325392,Aktif,0,Sedang-Kurang Efisien
TCL,TAC-18CSD/XSS2-ID / TAC-18CSD/XSS2- OD,TAC-18CSD/XSS2-ID / TAC-18CSD/XSS2- OD,Non-Inverter,1463.8,18000.0,3.6,2,4274.3,6175075.43,824 240278,2024-12-02,2028-12-01,1146,PT TUV Rheinland Indonesia,True,0,0,0,0,0,0,0,12.29676185271212,2 PK,3.6,1444.698647731792,8.69676185271212,Aktif,3,Besar-Kurang Efisien
TECO,LS05GV / LT05GV,LS05GV / LT05GV,Non-Inverter,392.2,5000.0,3.7,2,270.77,391185.75,074/LSP/QI/06.1-XII/2024,2024-12-05,2028-12-04,1147,PT Qualis Indonesia,True,0,0,0,0,0,0,0,12.748597654258033,0.5 PK,3.7,1444.715995125014,9.048597654258032,Aktif,0,Sedang-Kurang Efisien
TECO,LS09GV / LT09GV,LS09GV / LT09GV,Non-Inverter,771.9,9000.0,3.48,2,532.92,769905.19,074/LSP/QI/06.1-XII/2024,2024-12-05,2028-12-04,1148,PT Qualis Indonesia,True,0,0,0,0,0,0,0,11.65954139137194,1 PK,3.48,1444.6918674472715,8.17954139137194,Aktif,0,Sedang-Kurang Efisien
TECO,LS12GV / LT12GV,LS12GV / LT12GV,Non-Inverter,1071.0,12000.0,3.47,2,740.0,1069078.0,074/LSP/QI/06.1-XII/2024,2024-12-05,2028-12-04,1149,PT Qualis Indonesia,True,0,0,0,0,0,0,0,11.204481792717086,1.5 PK,3.47,1444.7,7.734481792717085,Aktif,0,Sedang-Kurang Efisien
TECO,LS18GV / LT18GV,LS18GV / LT18GV,Non-Inverter,1776.7,19000.0,3.51,2,1228.0,1774091.6,074/LSP/QI/06.1-XII/2024,2024-12-05,2028-12-04,1150,PT Qualis Indonesia,True,0,0,0,0,0,0,0,10.69398322733157,2.5 PK,3.51,1444.7,7.18398322733157,Aktif,3,Besar-Kurang Efisien
HISENSE,AN05CDG,AN05CDG,Non-Inverter,417.1,4952.21,3.7,2,1217.93,1759546.36,7489.796/23.120/IV/2023,2023-04-11,2027-04-10,1151,Balai Besar Standardisasi dan Pelayanan Jasa Industri Bahan dan Barang Teknik (BBSPJIBBT),True,0,0,0,0,0,0,0,11.872956125629344,0.5 PK,3.7,1444.702372057507,8.172956125629344,Aktif,0,Sedang-Kurang Efisien
HISENSE,AN09CDG,AN09CDG,Non-Inverter,845.9,9331.22,3.43,2,2470.03,3568449.45,7489.796/23.120/IV/2023,2023-04-11,2027-04-10,1152,Balai Besar Standardisasi dan Pelayanan Jasa Industri Bahan dan Barang Teknik (BBSPJIBBT),True,0,0,0,0,0,0,0,11.03111478898215,1 PK,3.43,1444.6988295688716,7.60111478898215,Aktif,0,Sedang-Kurang Efisien
HISENSE,AN12CDG,AN12CDG,Non-Inverter,974.3,11938.74,3.81,3,2844.96,4110107.93,7489.796/23.120/IV/2023,2023-04-11,2023-04-10,1153,Balai Besar Standardisasi dan Pelayanan Jasa Industri Bahan dan Barang Teknik (BBSPJIBBT),True,0,0,0,0,0,0,0,12.25365903725752,1.5 PK,3.81,1444.6979676339913,8.443659037257518,Kedaluwarsa,0,Sedang-Kurang Efisien
HISENSE,AN18CDG,AN18CDG,Non-Inverter,1648.1,18118.61,3.42,2,4812.45,6952549.4,7489.796/23.120/IV/2023,2023-04-11,2027-04-10,1154,Balai Besar Standardisasi dan Pelayanan Jasa Industri Bahan dan Barang Teknik (BBSPJIBBT),True,0,0,0,0,0,0,0,10.993635094957831,2 PK,3.42,1444.700599486748,7.573635094957831,Aktif,3,Besar-Kurang Efisien
AQUA,AQA-KCR,AQA-KR5FQA3 / AQA-CR5FQA3 ; AQA-KR5FQB3 / AQA-CR5FQB3 ; AQA-KR5FQD3 / AQA-CR5FQD3 ,Non-Inverter,369.7,5000.0,3.8,3,1079.52,1559588.32,824 240305,2025-01-07,2029-01-06,1155,PT TUV Rheinland Indonesia,False,0,0,0,0,0,0,0,13.52447930754666,0.5 PK,3.8,1444.70535052616,9.72447930754666,Aktif,0,Sedang-Kurang Efisien
Denpoo,DDS 18CTL 32 (Indoor) ; DDS 18CTL 32 (Outdoor),DDS 18CTL 32 (Indoor) ; DDS 18CTL 32 (Outdoor),Non-Inverter,1478.2,18000.0,3.82,3,4316.34,6235822.18,824 250011,2025-01-14,2029-01-13,1156,PT TUV Rheinland Indonesia,False,0,0,0,0,0,0,0,12.176971992964416,2 PK,3.82,1444.7013395608317,8.356971992964416,Aktif,3,Besar-Kurang Efisien
ARISTON,KIOS 9 R32 UD1-I / KIOS 9 R32 MD1-O,KIOS 9 R32 UD1-I / KIOS 9 R32 MD1-O,Non-Inverter,780.9,8564.3,3.41,2,2280.2,3294204.94,PCS 01540.01.03.HE,2025-01-31,2029-01-30,1157,PT Sucofindo (Persero),False,0,0,0,0,0,0,0,10.967217313356382,1 PK,3.41,1444.7,7.557217313356382,Aktif,0,Sedang-Kurang Efisien
Sharp,AH-A9CAY (Indoor) ; AU-A9CAY (Outdoor),AH-A9CAY (Indoor) ; AU-A9CAY (Outdoor),Non-Inverter,769.9,9000.0,3.55,2,2248.11,3247841.63,824 250041,2025-02-19,2029-02-18,1158,PT TUV Rheinland Indonesia,False,0,0,0,0,0,0,0,11.689829848032211,1 PK,3.55,1444.6987158101692,8.139829848032214,Aktif,0,Sedang-Kurang Efisien
Gree,GWC-07N1/I / GWC-07N1/O,GWC-07N1/I / GWC-07N1/O,Non-Inverter,627.5,7100.0,3.66,2,433.22,625878.71,012/LSP/QI/06.1-II/2025,2025-02-21,2029-02-20,1159,PT Qualis Indonesia,True,0,0,0,0,0,0,0,11.314741035856574,1 PK,3.66,1444.7133327177876,7.654741035856574,Aktif,0,Sedang-Kurang Efisien
Gree,GWC-09N1/I / GWC-09N1/O,GWC-09N1/I / GWC-09N1/O,Non-Inverter,805.2,9300.0,3.57,2,555.91,803118.84,012/LSP/QI/06.1-II/2025,2025-02-21,2029-02-20,1160,PT Qualis Indonesia,True,0,0,0,0,0,0,0,11.549925484351713,1 PK,3.57,1444.6921983774353,7.979925484351712,Aktif,0,Sedang-Kurang Efisien
TCL,TAC- 09CSD/XSS(I) / TAC- 09CSD/XSS(O),TAC- 09CSD/XSS(I) / TAC- 09CSD/XSS(O),Non-Inverter,771.1,9000.0,3.74,2,2251.61,3252903.86,824 240334,2025-01-03,2029-01-02,1161,PT TUV Rheinland Indonesia,True,0,0,0,0,0,0,0,11.671637919854753,1 PK,3.74,1444.7012848583902,7.931637919854753,Aktif,0,Sedang-Kurang Efisien
TCL,TAC- 12CSD/XSS(I) / TAC- 12CSD/XSS(O),TAC- 12CSD/XSS(I) / TAC- 12CSD/XSS(O),Non-Inverter,1086.7,12250.0,3.52,2,3173.16,4584270.03,824 240334,2025-01-03,2029-01-02,1162,PT TUV Rheinland Indonesia,True,0,0,0,0,0,0,0,11.27266034784209,1.5 PK,3.52,1444.7018208977802,7.75266034784209,Aktif,0,Sedang-Kurang Efisien
TCL,TAC- 18CSD/XSS(I) / TAC- 18CSD/XSS(O),TAC- 18CSD/XSS(I) / TAC- 18CSD/XSS(O),Non-Inverter,1510.6,18000.0,3.52,2,4410.95,6372502.35,824 240334,2025-01-03,2029-01-02,1163,PT TUV Rheinland Indonesia,True,0,0,0,0,0,0,0,11.915795048325167,2 PK,3.52,1444.7006540541154,8.39579504832517,Aktif,3,Besar-Kurang Efisien
TCL,TAC-SD/XS2,"Indoor Unit: TAC-05CSD/XS2-ID, TAC-05CSD/XS-ID, TAC-05CSD/XB-ID Outdoor Unit:TAC-05CSD/XS2-OD, TAC-05CSD/XS-OD, TAC-05CSD/XB-OD",Non-Inverter,382.5,5000.0,3.91,3,1116.9,1613585.43,824 240064,2024-03-14,2028-03-13,1164,PT TUV Rheinland Indonesia,False,0,0,0,0,0,0,0,13.0718954248366,0.5 PK,3.91,1444.6999999999998,9.1618954248366,Aktif,0,Sedang-Kurang Efisien
Fujiaire,FJW05C-MF3-IU / FJL05C-MF3-OU,FJW05C-MF3-IU / FJL05C-MF3-OU,Non-Inverter,481.9,5000.0,3.76,2,332.7,480654.58,014/LSP/QI/06.1-III/2025,2025-03-04,2029-03-03,1165,PT Qualis Indonesia,True,0,0,0,0,0,0,0,10.375596596804316,0.5 PK,3.76,1444.7086865043584,6.615596596804316,Aktif,0,Sedang-Kurang Efisien
Fujiaire,FJW09C-MF3-IU / FJL09C-MF3-OU,FJW09C-MF3-IU / FJL09C-MF3-OU,Non-Inverter,823.7,9000.0,3.56,2,568.68,821572.0,014/LSP/QI/06.1-III/2025,2025-03-04,2029-03-03,1166,PT Qualis Indonesia,True,0,0,0,0,0,0,0,10.926308121889036,1 PK,3.56,1444.700007033833,7.366308121889036,Aktif,0,Sedang-Kurang Efisien
Fujiaire,FJW12C-MF3-IU / FJL12C-MF3-OU,FJW12C-MF3-IU / FJL12C-MF3-OU,Non-Inverter,1091.3,12000.0,3.42,2,753.43,1088480.32,014/LSP/QI/06.1-III/2025,2025-03-04,2029-03-03,1167,PT Qualis Indonesia,True,0,0,0,0,0,0,0,10.99605974525795,1.5 PK,3.42,1444.699998672737,7.57605974525795,Aktif,0,Sedang-Kurang Efisien
Fujiaire,FJW18C-MF3-IU / FJL18C-MF3-OU,FJW18C-MF3-IU / FJL18C-MF3-OU,Non-Inverter,1678.0,18000.0,3.41,2,1158.49,1673663.28,014/LSP/QI/06.1-III/2025,2025-03-04,2029-03-03,1168,PT Qualis Indonesia,True,0,0,0,0,0,0,0,10.72705601907032,2 PK,3.41,1444.69376515982,7.317056019070321,Aktif,3,Besar-Kurang Efisien
Hitachi,"RAK-AJ05PCASN, RAC-AJ05PCASN, RAK-AH05PCASN, RAC-AH05PCASN",RAK-AJ05PCASN / RAC-AJ05PCASN,Non-Inverter,400.2,5307.25,4.13,3,1168.58,1688253.3,8686.796/23.120/V/2024,2024-05-29,2028-05-28,1169,Balai Besar Standardisasi dan Pelayanan Jasa Industri Bahan dan Barang Teknik (BBSPJIBBT),True,0,0,0,0,0,0,0,13.261494252873565,0.5 PK,4.13,1444.7049410395523,9.131494252873562,Aktif,0,Sedang-Kurang Efisien
Hitachi,"RAK-AJ06PCASN, RAC-AJ06PCASN, RAK-AH06PCASN, RAC-AH06PCASN ",RAK-AJ06PCASN / RAC-AJ06PCASN,Non-Inverter,493.6,5966.13,3.76,2,1441.31,2082263.45,8686.796/23.120/V/2024,2024-05-29,2028-05-28,1170,Balai Besar Standardisasi dan Pelayanan Jasa Industri Bahan dan Barang Teknik (BBSPJIBBT),True,0,0,0,0,0,0,0,12.08697325769854,1 PK,3.76,1444.7020072017815,8.32697325769854,Aktif,0,Sedang-Kurang Efisien
Hitachi,"RAK-AJ10PCASN, RAC-AJ10PCASN, RAK-AH10PCASN, RAC-AH10PCASN",RAK-AJ10PCASN / RAC-AJ10PCASN,Non-Inverter,800.6,9306.28,3.62,2,2337.75,3377350.31,8686.796/23.120/V/2024,2024-05-29,2028-05-28,1171,Balai Besar Standardisasi dan Pelayanan Jasa Industri Bahan dan Barang Teknik (BBSPJIBBT),True,0,0,0,0,0,0,0,11.624131901074197,1 PK,3.62,1444.7012340926103,8.004131901074196,Aktif,0,Sedang-Kurang Efisien
Hitachi,"RAK-AJ13PCASN, RAC-AJ13PCASN, RAK-AH13PCASN, RAC-AH13PCASN",RAK-AJ13PCASN / RAC-AJ13PCASN,Non-Inverter,1015.1,11499.94,3.53,2,2964.09,4282223.71,8686.796/23.120/V/2024,2024-05-29,2028-05-28,1172,Balai Besar Standardisasi dan Pelayanan Jasa Industri Bahan dan Barang Teknik (BBSPJIBBT),True,0,0,0,0,0,0,0,11.328874002561324,1.5 PK,3.53,1444.7009739920177,7.798874002561325,Aktif,0,Sedang-Kurang Efisien
Hitachi,"RAK-AJ18PCASN, RAC-AJ18PCASN, RAK-AH18PCASN,      RAC-AH18PCASN",RAK-AJ18PCASN / RAC-AJ18PCASN,Non-Inverter,1585.7,17376.33,3.41,2,4630.24,6689313.51,8686.796/23.120/V/2024,2024-05-29,2028-05-28,1173,Balai Besar Standardisasi dan Pelayanan Jasa Industri Bahan dan Barang Teknik (BBSPJIBBT),True,0,0,0,0,0,0,0,10.958144667969982,2 PK,3.41,1444.701248747365,7.548144667969982,Aktif,3,Besar-Kurang Efisien
Hitachi,"RAK-AJ24PCASN, RAC-AJ24PCASN, RAK-AH24PCASN, RAC-AH24PCASN ",RAK-AJ24PCASN / RAC-AJ24PCASN,Non-Inverter,1909.6,21995.01,3.58,2,5576.03,8055693.43,8686.796/23.120/V/2024,2024-05-29,2028-05-28,1174,Balai Besar Standardisasi dan Pelayanan Jasa Industri Bahan dan Barang Teknik (BBSPJIBBT),True,0,0,0,0,0,0,0,11.518124214495185,2.5 PK,3.58,1444.700518110555,7.938124214495183,Aktif,3,Besar-Kurang Efisien
TCL,TAC09CSD,"Indoor Unit: TAC-09CSD/XB-ID Outdoor Unit: TAC-09CSD/XB-OD, Indoor Unit: TAC-09CSD/ XS-ID Outdoor Unit: TAC-09CSD/ XS-OD,Indoor Unit: TAC-09CSD/XS2-ID Outdoor Unit: TAC-09CSD/XS2-OD",Non-Inverter,805.0,9000.0,3.13,1,2350.6,3395911.82,824 240070,2024-03-14,2028-03-13,1175,PT TUV Rheinland Indonesia,True,0,0,0,0,0,0,0,11.180124223602483,1 PK,3.13,1444.7,8.050124223602484,Aktif,0,Sedang-Kurang Efisien
TCL,TAC-12CSD,"Indoor: TAC-12CSD/ XS-ID Outdoor: TAC-12CSD/ XS-OD, Indoor Unit: TAC-12CSD/ XS2-ID Outdoor Unit: TAC-12CSD/ XS2-OD",Non-Inverter,1063.0,12000.0,3.19,1,3103.96,4484291.01,824 240070,2024-03-14,2028-03-13,1176,PT TUV Rheinland Indonesia,True,0,0,0,0,0,0,0,11.288805268109126,1.5 PK,3.19,1444.6999993556617,8.098805268109126,Aktif,0,Sedang-Kurang Efisien
TCL,TAC-18CSD,"Indoor: TAC-18CSD/ XS-ID Outdoor: TAC-18CSD/ XS-OD, Indoor Unit: TAC-18CSD/ XS2-ID Outdoor Unit: TAC-18CSD/ XS2-OD",Non-Inverter,1504.3,18000.0,3.2,1,4392.56,6345925.65,824 240070,2024-03-14,2028-03-13,1177,PT TUV Rheinland Indonesia,True,0,0,0,0,0,0,0,11.965698331449843,2 PK,3.2,1444.6986836833191,8.765698331449844,Aktif,3,Besar-Kurang Efisien
CAWANG,EP-SN-18-UGM-1/EU-SN-18-UGM-1,EP-SN-18-UGM-1/EU-SN-18-UGM-1,Non-Inverter,1612.7,17836.2,3.44,2,4709.1,6803236.77,PCS 00918.01.04.HE,2025-02-18,2029-02-17,1178,PT Sucofindo (Persero),False,0,0,0,0,0,0,0,11.05983753952998,2 PK,3.44,1444.6999999999998,7.619837539529982,Aktif,3,Besar-Kurang Efisien
LG,H12TN4 NCAX3 / H12TN4 UCAX3,H12TN4 NCAX3 / H12TN4 UCAX3,Non-Inverter,1040.7,11600.0,3.4,2,3038.84,4390217.93,824 240312,2025-01-03,2029-01-02,1179,PT TUV Rheinland Indonesia,True,0,0,0,0,0,0,0,11.146343807052943,1.5 PK,3.4,1444.7019026997143,7.746343807052945,Aktif,0,Sedang-Kurang Efisien
LG,H18TN4 NCAX3 / H18TN4 UCAX3,H18TN4 NCAX3 / H18TN4 UCAX3,Non-Inverter,1467.0,17000.0,3.66,2,4283.64,6188574.71,824 240312,2025-01-03,2029-01-02,1180,PT TUV Rheinland Indonesia,True,0,0,0,0,0,0,0,11.588275391956374,2 PK,3.66,1444.7000004668926,7.928275391956374,Aktif,3,Besar-Kurang Efisien
LG,H12TN4 NCAX3 / H12TN4 UCAX3,H12TN4 NCAX3 / H12TN4 UCAX3,Non-Inverter,1040.7,11600.0,3.4,2,3038.84,4390217.93,824 240313,2025-01-03,2029-01-02,1181,PT TUV Rheinland Indonesia,True,0,0,0,0,0,0,0,11.146343807052943,1.5 PK,3.4,1444.7019026997143,7.746343807052945,Aktif,0,Sedang-Kurang Efisien
LG,H18TN4 NCAX3 / H18TN4 UCAX3,H18TN4 NCAX3 / H18TN4 UCAX3,Non-Inverter,1467.0,17000.0,3.66,2,4283.64,6188574.71,824 240313,2025-01-03,2029-01-02,1182,PT TUV Rheinland Indonesia,True,0,0,0,0,0,0,0,11.588275391956374,2 PK,3.66,1444.7000004668926,7.928275391956374,Aktif,3,Besar-Kurang Efisien
ARISTON,KIOS 12 R32 UD1-I / KIOS 12 R32 MD1-O,KIOS 12 R32 UD1-I / KIOS 12 R32 MD1-O,Non-Inverter,1062.5,11636.3,3.41,2,3102.5,4482181.75,PCS 01540.01.04.HE,2025-04-14,2029-04-13,1183,PT Sucofindo (Persero),False,0,0,0,0,0,0,0,10.951811764705882,1.5 PK,3.41,1444.7,7.541811764705882,Aktif,0,Sedang-Kurang Efisien
Changhong,CSC-09RDX4A / CSC-09RDX4A,CSC-09RDX4A / CSC-09RDX4A,Non-Inverter,752.4,8500.0,3.41,2,519.45,750455.19,024/LSP/QI/06.1-IV/2025,2025-04-23,2029-04-22,1184,PT Qualis Indonesia,False,0,0,0,0,0,0,0,11.297182349813928,1 PK,3.41,1444.7111175281543,7.887182349813928,Aktif,0,Sedang-Kurang Efisien
MODENA,RA0521AAWH / RA0531AAWH,RA0521AAWH / RA0531AAWH,Non-Inverter,410.2,5000.0,3.99,3,283.2,409140.48,027/LSP/QI/06.1-V/2025,2025-05-07,2029-05-06,1185,PT Qualis Indonesia,True,0,0,0,0,0,0,0,12.18917601170161,0.5 PK,3.99,1444.7050847457626,8.19917601170161,Aktif,0,Sedang-Kurang Efisien
MODENA,RA1221AAWH / RA1231AAWH,RA1221AAWH / RA1231AAWH,Non-Inverter,1080.4,12000.0,3.41,2,745.9,1077607.51,027/LSP/QI/06.1-V/2025,2025-05-07,2029-05-06,1187,PT Qualis Indonesia,True,0,0,0,0,0,0,0,11.10699740836727,1.5 PK,3.41,1444.70774902802,7.69699740836727,Aktif,0,Sedang-Kurang Efisien
BEKO,BSFSAN 050 (Indoor) ; BSFSAN 051 (Outdoor),BSFSAN 050 (Indoor) ; BSFSAN 051 (Outdoor),Non-Inverter,359.0,5000.0,3.98,3,1048.28,1514450.12,824 250100,2025-05-14,2029-05-13,1188,PT TUV Rheinland Indonesia,True,0,0,0,0,0,0,0,13.927576601671309,0.5 PK,3.98,1444.7000038157746,9.947576601671308,Aktif,0,Sedang-Kurang Efisien
BEKO,BSFSAN 090 (Indoor) ; BSFSAN 091 (Outdoor),BSFSAN 090 (Indoor) ; BSFSAN 091 (Outdoor),Non-Inverter,793.8,9000.0,4.34,4,2317.9,3348664.35,824 250100,2025-05-14,2029-05-13,1189,PT TUV Rheinland Indonesia,True,0,0,0,0,0,0,0,11.337868480725623,1 PK,4.34,1444.6975063635186,6.997868480725625,Aktif,0,Sedang-Kurang Efisien
CUCKOO,CA-FRC0310W (Indoor) ; CA-FRC0310W (Outdoor),CA-FRC0310W (Indoor) ; CA-FRC0310W (Outdoor),Non-Inverter,380.5,5000.0,3.81,3,1111.06,1605148.38,824 250129,2025-05-21,2029-05-20,1190,PT TUV Rheinland Indonesia,True,0,0,0,0,0,0,0,13.140604467805518,0.5 PK,3.81,1444.6999981999172,9.330604467805518,Aktif,0,Sedang-Kurang Efisien
CUCKOO,CA-FRC0620W (Indoor) ; CA-FRC0620W (Outdoor),CA-FRC0620W (Indoor) ; CA-FRC0620W (Outdoor),Non-Inverter,772.8,9000.0,3.51,2,2256.58,3260075.35,824 250129,2025-05-21,2029-05-20,1191,PT TUV Rheinland Indonesia,True,0,0,0,0,0,0,0,11.645962732919257,1 PK,3.51,1444.697440374372,8.135962732919255,Aktif,0,Sedang-Kurang Efisien
TRON,TWC05TNAS/I / TWC05TNAS/O,TWC05TNAS/I / TWC05TNAS/O,Non-Inverter,395.3,5590.11,4.4,4,1154.28,1667582.54,9651.451/23.120/IV/2025,2025-04-15,2029-04-14,1192,Balai Besar Standardisasi dan Pelayanan Jasa Industri Bahan dan Barang Teknik (BBSPJIBBT),True,0,0,0,0,0,0,0,14.14143688337971,1 PK,4.4,1444.6949960148318,9.74143688337971,Aktif,0,Sedang-Kurang Efisien
TRON,TWC07TNAS/I / TWC07TNAS/O,TWC07TNAS/I / TWC07TNAS/O,Non-Inverter,624.8,7614.19,3.79,2,1824.42,2635733.8,9651.451/23.120/IV/2025,2025-04-15,2029-04-14,1193,Balai Besar Standardisasi dan Pelayanan Jasa Industri Bahan dan Barang Teknik (BBSPJIBBT),True,0,0,0,0,0,0,0,12.18660371318822,1 PK,3.79,1444.6968351585708,8.39660371318822,Aktif,0,Sedang-Kurang Efisien
TRON,TWC09TNAS/I / TWC09TNAS/O,TWC09TNAS/I / TWC09TNAS/O,Non-Inverter,796.3,9127.14,3.57,2,2325.2,3359210.66,9651.451/23.120/IV/2025,2025-04-15,2029-04-14,1194,Balai Besar Standardisasi dan Pelayanan Jasa Industri Bahan dan Barang Teknik (BBSPJIBBT),True,0,0,0,0,0,0,0,11.461936456109507,1 PK,3.57,1444.6975141923276,7.891936456109507,Aktif,0,Sedang-Kurang Efisien
TRON,TWC12TNAS/I / TWC12TNAS/O,TWC12TNAS/I / TWC12TNAS/O,Non-Inverter,1056.2,11721.73,3.45,2,3084.1,4455605.05,9651.451/23.120/IV/2025,2025-04-15,2029-04-14,1195,Balai Besar Standardisasi dan Pelayanan Jasa Industri Bahan dan Barang Teknik (BBSPJIBBT),True,0,0,0,0,0,0,0,11.098021208104525,1.5 PK,3.45,1444.7018741285951,7.648021208104525,Aktif,0,Sedang-Kurang Efisien
TRON,TWC18TNAS/I / TWC18TNAS/O,TWC18TNAS/I / TWC18TNAS/O,Non-Inverter,1701.2,18610.16,3.4,2,4967.5,7176553.03,9651.451/23.120/IV/2025,2025-04-15,2029-04-14,1196,Balai Besar Standardisasi dan Pelayanan Jasa Industri Bahan dan Barang Teknik (BBSPJIBBT),True,0,0,0,0,0,0,0,10.93943098988949,2 PK,3.4,1444.701163563161,7.539430989889489,Aktif,3,Besar-Kurang Efisien
Sanken,ESC-05CD / ESC-05CL,ESC-05CD / ESC-05CL,Non-Inverter,388.0,5000.0,3.99,3,267.87,386997.57,032/LSP/QI/06.1-VI/2025,2025-06-19,2029-06-18,1197,PT Qualis Indonesia,False,0,0,0,0,0,0,0,12.88659793814433,0.5 PK,3.99,1444.7215813640946,8.89659793814433,Aktif,0,Sedang-Kurang Efisien
LG,K05NSA NIN / K05NSA UIN; K05NSB NIN / K05NSB UIN,K05NSA NIN / K05NSA UIN; K05NSB NIN / K05NSB UIN,Non-Inverter,414.8,5000.0,3.83,3,286.38,413727.41,034/LSP/QI/06.1-VI/2025,2025-06-19,2029-06-18,1198,PT Qualis Indonesia,False,0,0,0,0,0,0,0,12.054001928640307,0.5 PK,3.83,1444.6798309937844,8.224001928640309,Aktif,0,Sedang-Kurang Efisien
Gree,GWC-05N1/I /  GWC-05N1/O,GWC-05N1/I /  GWC-05N1/O,Non-Inverter,410.7,5100.0,3.95,3,283.55,409638.91,037/LSP/QI/06.1-VI/2025,2025-06-26,2029-06-25,1199,PT Qualis Indonesia,False,0,0,0,0,0,0,0,12.41782322863404,0.5 PK,3.95,1444.6796332216538,8.467823228634039,Aktif,0,Sedang-Kurang Efisien
AIWA,AER-S2A05ADC,AER-K2E05ADC,Non-Inverter,487.1,6089.99,3.89,3,1422.33,2054843.04,9778.1368/23.120/V/2025,2025-05-21,2029-05-20,1200,Balai Besar Standardisasi dan Pelayanan Jasa Industri Bahan dan Barang Teknik (BBSPJIBBT),False,0,0,0,0,0,0,0,12.50254567850544,1 PK,3.89,1444.7020311742,8.61254567850544,Aktif,0,Sedang-Kurang Efisien
COMFEE,CFS-05FSTF / CFS-05FSTC,CFS-05FSTF / CFS-05FSTC,Non-Inverter,428.0,5000.0,3.53,2,295.14,426394.54,040/LSP/QI/06.1-VII/2025,2025-07-11,2029-07-10,1201,PT Qualis Indonesia,False,0,0,0,0,0,0,0,11.682242990654206,0.5 PK,3.53,1444.7195907027174,8.152242990654207,Aktif,0,Sedang-Kurang Efisien
Midea,MSAF-07CRN2X(I) /  MSAF-07CRN2X(O),MSAF-07CRN2X(I) /  MSAF-07CRN2X(O),Non-Inverter,656.3,7000.0,3.73,2,453.11,654603.68,041/LSP/QI/06.1-VII/2025,2025-07-11,2029-07-10,1202,PT Qualis Indonesia,True,0,0,0,0,0,0,0,10.66585403016913,1 PK,3.73,1444.6904283728013,6.93585403016913,Aktif,0,Sedang-Kurang Efisien
Midea,MSAFE-18CRN2X(I) /  MSAFE-18CRN2X(O),MSAFE-18CRN2X(I) /  MSAFE-18CRN2X(O),Non-Inverter,1506.2,18000.0,3.45,2,1039.88,1502307.41,041/LSP/QI/06.1-VII/2025,2025-07-11,2029-07-10,1203,PT Qualis Indonesia,True,0,0,0,0,0,0,0,11.95060416943301,2 PK,3.45,1444.693051121283,8.50060416943301,Aktif,3,Besar-Kurang Efisien
COMFEE,CFS-09FSTF / CFS-09FSTC,CFS-09FSTF / CFS-09FSTC,Non-Inverter,815.4,9000.0,3.55,2,562.95,813292.42,049/LSP/QI/06.1-VII/2025,2025-07-22,2029-07-21,1204,PT Qualis Indonesia,True,0,0,0,0,0,0,0,11.037527593818984,1 PK,3.55,1444.6974331645797,7.487527593818984,Aktif,0,Sedang-Kurang Efisien
COMFEE,CFS-12FSTF / CFS-12FSTC,CFS-12FSTF / CFS-12FSTC,Non-Inverter,1017.3,12000.0,3.41,2,702.34,1014670.6,049/LSP/QI/06.1-VII/2025,2025-07-22,2029-07-21,1205,PT Qualis Indonesia,True,0,0,0,0,0,0,0,11.795930404010615,1.5 PK,3.41,1444.7000028476236,8.385930404010617,Aktif,0,Sedang-Kurang Efisien
AQUA,AQA-KR12QAL3 / AQA-CR12QAL3,AQA-KR12QAL3 / AQA-CR12QAL3,Non-Inverter,963.8,12500.0,3.6,2,665.4,961309.16,051/LSP/QI/06.1-VII/2025,2025-07-28,2029-07-27,1206,PT Qualis Indonesia,True,0,0,0,0,0,0,0,12.969495746005396,1.5 PK,3.6,1444.7086865043584,9.369495746005397,Aktif,0,Sedang-Kurang Efisien
AQUA,AQA-KR18FQBL3 / AQA-CR18FQBL3; AQA-KR18FQAL3 / AQA-CR18FQAL3,AQA-KR18FQBL3 / AQA-CR18FQBL3; AQA-KR18FQAL3 / AQA-CR18FQAL3,Non-Inverter,1555.5,19100.0,4.09,3,1073.91,1551480.67,051/LSP/QI/06.1-VII/2025,2025-07-28,2029-07-27,1207,PT Qualis Indonesia,True,0,0,0,0,0,0,0,12.279009964641594,2.5 PK,4.09,1444.702693894274,8.189009964641594,Aktif,3,Besar-Kurang Efisien
AQUA,AQA-KR25FQAL3 / AQA-CR25FQAL3,AQA-KR25FQAL3 / AQA-CR25FQAL3,Non-Inverter,1946.6,25000.0,3.63,2,1343.93,1941569.89,051/LSP/QI/06.1-VII/2025,2025-07-28,2029-07-27,1208,PT Qualis Indonesia,True,0,0,0,0,0,0,0,12.842905578958185,3+ PK,3.63,1444.6956984366743,9.212905578958186,Aktif,3,Besar-Kurang Efisien
AQUA,AQA-KR5FQBL3 / AQA-CR5FQBL3; AQA-KR5FQAL3 / AQA-CR5FQAL3; AQA-KR5FQDL3 / AQA-CR5FQDL3; AQA-KR5FQBL3S / AQA-CR5FQBL3S; AQA-KR5FQAL3S / AQA-CR5FQAL3S; AQA-KR5FQDL3S / AQA-CR5FQDL3S,AQA-KR5FQBL3 / AQA-CR5FQBL3; AQA-KR5FQAL3 / AQA-CR5FQAL3; AQA-KR5FQDL3 / AQA-CR5FQDL3; AQA-KR5FQBL3S / AQA-CR5FQBL3S; AQA-KR5FQAL3S / AQA-CR5FQAL3S; AQA-KR5FQDL3S / AQA-CR5FQDL3S,Non-Inverter,368.8,5000.0,3.93,3,254.62,367846.62,051/LSP/QI/06.1-VII/2025,2025-07-28,2029-07-27,1209,PT Qualis Indonesia,True,0,0,0,0,0,0,0,13.557483731019522,0.5 PK,3.93,1444.688634042887,9.627483731019522,Aktif,0,Sedang-Kurang Efisien
AQUA,AQA-KR7FQAL3 / AQA-CR7FQAL3; AQA-KR7FQDL3 / AQA-CR7FQDL3,AQA-KR7FQAL3 / AQA-CR7FQAL3; AQA-KR7FQDL3 / AQA-CR7FQDL3,Non-Inverter,576.1,7000.0,3.42,2,397.74,574610.64,051/LSP/QI/06.1-VII/2025,2025-07-28,2029-07-27,1210,PT Qualis Indonesia,True,0,0,0,0,0,0,0,12.15066828675577,1 PK,3.42,1444.6890933775833,8.73066828675577,Aktif,0,Sedang-Kurang Efisien
AQUA,AQA-KR9FQBL3 / AQA-CR9FQBL3; AQA-KR9FQAL3 / AQA-CR9FQAL3; AQA-KR9FQDL3 / AQA-CR9FQDL3; AQA-KR9FQGL / AQA-CR9FQGL,AQA-KR9FQBL3 / AQA-CR9FQBL3; AQA-KR9FQAL3 / AQA-CR9FQAL3; AQA-KR9FQDL3 / AQA-CR9FQDL3; AQA-KR9FQGL / AQA-CR9FQGL,Non-Inverter,781.5,9000.0,3.42,2,539.55,779480.66,051/LSP/QI/06.1-VII/2025,2025-07-28,2029-07-27,1211,PT Qualis Indonesia,True,0,0,0,0,0,0,0,11.516314779270632,1 PK,3.42,1444.68660921138,8.096314779270633,Aktif,0,Sedang-Kurang Efisien
AQUA,AQA-KR5FQGL / AQA-CR5FQGL,AQA-KR5FQGL / AQA-CR5FQGL,Non-Inverter,390.7,5000.0,3.41,2,269.74,389690.49,"269,738",2025-07-28,2029-07-27,1212,PT Qualis Indonesia,False,0,0,0,0,0,0,0,12.79754287176862,0.5 PK,3.41,1444.6892933936383,9.38754287176862,Aktif,0,Sedang-Kurang Efisien
Gree,GWC-12N1/I / GWC-12N1/O,GWC-12N1/I / GWC-12N1/O,Non-Inverter,1057.9,12000.0,3.88,3,730.37,1055165.54,053/LSP/QI/06.1-VIII/2025,2025-08-04,2029-08-03,1213,PT Qualis Indonesia,True,0,0,0,0,0,0,0,11.34322714812364,1.5 PK,3.88,1444.700001369169,7.46322714812364,Aktif,0,Sedang-Kurang Efisien
Gree,GWC-18N1/I / GWC-18N1/O,GWC-18N1/I / GWC-18N1/O,Non-Inverter,1543.5,18000.0,3.43,2,1065.63,1539511.33,053/LSP/QI/06.1-VIII/2025,2025-08-04,2029-08-03,1214,PT Qualis Indonesia,True,0,0,0,0,0,0,0,11.661807580174926,2 PK,3.43,1444.695935737545,8.231807580174927,Aktif,3,Besar-Kurang Efisien
BESTLIFE,BEST-05LNC/I / BEST-05LNC/O; BEST - 05 LNC3/I / BEST - 05 LNC3/O; BEST - 05 LNC5/I / BEST - 05 LNC5/O,BEST-05LNC/I / BEST-05LNC/O; BEST - 05 LNC3/I / BEST - 05 LNC3/O; BEST - 05 LNC5/I / BEST - 05 LNC5/O,Non-Inverter,389.6,5000.0,3.69,2,268.98,388592.52,055/LSP/QI/06.1-VIII/2025,2025-08-07,2029-08-06,1215,PT Qualis Indonesia,True,0,0,0,0,0,0,0,12.833675564681725,0.5 PK,3.69,1444.6892705777382,9.143675564681724,Aktif,0,Sedang-Kurang Efisien
BESTLIFE,BEST-09LNC/I / BEST-09LNC/O; BEST - 09 LNC3/I / BEST - 09 LNC3/O; BEST - 09 LNC5/I / BEST - 09 LNC5/O,BEST-09LNC/I / BEST-09LNC/O; BEST - 09 LNC3/I / BEST - 09 LNC3/O; BEST - 09 LNC5/I / BEST - 09 LNC5/O,Non-Inverter,770.4,9000.0,3.41,2,531.88,768408.48,055/LSP/QI/06.1-VIII/2025,2025-08-07,2029-08-06,1216,PT Qualis Indonesia,True,0,0,0,0,0,0,0,11.682242990654206,1 PK,3.41,1444.7027148980974,8.272242990654206,Aktif,0,Sedang-Kurang Efisien
Gree,GWC05NAS3/I / GWC05NAS3/O,GWC05NAS3/I / GWC05NAS3/O,Non-Inverter,379.1,5045.19,4.14,3,1106.97,1599242.45,9278.451/23.120/XI/2024,2024-11-26,2028-11-25,1217,Balai Besar Standardisasi dan Pelayanan Jasa Industri Bahan dan Barang Teknik (BBSPJIBBT),True,0,0,0,0,0,0,0,13.308335531522024,0.5 PK,4.14,1444.7026116335585,9.168335531522024,Aktif,0,Sedang-Kurang Efisien
Gree,GWC07NAS3/I / GWC07NAS3/O,GWC07NAS3/I / GWC07NAS3/O,Non-Inverter,573.3,6541.08,3.55,2,1674.04,2418479.81,9278.451/23.120/XI/2024,2024-11-26,2028-11-25,1218,Balai Besar Standardisasi dan Pelayanan Jasa Industri Bahan dan Barang Teknik (BBSPJIBBT),True,0,0,0,0,0,0,0,11.40952380952381,1 PK,3.55,1444.6965484695706,7.85952380952381,Aktif,0,Sedang-Kurang Efisien
Gree,GWC09NAS3/I / GWC09NAS3/O,GWC09NAS3/I / GWC09NAS3/O,Non-Inverter,749.4,6541.08,3.6,2,2188.24,3161356.11,9278.451/23.120/XI/2024,2024-11-26,2028-11-25,1219,Balai Besar Standardisasi dan Pelayanan Jasa Industri Bahan dan Barang Teknik (BBSPJIBBT),True,0,0,0,0,0,0,0,8.728422738190552,1 PK,3.6,1444.7026423061457,5.128422738190553,Aktif,0,Sedang-Kurang Efisien
Gree,GWC12NAS3/I / GWC12NAS3/O,GWC12NAS3/I / GWC12NAS3/O,Non-Inverter,999.1,8692.77,3.42,2,2917.37,4214727.33,9278.451/23.120/XI/2024,2024-11-26,2028-11-25,1220,Balai Besar Standardisasi dan Pelayanan Jasa Industri Bahan dan Barang Teknik (BBSPJIBBT),True,0,0,0,0,0,0,0,8.700600540486437,1 PK,3.42,1444.700990961037,5.280600540486438,Aktif,0,Sedang-Kurang Efisien
Gree,GWC18NAS3/I / GWC18NAS3/O,GWC18NAS3/I / GWC18NAS3/O,Non-Inverter,1594.6,17685.47,3.41,2,4656.23,6726858.37,9278.451/23.120/XI/2024,2024-11-26,2028-11-25,1221,Balai Besar Standardisasi dan Pelayanan Jasa Industri Bahan dan Barang Teknik (BBSPJIBBT),True,0,0,0,0,0,0,0,11.090850369998748,2 PK,3.41,1444.7006204590411,7.680850369998748,Aktif,3,Besar-Kurang Efisien
Gree,GWC24NAS3/I /  GWC24NAS3/O,GWC24NAS3/I /  GWC24NAS3/O,Non-Inverter,2128.1,23225.42,3.4,2,6214.05,8977440.92,9278.451/23.120/XI/2024,2024-11-26,2025-11-25,1222,Balai Besar Standardisasi dan Pelayanan Jasa Industri Bahan dan Barang Teknik (BBSPJIBBT),True,0,0,0,0,0,0,0,10.913688266528828,2.5 PK,3.4,1444.7004642704835,7.513688266528828,Aktif,3,Besar-Kurang Efisien
Gree,GWC05LWS3/I / GWC05LWS3/O,GWC05LWS3/I / GWC05LWS3/O,Non-Inverter,332.3,4842.51,4.54,4,970.02,1401393.67,9278.451/23.120/XI/2024,2024-11-26,2028-11-25,1223,Balai Besar Standardisasi dan Pelayanan Jasa Industri Bahan dan Barang Teknik (BBSPJIBBT),True,0,0,0,0,0,0,0,14.572705386698766,0.5 PK,4.54,1444.7059545164016,10.032705386698764,Aktif,0,Sedang-Kurang Efisien
Gree,GWC07LWS3/I /  GWC07LWS3/O,GWC07LWS3/I /  GWC07LWS3/O,Non-Inverter,546.2,6650.61,3.55,2,1594.9,2304157.81,9278.451/23.120/XI/2024,2024-11-26,2028-11-25,1224,Balai Besar Standardisasi dan Pelayanan Jasa Industri Bahan dan Barang Teknik (BBSPJIBBT),True,0,0,0,0,0,0,0,12.176144269498351,1 PK,3.55,1444.7036240516647,8.62614426949835,Aktif,0,Sedang-Kurang Efisien
Gree,GWC09LWS3/I / GWC09LWS3/O,GWC09LWS3/I / GWC09LWS3/O,Non-Inverter,721.6,8646.37,3.6,2,2107.07,3044086.92,9278.451/23.120/XI/2024,2024-11-26,2028-11-25,1225,Balai Besar Standardisasi dan Pelayanan Jasa Industri Bahan dan Barang Teknik (BBSPJIBBT),True,0,0,0,0,0,0,0,11.982220066518847,1 PK,3.6,1444.70137204744,8.382220066518848,Aktif,0,Sedang-Kurang Efisien
DR KUHLER,GWC18NAS3/I / GWC18NAS3/O,GWC18NAS3/I / GWC18NAS3/O,Non-Inverter,1650.2,18092.54,3.41,2,4818.58,6961408.3,9279.451/23.120/XI/2024,2024-11-26,2028-11-25,1226,Balai Besar Standardisasi dan Pelayanan Jasa Industri Bahan dan Barang Teknik (BBSPJIBBT),False,0,0,0,0,0,0,0,10.963846806447703,2 PK,3.41,1444.701198278331,7.553846806447703,Aktif,3,Besar-Kurang Efisien
DR KUHLER,GWC18NASN3/I / GWC18NASN3/O,GWC18NASN3/I / GWC18NASN3/O,Non-Inverter,1651.9,18196.61,3.43,2,4823.55,6968579.8,9371.796/23.120/XII/2024,2024-12-20,2028-12-19,1227,Balai Besar Standardisasi dan Pelayanan Jasa Industri Bahan dan Barang Teknik (BBSPJIBBT),False,0,0,0,0,0,0,0,11.01556389611962,2 PK,3.43,1444.699401892797,7.58556389611962,Aktif,3,Besar-Kurang Efisien
BESTLIFE,BEST-05QBR3 / BEST-05QBR3; BEST-05QDR3 / BEST-05QDR3; BEST-05QFR3 / BEST-05QFR3; BEST-05QRR3 / BEST-05QRR3; BEST-05QSR3 / BEST-05QSR3; BEST-05QQR3 / BEST-05QQR3; BEST-05QZR3 / BEST-05QZR3; BEST-05FAR3 / BEST-05FAR3; BEST-05FCR3 / BEST-05FCR3; BEST-05FDR3 / BEST-05FDR3; BEST-05FRR3 / BEST-05FRR3; BEST-05FFR3 / BEST-05FFR3; BEST-05FOR3 / BEST-05FOR3; BEST-05FXR3 / BEST-05FXR3; BAC-05QAR3 / BAC-05QAR3; BAC-05QBR3 / BAC-05QBR3; BAC-05QDR3 / BAC-05QDR3; BAC-05QFR3 / BAC-05QFR3; BAC-05QRR3 / BAC-05QRR3; BAC-05QSR3 / BAC-05QSR3; BAC-05QQR3 / BAC-05QQR3; BAC-05QZR3 / BAC-05QZR3; BAC-05FAR3 / BAC-05FAR3; BAC-05FCR3 / BAC-05FCR3; BAC-05FDR3 / BAC-05FDR3; BAC-05FRR3 / BAC-05FRR3; BAC-05FFR3 / BAC-05FFR3; BAC-05FOR3 / BAC-05FOR3; BAC-05FXR3 / BAC-05FXR3; AUX-05QAR3 / AUX-05QAR3; AUX-05QBR3 / AUX-05QBR3; AUX-05QDR3 / AUX-05QDR3; AUX-05QFR3 / AUX-05QFR3; AUX-05QRR3 / AUX-05QRR3; AUX-05QSR3 / AUX-05QSR3; AUX-05QQR3 / AUX-05QQR3; AUX-05QZR3 / AUX-05QZR3; AUX-05FAR3 / AUX-05FAR3; AUX-05FCR3 / AUX-05FCR3; AUX-05FDR3 / AUX-05FDR3; AUX-05FRR3 / AUX-05FRR3; AUX-05FFR3 / AUX-05FFR3; AUX-05FOR3 / AUX-05FOR3; AUX-05FXR3 / AUX-05FXR3; BEST-05DSC / BEST-05DSC; BEST-05DSC03 / BEST-05DSC03; BEST-05DSC05 / BEST-05DSC05; BEST-05DSC07 / BEST-05DSC07; BEST-05DSC09 / BEST-05DSC09; BEST-05PSC03 / BEST-05PSC03; BEST-05PSC05 / BEST-05PSC05; BEST-05PSC07 / BEST-05PSC07; BEST-05PSC09 / BEST-05PSC09; BEST-05PMI / BEST-05PMI; BEST-05PMI03 / BEST-05PMI03; BEST-05PMI05 / BEST-05PMI05; BEST-05PMI07 / BEST-05PMI07; BEST-05PMI09 / BEST-05PMI09; BEST-05SUMO / BEST-05SUMO; BEST-05SUMO03 / BEST-05SUMO03; BEST-05SUMO05 / BEST-05SUMO05; BEST-05SUMO07 / BEST-05SUMO07; BEST-05SUMO09 / BEST-05SUMO09; BEST- 05QAR32 / BEST- 05QAR32,BEST-05QBR3 / BEST-05QBR3; BEST-05QDR3 / BEST-05QDR3; BEST-05QFR3 / BEST-05QFR3; BEST-05QRR3 / BEST-05QRR3; BEST-05QSR3 / BEST-05QSR3; BEST-05QQR3 / BEST-05QQR3; BEST-05QZR3 / BEST-05QZR3; BEST-05FAR3 / BEST-05FAR3; BEST-05FCR3 / BEST-05FCR3; BEST-05FDR3 / BEST-05FDR3; BEST-05FRR3 / BEST-05FRR3; BEST-05FFR3 / BEST-05FFR3; BEST-05FOR3 / BEST-05FOR3; BEST-05FXR3 / BEST-05FXR3; BAC-05QAR3 / BAC-05QAR3; BAC-05QBR3 / BAC-05QBR3; BAC-05QDR3 / BAC-05QDR3; BAC-05QFR3 / BAC-05QFR3; BAC-05QRR3 / BAC-05QRR3; BAC-05QSR3 / BAC-05QSR3; BAC-05QQR3 / BAC-05QQR3; BAC-05QZR3 / BAC-05QZR3; BAC-05FAR3 / BAC-05FAR3; BAC-05FCR3 / BAC-05FCR3; BAC-05FDR3 / BAC-05FDR3; BAC-05FRR3 / BAC-05FRR3; BAC-05FFR3 / BAC-05FFR3; BAC-05FOR3 / BAC-05FOR3; BAC-05FXR3 / BAC-05FXR3; AUX-05QAR3 / AUX-05QAR3; AUX-05QBR3 / AUX-05QBR3; AUX-05QDR3 / AUX-05QDR3; AUX-05QFR3 / AUX-05QFR3; AUX-05QRR3 / AUX-05QRR3; AUX-05QSR3 / AUX-05QSR3; AUX-05QQR3 / AUX-05QQR3; AUX-05QZR3 / AUX-05QZR3; AUX-05FAR3 / AUX-05FAR3; AUX-05FCR3 / AUX-05FCR3; AUX-05FDR3 / AUX-05FDR3; AUX-05FRR3 / AUX-05FRR3; AUX-05FFR3 / AUX-05FFR3; AUX-05FOR3 / AUX-05FOR3; AUX-05FXR3 / AUX-05FXR3; BEST-05DSC / BEST-05DSC; BEST-05DSC03 / BEST-05DSC03; BEST-05DSC05 / BEST-05DSC05; BEST-05DSC07 / BEST-05DSC07; BEST-05DSC09 / BEST-05DSC09; BEST-05PSC03 / BEST-05PSC03; BEST-05PSC05 / BEST-05PSC05; BEST-05PSC07 / BEST-05PSC07; BEST-05PSC09 / BEST-05PSC09; BEST-05PMI / BEST-05PMI; BEST-05PMI03 / BEST-05PMI03; BEST-05PMI05 / BEST-05PMI05; BEST-05PMI07 / BEST-05PMI07; BEST-05PMI09 / BEST-05PMI09; BEST-05SUMO / BEST-05SUMO; BEST-05SUMO03 / BEST-05SUMO03; BEST-05SUMO05 / BEST-05SUMO05; BEST-05SUMO07 / BEST-05SUMO07; BEST-05SUMO09 / BEST-05SUMO09; BEST- 05QAR32 / BEST- 05QAR32,Non-Inverter,462.0,5000.0,3.81,3,318.96,460805.85,004/LSP/QI/06.1-I/2024,2024-01-26,2028-01-25,1228,PT Qualis Indonesia,True,0,0,0,0,0,0,0,10.822510822510823,0.5 PK,3.81,1444.7136004514673,7.012510822510823,Aktif,0,Sedang-Kurang Efisien
FLIFE,FAC-05FMOO3/I / FAC-05FMOO3/O,FAC-05FMOO3/I / FAC-05FMOO3/O,Non-Inverter,383.9,5100.0,3.7,2,265.04,382907.62,046/LSP/QI/06.1-VII/2025,2025-07-18,2029-07-17,1229,PT Qualis Indonesia,True,0,0,0,0,0,0,0,13.284709559781192,0.5 PK,3.7,1444.7163447026862,9.584709559781192,Aktif,0,Sedang-Kurang Efisien
FLIFE,FAC-09FMOO3/I / FAC-09FMOO3/O,FAC-09FMOO3/I / FAC-09FMOO3/O,Non-Inverter,767.8,9000.0,3.46,2,530.09,765815.24,046/LSP/QI/06.1-VII/2025,2025-07-18,2029-07-17,1230,PT Qualis Indonesia,True,0,0,0,0,0,0,0,11.721802552748112,1 PK,3.46,1444.6890905317964,8.261802552748112,Aktif,0,Sedang-Kurang Efisien
FLIFE,FAC-12FMOO3/I / FAC-12FMOO3/O,FAC-12FMOO3/I / FAC-12FMOO3/O,Non-Inverter,1042.0,12500.0,3.41,2,719.39,1039307.07,046/LSP/QI/06.1-VII/2025,2025-07-18,2029-07-17,1231,PT Qualis Indonesia,True,0,0,0,0,0,0,0,11.99616122840691,1.5 PK,3.41,1444.7060287187755,8.58616122840691,Aktif,0,Sedang-Kurang Efisien
FLIFE,FAC-18FMOO3/I / FAC-18FMOO3/O,FAC-18FMOO3/I / FAC-18FMOO3/O,Non-Inverter,1592.5,18500.0,3.42,2,1099.46,1588384.08,046/LSP/QI/06.1-VII/2025,2025-07-18,2029-07-17,1232,PT Qualis Indonesia,True,0,0,0,0,0,0,0,11.616954474097332,2 PK,3.42,1444.6947410546995,8.196954474097332,Aktif,3,Besar-Kurang Efisien
AUXINDO,AUXI-05QM; AUXI-05QR; AUXI-05MA; AUXI-05MX; AUXI-05QC2; AUXI-05PRO; AUXI-05CA; AUXI-05QB,AUXI-05QM; AUXI-05QR; AUXI-05MA; AUXI-05MX; AUXI-05QC2; AUXI-05PRO; AUXI-05CA; AUXI-05QB,Non-Inverter,441.0,5000.0,3.45,2,304.47,439860.59,062/LSP/QI/06.1-IX/2025,2025-09-02,2029-09-01,1233,PT Qualis Indonesia,True,0,0,0,0,0,0,0,11.337868480725623,0.5 PK,3.45,1444.6762899464643,7.887868480725623,Aktif,0,Sedang-Kurang Efisien
AUXINDO,AUXI-09QM; AUXI-09QR; AUXI-09MA; AUXI-09MX; AUXI-09QC2; AUXI-09PRO; AUXI-09CA; AUXI-09QB,AUXI-09QM; AUXI-09QR; AUXI-09MA; AUXI-09MX; AUXI-09QC2; AUXI-09PRO; AUXI-09CA; AUXI-09QB,Non-Inverter,776.4,9000.0,3.44,2,536.02,774393.87,062/LSP/QI/06.1-IX/2025,2025-09-02,2029-09-01,1234,PT Qualis Indonesia,True,0,0,0,0,0,0,0,11.591962905718702,1 PK,3.44,1444.710775717324,8.151962905718703,Aktif,0,Sedang-Kurang Efisien
Mitsubishi Electric,MS-JR10VF-NE1 (Indoor) ; MU-JR10VF-NE1 (Outdoor),MS-JR10VF-NE1 (Indoor) ; MU-JR10VF-NE1 (Outdoor),Non-Inverter,827.7,9042.0,3.57,2,2394.4,3459189.68,824 250222,2025-09-02,2029-09-01,1235,PT TUV Rheinland Indonesia,True,0,0,0,0,0,0,0,10.92424791591156,1 PK,3.57,1444.7,7.354247915911561,Aktif,0,Sedang-Kurang Efisien
Mitsubishi Electric,MS-JR13VF-NE1 (Indoor) ; MU-JR13VF-NE1 (Outdoor),MS-JR13VF-NE1 (Indoor) ; MU-JR13VF-NE1 (Outdoor),Non-Inverter,1155.2,12284.0,3.42,2,3270.4,4724746.88,824 250222,2025-09-02,2029-09-01,1236,PT TUV Rheinland Indonesia,True,0,0,0,0,0,0,0,10.63365650969529,1.5 PK,3.42,1444.6999999999998,7.213656509695291,Aktif,0,Sedang-Kurang Efisien
Mitsubishi Electric,MS-JR18VF-NE1 (Indoor) ; MU-JR18VF-NE1 (Outdoor),MS-JR18VF-NE1 (Indoor) ; MU-JR18VF-NE1 (Outdoor),Non-Inverter,1637.2,17402.0,3.4,2,4788.8,6918379.36,824 250222,2025-09-02,2029-09-01,1237,PT TUV Rheinland Indonesia,True,0,0,0,0,0,0,0,10.629122892743707,2 PK,3.4,1444.7,7.229122892743709,Aktif,3,Besar-Kurang Efisien
Mitsubishi Electric,MS-JR24VF-NE1 (Indoor) ; MU-JR24VF-NE1 (Outdoor),MS-JR24VF-NE1 (Indoor) ; MU-JR24VF-NE1 (Outdoor),Non-Inverter,1971.0,21838.0,3.53,2,5810.8,8394862.76,824 250222,2025-09-02,2029-09-01,1238,PT TUV Rheinland Indonesia,True,0,0,0,0,0,0,0,11.079654997463216,2.5 PK,3.53,1444.6999999999998,7.549654997463218,Aktif,3,Besar-Kurang Efisien
AIWA,"AER-K2E20ADC, AER-S2A20ADC",AER-K2E20ADC,Non-Inverter,1653.8,18610.84,3.5,2,4829.1,6976594.99,9962.1368/23.120/VII/2025,2025-07-22,2029-07-21,1239,Balai Besar Standardisasi dan Pelayanan Jasa Industri Bahan dan Barang Teknik (BBSPJIBBT),True,0,0,0,0,0,0,0,11.253380094328216,2 PK,3.5,1444.6988030896025,7.7533800943282145,Aktif,3,Besar-Kurang Efisien
Changhong,CSC-18NVB4 (I) / CSC-18NVB4 (O),CSC-18NVB4 (I) / CSC-18NVB4 (O),Non-Inverter,1457.2,18000.0,3.6,2,1006.05,1453434.66,065/LSP/QI/06.1-IX/2025,2025-09-22,2029-09-21,1240,PT Qualis Indonesia,False,0,0,0,0,0,0,0,12.352456766401318,2 PK,3.6,1444.6942597286418,8.752456766401318,Aktif,3,Besar-Kurang Efisien
FLIFE,FAC-07FMOO3/I / FAC-07FMOO3/O,FAC-07FMOO3/I / FAC-07FMOO3/O,Non-Inverter,594.5,7100.0,3.46,2,410.44,592964.11,066/LSP/QI/06.1-IX/2025,2025-09-30,2029-09-29,1241,PT Qualis Indonesia,False,0,0,0,0,0,0,0,11.942809083263246,1 PK,3.46,1444.7035133027969,8.482809083263245,Aktif,0,Sedang-Kurang Efisien
Mitsubishi Heavy Industries,SRK12CT-S3/SRC12CT-S3,SRK12CT-S3/SRC12CT-S3,Non-Inverter,1065.3,117714.0,3.42,2,3110.68,4493993.62,69/06.06.06/1A/25/LSPro/XI/2025,2025-11-14,2029-11-13,1242,Balai Standardisasi dan Pelayanan Jasa Industri (BSPJI) Surabaya,True,0,1,0,0,0,0,0,110.4984511405238,3+ PK,3.42,1444.6981431712682,107.0784511405238,Aktif,4,Besar-Kurang Efisien
Mitsubishi Heavy Industries,SRK09CTR-S3/SRC09CTR-S3,SRK09CTR-S3/SRC09CTR-S3,Non-Inverter,825.3,9001.2,3.41,2,2409.88,3481547.86,69/06.06.06/1A/25/LSPro/XI/2025,2025-11-14,2029-11-13,1243,Balai Standardisasi dan Pelayanan Jasa Industri (BSPJI) Surabaya,True,0,0,0,0,0,0,0,10.906579425663397,1 PK,3.41,1444.6976032001592,7.496579425663397,Aktif,0,Sedang-Kurang Efisien
Panasonic,CS-DN5CKJ-S/CU-DN5CKJ-S,CS-DN5CKJ-S/CU-DN5CKJ-S,Non-Inverter,379.2,4661.5,3.83,3,1107.3,1599716.31,PCS 00017.04.09.HE,2025-12-19,2029-12-18,1244,PT Sucofindo (Persero),True,0,0,0,0,0,0,0,12.292985232067512,0.5 PK,3.83,1444.7,8.462985232067512,Aktif,0,Sedang-Kurang Efisien
Panasonic,CS-DN9CKJ-S/CU-DN9CKJ-S,CS-DN9CKJ-S/CU-DN9CKJ-S,Non-Inverter,745.8,8938.9,3.73,2,2177.7,3146123.19,PCS 00017.04.09.HE,2025-12-19,2029-12-18,1245,PT Sucofindo (Persero),True,0,0,0,0,0,0,0,11.985652990077767,1 PK,3.73,1444.7,8.255652990077769,Aktif,0,Sedang-Kurang Efisien
FLIFE,FAC-05FLOO/I / FAC-05FLOO/O,FAC-05FLOO/I / FAC-05FLOO/O,Non-Inverter,423.8,5200.0,3.64,2,292.59,422704.77,082/LSP/QI/06.1-XII/2025,2025-12-29,2029-12-28,1246,PT Qualis Indonesia,True,0,0,0,0,0,0,0,12.269938650306749,0.5 PK,3.64,1444.699989746745,8.629938650306748,Aktif,0,Sedang-Kurang Efisien
FLIFE,FAC-07FLOO/I / FAC-07FLOO/O,FAC-07FLOO/I / FAC-07FLOO/O,Non-Inverter,611.9,7500.0,3.77,2,422.45,610319.29,082/LSP/QI/06.1-XII/2025,2025-12-29,2029-12-28,1247,PT Qualis Indonesia,True,0,0,0,0,0,0,0,12.256904722993951,1 PK,3.77,1444.7136702568353,8.486904722993954,Aktif,0,Sedang-Kurang Efisien
FLIFE,FAC-09FLOO/I / FAC-09FLOO/O,FAC-09FLOO/I / FAC-09FLOO/O,Non-Inverter,770.3,9500.0,3.68,2,531.81,768308.8,082/LSP/QI/06.1-XII/2025,2025-12-29,2029-12-28,1248,PT Qualis Indonesia,True,0,0,0,0,0,0,0,12.332857328313644,1 PK,3.68,1444.705439912751,8.652857328313646,Aktif,0,Sedang-Kurang Efisien
FLIFE,FAC-12FLOO/I / FAC-12FLOO/O,FAC-12FLOO/I / FAC-12FLOO/O,Non-Inverter,1056.3,12500.0,3.54,2,729.27,1053570.59,082/LSP/QI/06.1-XII/2025,2025-12-29,2029-12-28,1249,PT Qualis Indonesia,True,0,0,0,0,0,0,0,11.833759348669886,1.5 PK,3.54,1444.6920756372813,8.293759348669887,Aktif,0,Sedang-Kurang Efisien
FLIFE,FAC-18FLOO/I / FAC-18FLOO/O,FAC-18FLOO/I / FAC-18FLOO/O,Non-Inverter,1560.9,18500.0,3.49,2,1077.64,1556866.51,082/LSP/QI/06.1-XII/2025,2025-12-29,2029-12-28,1250,PT Qualis Indonesia,True,0,0,0,0,0,0,0,11.852136587865974,2 PK,3.49,1444.7000018559072,8.362136587865974,Aktif,3,Besar-Kurang Efisien
LG,K09NSA NIN1 / K09NSA NIN1; K09NSB NIN1 / K09NSB NIN1,K09NSA NIN1 / K09NSA NIN1; K09NSB NIN1 / K09NSB NIN1,Non-Inverter,786.1,8600.0,3.4,2,547.72,791292.53,002/LSP/QI/06.1-I/2026,2026-01-08,2030-01-07,1251,PT Qualis Indonesia,False,0,0,0,0,0,0,0,10.94008395878387,1 PK,3.4,1444.7026400350544,7.540083958783869,Aktif,0,Sedang-Kurang Efisien
LG,K07NSA NIN / K07NSA UIN; K07NSB NIN / K07NSB UIN,K07NSA NIN / K07NSA UIN; K07NSB NIN / K07NSB UIN,Non-Inverter,666.9,7000.0,3.43,2,460.43,665176.0,006/LSP/QI/06.1-II/2026,2026-02-16,2030-02-15,1252,PT Qualis Indonesia,False,0,0,0,0,0,0,0,10.49632628579997,1 PK,3.43,1444.6843168342637,7.0663262857999705,Aktif,0,Sedang-Kurang Efisien
Sharp,AH-A7DEY / AU-A7DEY; AH-A7BEY2 / AU-A7BEY2; AH-AP7BMY2 / AU-A7BMY,AH-A7DEY / AU-A7DEY; AH-A7BEY2 / AU-A7BEY2; AH-AP7BMY2 / AU-A7BMY,Non-Inverter,652.6,7000.0,3.41,2,450.55,650913.92,010/LSP/QI/06.1-II/2026,2026-02-19,2030-02-18,1253,PT Qualis Indonesia,False,0,0,0,0,0,0,0,10.726325467361324,1 PK,3.41,1444.7096215736324,7.316325467361324,Aktif,0,Sedang-Kurang Efisien
Polytron,"EAW0128G (PAC 05VHG, PAC 05VM, PAC 05VHI, PAC 05VZI, PAC 05VZSI, PAC 05VZAI)","EAW0128G (PAC 05VHG, PAC 05VM, PAC 05VHI, PAC 05VZI, PAC 05VZSI, PAC 05VZAI)",Non-Inverter,403.2,5000.0,3.59,2,1177.34,1700908.88,4/06.06.06/1A/26/LSPro/I/2026,2026-01-26,2030-01-25,1254,Balai Standardisasi dan Pelayanan Jasa Industri (BSPJI) Surabaya,False,0,0,0,0,0,0,0,12.40079365079365,0.5 PK,3.59,1444.7049110707187,8.81079365079365,Aktif,0,Sedang-Kurang Efisien
Polytron,"EAW20732N (PAC 07VHG, PAC 07VM, PAC 07VH)","EAW20732N (PAC 07VHG, PAC 07VM, PAC 07VH)",Non-Inverter,648.9,7000.0,3.47,2,1894.79,2737400.22,10/06.06.06/1A/26/LSPro/III/2026,2026-03-10,2030-03-09,1255,Balai Standardisasi dan Pelayanan Jasa Industri (BSPJI) Surabaya,True,0,0,0,0,0,0,0,10.787486515641856,1 PK,3.47,1444.6984731817247,7.317486515641855,Aktif,0,Sedang-Kurang Efisien
Polytron,"EAW50142P (PAC 09VHG, PAC 09VM, PAC 09VHI, PAC 09VZI, PAC 09VZSI, PAC 09VZAI, PAC 09VH)","EAW50142P (PAC 09VHG, PAC 09VM, PAC 09VHI, PAC 09VZI, PAC 09VZSI, PAC 09VZAI, PAC 09VH)",Non-Inverter,769.9,9000.0,3.56,2,2248.11,3247841.63,10/06.06.06/1A/26/LSPro/III/2026,2026-03-10,2030-03-09,1256,Balai Standardisasi dan Pelayanan Jasa Industri (BSPJI) Surabaya,True,0,0,0,0,0,0,0,11.689829848032211,1 PK,3.56,1444.6987158101692,8.129829848032212,Aktif,0,Sedang-Kurang Efisien
AQUA,AQA-KR5FQGL / AQA-CR5FQGL,AQA-KR5FQGL / AQA-CR5FQGL,Non-Inverter,390.7,5000.0,3.41,2,269.74,389693.38,051/LSP/QI/06.1-VII/2025,2025-07-28,2029-07-27,1257,PT Qualis Indonesia,True,0,0,0,0,0,0,0,12.79754287176862,0.5 PK,3.41,1444.7000074145474,9.38754287176862,Aktif,0,Sedang-Kurang Efisien
Sharp,AH-A5ZCY2 / AU-A5ZCY2,AH-A5ZCY2 / AU-A5ZCY2,Non-Inverter,423.0,5015.8,4.04,3,292.04,421907.3,021/LSP/QI/06.1-IV/2026,2026-04-24,2030-04-23,1258,PT Qualis Indonesia,True,0,0,0,0,0,0,0,11.857683215130024,0.5 PK,4.04,1444.6901109437065,7.817683215130024,Aktif,0,Sedang-Kurang Efisien
Sharp,AH-A9ZCY2 / AU-A9ZCY2,AH-A9ZCY2 / AU-A9ZCY2,Non-Inverter,841.1,9008.1,3.42,2,580.69,838925.73,021/LSP/QI/06.1-IV/2026,2026-04-24,2030-04-23,1259,PT Qualis Indonesia,True,0,0,0,0,0,0,0,10.709903697538936,1 PK,3.42,1444.704971671632,7.2899036975389375,Aktif,0,Sedang-Kurang Efisien
Sharp,AH-A12ZCY2 / AU-A12ZCY2,AH-A12ZCY2 / AU-A12ZCY2,Non-Inverter,1084.8,11498.44,3.73,2,760.47,1098653.9,021/LSP/QI/06.1-IV/2026,2026-04-24,2030-04-23,1260,PT Qualis Indonesia,True,0,0,0,0,0,0,0,10.599594395280237,1.5 PK,3.73,1444.703801596381,6.869594395280236,Aktif,0,Sedang-Kurang Efisien
Sharp,AH-A18ZCY2 / AU-A18ZCY2,AH-A18ZCY2 / AU-A18ZCY2,Non-Inverter,1526.1,17503.56,3.74,2,1053.61,1522156.15,021/LSP/QI/06.1-IV/2026,2026-04-24,2030-04-23,1261,PT Qualis Indonesia,True,0,0,0,0,0,0,0,11.469471201100848,2 PK,3.74,1444.7054887482086,7.729471201100846,Aktif,3,Besar-Kurang Efisien
Sharp,AH-A24ZCY2 / AU-A24ZCY2,AH-A24ZCY2 / AU-A24ZCY2,Non-Inverter,2039.6,23987.4,3.62,2,1408.13,2034329.75,021/LSP/QI/06.1-IV/2026,2026-04-24,2030-04-23,1262,PT Qualis Indonesia,True,0,0,0,0,0,0,0,11.760835457932927,3+ PK,3.62,1444.7030813916328,8.14083545793293,Aktif,3,Besar-Kurang Efisien
LG,K12NSA NIN / K12NSA UIN,K12NSA NIN / K12NSA UIN,Non-Inverter,1076.8,11600.0,3.42,2,743.42,1074017.43,022/LSP/QI/06.1-IV/2026,2026-04-28,2030-04-27,1263,PT Qualis Indonesia,True,0,0,0,0,0,0,0,10.772659732540864,1.5 PK,3.42,1444.6980576255685,7.352659732540863,Aktif,0,Sedang-Kurang Efisien
LG,K18NSA NIN / K18NSA UIN,K18NSA NIN / K18NSA UIN,Non-Inverter,1430.5,17000.0,3.67,2,987.61,1426803.06,022/LSP/QI/06.1-IV/2026,2026-04-28,2030-04-27,1264,PT Qualis Indonesia,True,0,0,0,0,0,0,0,11.88395665851101,2 PK,3.67,1444.702929293952,8.21395665851101,Aktif,3,Besar-Kurang Efisien
AQUA,AQA-KR9FQAL3S (Indoor) - AQA-CR9FQAL3S (Outdoor),AQA-KR9FQBL3S (Indoor); AQA-CR9FQBL3S (Outdoor); AQA-KR9FQAL3S (Indoor);  AQA-CR9FQAL3S (Outdoor); AQA-KR9FQDL3S (Indoor); AQA-CR9FQDL3S (Outdoor),Non-Inverter,762.3,8329.68,3.4,2,2225.92,3215780.85,824 260053,2026-05-07,2030-05-06,1265,PT TUV Rheinland Indonesia,False,0,0,0,0,0,0,0,10.927036599763872,1 PK,3.4,1444.6974060163886,7.527036599763873,Aktif,0,Sedang-Kurang Efisien
PHILIPS,FAC05AB1FIID (In) / FAC05AB1FOID (Out),FAC05AB1FIID (In) / FAC05AB1FOID (Out),Non-Inverter,384.8,5200.0,3.84,3,1124.0,1623842.8,824 260054,2026-05-07,2030-05-06,1266,PT TUV Rheinland Indonesia,True,0,0,0,0,0,0,0,13.513513513513512,0.5 PK,3.84,1444.7,9.673513513513512,Aktif,0,Sedang-Kurang Efisien
PHILIPS,FAC07AB1FIID (In) / FAC07AB1FOID (Out),FAC07AB1FIID (In) / FAC07AB1FOID (Out),Non-Inverter,631.0,7200.0,3.46,2,1842.0,2661137.4,824 260054,2026-05-07,2030-05-06,1267,PT TUV Rheinland Indonesia,True,0,0,0,0,0,0,0,11.410459587955629,1 PK,3.46,1444.7,7.950459587955627,Aktif,0,Sedang-Kurang Efisien
PHILIPS,FAC09AB1FIID (In) / FAC09AB1FOID (Out),FAC09AB1FIID (In) / FAC09AB1FOID (Out),Non-Inverter,805.8,10000.0,3.64,2,2353.0,3399379.1,824 260054,2026-05-07,2030-05-06,1268,PT TUV Rheinland Indonesia,True,0,0,0,0,0,0,0,12.410027302060064,1.5 PK,3.64,1444.7,8.770027302060065,Aktif,0,Sedang-Kurang Efisien
PHILIPS,FAC12AB1FIID (In) / FAC12AB1FOID (Out),FAC12AB1FIID (In) / FAC12AB1FOID (Out),Non-Inverter,1014.5,12000.0,3.5,2,2962.0,4279201.4,824 260054,2026-05-07,2030-05-06,1269,PT TUV Rheinland Indonesia,True,0,0,0,0,0,0,0,11.828486939379005,1.5 PK,3.5,1444.7,8.328486939379005,Aktif,0,Sedang-Kurang Efisien
PHILIPS,FAC18AB1FIID (In) / FAC18AB1FOID (Out),FAC18AB1FIID (In) / FAC18AB1FOID (Out),Non-Inverter,1381.5,18000.0,3.46,2,4034.0,5827919.8,824 260054,2026-05-07,2030-05-06,1270,PT TUV Rheinland Indonesia,True,0,0,0,0,0,0,0,13.029315960912053,2 PK,3.46,1444.7,9.569315960912052,Aktif,3,Besar-Kurang Efisien
ACERPURE,SACD 325-05W / OACD 325-05W,SACD 325-05W / OACD 325-05W,Non-Inverter,419.4,5015.8,3.54,2,289.55,418315.77,025/LSP/QI/06.1-V/2026,2026-05-19,2030-05-18,1271,PT Qualis Indonesia,True,0,0,0,0,0,0,0,11.959465903671914,0.5 PK,3.54,1444.709963736833,8.419465903671913,Aktif,0,Sedang-Kurang Efisien
ACERPURE,SACD 325-09W / OACD 325-09W ,SACD 325-09W / OACD 325-09W ,Non-Inverter,785.6,9008.1,3.62,2,542.38,783569.16,025/LSP/QI/06.1-V/2026,2026-05-19,2030-05-18,1272,PT Qualis Indonesia,True,0,0,0,0,0,0,0,11.466522403258656,1 PK,3.62,1444.6866772373614,7.846522403258656,Aktif,0,Sedang-Kurang Efisien
HISENSE,"AN05CEG, AN05CDG, AN05CFG, AS05E2CEA, AS05E2CDA, AS05E2KCA, AS05E2KBA","AN05CEG, AN05CDG, AN05CFG, AS05E2CEA, AS05E2CDA, AS05E2KCA, AS05E2KBA",Non-Inverter,434.6,5000.0,3.75,2,1269.03,1833370.53,22/06.06.06/1A/26/LSPro/V/2026,2026-05-19,2030-05-18,1273,Balai Standardisasi dan Pelayanan Jasa Industri (BSPJI) Surabaya,True,0,0,0,0,0,0,0,11.50483202945237,0.5 PK,3.75,1444.7022765419258,7.75483202945237,Aktif,0,Sedang-Kurang Efisien
HISENSE,"AS08E2CEA, AS08E2CDA, AS08E2KCA, AS08E2KBA","AS08E2CEA, AS08E2CDA, AS08E2KCA, AS08E2KBA",Non-Inverter,606.5,7600.0,3.76,2,1770.98,2558534.81,22/06.06.06/1A/26/LSPro/V/2026,2026-05-19,2030-05-18,1274,Balai Standardisasi dan Pelayanan Jasa Industri (BSPJI) Surabaya,True,0,0,0,0,0,0,0,12.530915086562242,1 PK,3.76,1444.7000022586365,8.770915086562242,Aktif,0,Sedang-Kurang Efisien
HISENSE,"AN09CEG, AN09CDG, AN09CFG, AS10E2CEA, AS10E2CDA, AS10E2KCA, AS10E2KBA","AN09CEG, AN09CDG, AN09CFG, AS10E2CEA, AS10E2CDA, AS10E2KCA, AS10E2KBA",Non-Inverter,788.4,9600.0,3.54,2,2302.13,3325884.32,22/06.06.06/1A/26/LSPro/V/2026,2026-05-19,2030-05-18,1275,Balai Standardisasi dan Pelayanan Jasa Industri (BSPJI) Surabaya,True,0,0,0,0,0,0,0,12.176560121765602,1 PK,3.54,1444.698744206452,8.636560121765601,Aktif,0,Sedang-Kurang Efisien
HISENSE,"AN12CEG, AN12CDG, AN12CFG, AS13E2CEA, AS13E2CDA, AS13E2KCA, AS13E2KBA","AN12CEG, AN12CDG, AN12CFG, AS13E2CEA, AS13E2CDA, AS13E2KCA, AS13E2KBA",Non-Inverter,976.0,12500.0,3.67,4,2849.92,4117279.42,22/06.06.06/1A/26/LSPro/V/2026,2026-05-19,2030-05-18,1276,Balai Standardisasi dan Pelayanan Jasa Industri (BSPJI) Surabaya,True,0,0,0,0,0,0,0,12.807377049180328,1.5 PK,3.67,1444.6999985964517,9.137377049180328,Aktif,0,Sedang-Kurang Efisien
HISENSE,"AN18CEG, AN18CDG, AN18CFG, AS19E2CEA, AS19E2CDA, AS19E2KCA, AS19E2KBA","AN18CEG, AN18CDG, AN18CFG, AS19E2CEA, AS19E2CDA, AS19E2KCA, AS19E2KBA",Non-Inverter,1696.3,19200.0,3.45,2,4953.2,7155882.26,22/06.06.06/1A/26/LSPro/V/2026,2026-05-19,2030-05-18,1277,Balai Standardisasi dan Pelayanan Jasa Industri (BSPJI) Surabaya,True,0,0,0,0,0,0,0,11.31875257914284,2.5 PK,3.45,1444.6988330776064,7.86875257914284,Aktif,3,Besar-Kurang Efisien
Midea,MSFL-07CRN8-ID /   MSFL-07CRN8-OD ; MSFQ-07CRN8-ID /   MSFQ-07CRN8-OD ; MSPT-07CRN8-ID /   MSPT-07CRN8-OD,MSFT-07CRN8-ID /  MSFT-07CRN8-OD,Non-Inverter,641.7,7799.47,3.78,2,1873.76,2707026.85,217.1419/23.120/X/2025,2025-11-02,2029-11-02,1278,Balai Besar Standardisasi dan Pelayanan Jasa Industri Bahan dan Barang Teknik (BBSPJIBBT),True,0,0,0,0,0,0,0,12.154386785102073,1 PK,3.78,1444.7030836393135,8.374386785102073,Aktif,0,Sedang-Kurang Efisien
COMFEE,CFS-05FGSF /   CFS-05FGSC ,CFS-05FGYF /  CFS-05FGYC,Non-Inverter,391.1,5187.82,4.13,3,1142.01,1649864.74,218.1419/23.120/X/2025,2025-11-03,2029-11-02,1279,Balai Besar Standardisasi dan Pelayanan Jasa Industri Bahan dan Barang Teknik (BBSPJIBBT),True,0,0,0,0,0,0,0,13.264689337765276,0.5 PK,4.13,1444.7025332527735,9.134689337765275,Aktif,0,Sedang-Kurang Efisien
Midea,MSFL-05CRN8-ID/MSFL-05CRN8-OD ; MSFQ-05CRN8-ID/MSFQ-05CRN8-OD ; MSPT-05CRN8-ID/MSPT-05CRN8-OD,MSFT-05CRN8-ID/MSFT-05CRN8-OD,Non-Inverter,397.7,5238.32,4.1,3,1161.28,1677706.99,217.1419/23.120/X/2025,2025-11-03,2029-11-02,1280,Balai Besar Standardisasi dan Pelayanan Jasa Industri Bahan dan Barang Teknik (BBSPJIBBT),True,0,0,0,0,0,0,0,13.17153633392004,0.5 PK,4.1,1444.704972099752,9.07153633392004,Aktif,0,Sedang-Kurang Efisien
Midea,MSFL-09CRN8-ID / MSFL-09CRN8-OD; MSFQ-09CRN8-ID / MSFQ-09CRN8-OD; MSPT-09CRN8-ID / MSPT-09CRN8-OD,MSFT-09CRN8-ID / MSFT-09CRN8-OD,Non-Inverter,827.2,9290.92,3.5,2,2415.42,3489563.05,217.1419/23.120/X/2025,2025-11-03,2029-11-02,1281,Balai Besar Standardisasi dan Pelayanan Jasa Industri Bahan dan Barang Teknik (BBSPJIBBT),True,0,0,0,0,0,0,0,11.23176982591876,1 PK,3.5,1444.7023913025478,7.731769825918761,Aktif,0,Sedang-Kurang Efisien
Midea,MSFL-24CRN8-ID / MSFL-24CRN8-OD; MSFQ-24CRN8-ID / MSFQ-24CRN8-OD; MSPT-24CRN8-ID / MSPT-24CRN8-OD,MSFT-24CRN8-ID / MSFT-24CRN8-OD,Non-Inverter,2049.3,24586.19,3.73,2,5983.96,8645021.23,217.1419/23.120/X/2025,2025-11-03,2029-11-02,1282,Balai Besar Standardisasi dan Pelayanan Jasa Industri Bahan dan Barang Teknik (BBSPJIBBT),True,0,0,0,0,0,0,0,11.997360074171668,3+ PK,3.73,1444.6990337502257,8.267360074171666,Aktif,3,Besar-Kurang Efisien
COMFEE,CFS-09FGSF / CFS-09FGSC,CFS-09FGSF / CFS-09FGSC,Non-Inverter,804.6,9297.74,3.6,2,2349.43,3394224.41,218.1419/23.120/X/2025,2025-11-03,2029-11-02,1283,Balai Besar Standardisasi dan Pelayanan Jasa Industri Bahan dan Barang Teknik (BBSPJIBBT),True,0,0,0,0,0,0,0,11.555729555058411,1 PK,3.6,1444.7012296599603,7.955729555058413,Aktif,0,Sedang-Kurang Efisien
Midea,MSFT-12CRN8-ID/ MSFT-12CRN8-OD; MSFL-12CRN8-ID/ MSFL-12CRN8-OD; MSFQ-12CRN8-ID/ MSFQ-12CRN8-OD ; MSPT-12CRN8-ID/ MSPT-12CRN8-OD,MSFT-12CRN8-ID / MSFT-12CRN8-OD,Non-Inverter,1083.2,12018.59,3.45,2,3162.94,4569505.2,442.1419/23.120/I/2026,2026-01-13,2030-01-12,1284,Balai Besar Standardisasi dan Pelayanan Jasa Industri Bahan dan Barang Teknik (BBSPJIBBT),True,0,0,0,0,0,0,0,11.095448670605611,1.5 PK,3.45,1444.7018280460584,7.645448670605613,Aktif,0,Sedang-Kurang Efisien
Midea,MSFT-18CRN8-ID/ MSFT-18CRN8-OD ; MSFL-18CRN8-ID/ MSFL-18CRN8-OD ; MSFQ-18CRN8-ID/ MSFQ-18CRN8-OD ; MSPT-18CRN8-ID/ MSPT-18CRN8-OD,MSFT-18CRN8-ID / MSFT-18CRN8-OD,Non-Inverter,1508.8,17215.96,3.55,2,4405.7,6364909.01,442.1419/23.120/I/2026,2026-01-13,2030-01-12,1285,Balai Besar Standardisasi dan Pelayanan Jasa Industri Bahan dan Barang Teknik (BBSPJIBBT),True,0,0,0,0,0,0,0,11.410365853658536,2 PK,3.55,1444.698688063191,7.860365853658537,Aktif,3,Besar-Kurang Efisien
COMFEE,CFS-12FGSF / CFS-12FGSC ; CFS-12FGYF / CFS-12FGYC,CFS-12FGYF / CFS-12FGYC,Non-Inverter,1077.9,12105.6,3.5,2,3147.47,4547147.02,443.1419/23.120/I/2026,2026-01-13,2030-01-12,1286,Balai Besar Standardisasi dan Pelayanan Jasa Industri Bahan dan Barang Teknik (BBSPJIBBT),True,0,0,0,0,0,0,0,11.23072641246869,1.5 PK,3.5,1444.699082119925,7.730726412468689,Aktif,0,Sedang-Kurang Efisien
COMFEE,CFS-18FGSF / CFS-18FGSC ; CFS-18FGYF / CFS-18FGYC,CFS-18FGYF / CFS-18FGYC,Non-Inverter,1502.2,17862.56,3.7,2,4386.42,6337066.75,443.1419/23.120/I/2026,2026-01-13,2030-01-12,1287,Balai Besar Standardisasi dan Pelayanan Jasa Industri Bahan dan Barang Teknik (BBSPJIBBT),True,0,0,0,0,0,0,0,11.89093329782985,2 PK,3.7,1444.7013167913697,8.19093329782985,Aktif,3,Besar-Kurang Efisien
Haier,HSU-05FQLTF (Indoor) - HSU-05FQLTC (Outdoor),HSU-05FQLTF (Indoor) - HSU-05FQLTC (Outdoor),Non-Inverter,361.8,5000.0,3.99,3,1056.46,1526261.98,824 260063,2026-06-17,2030-06-16,1288,PT TUV Rheinland Indonesia,False,0,0,0,0,0,0,0,13.819789939192924,0.5 PK,3.99,1444.6945270052818,9.829789939192924,Aktif,0,Sedang-Kurang Efisien
TCL,TAC-SA05CS/ZA2-ID / TAC-SA05CS/ZA2-OD ; TAC-SA05CS/ZB2-ID / TAC-SA05CS/ZB2-OD ; TAC-05CSD/XB-ID / TAC-05CSD/XB-OD,TAC-SA05CS/ZA2-ID / TAC-SA05CS/ZA2-OD ; TAC-SA05CS/ZB2-ID / TAC-SA05CS/ZB2-OD ; TAC-05CSD/XB-ID / TAC-05CSD/XB-OD,Non-Inverter,400.8,5000.0,3.73,2,1170.34,1690784.42,824 260065,2026-06-23,2030-06-22,1289,PT TUV Rheinland Indonesia,True,0,0,0,0,0,0,0,12.4750499001996,0.5 PK,3.73,1444.6950629731532,8.7450499001996,Aktif,0,Sedang-Kurang Efisien
TCL,TAC-SA09CS/ZA2-ID / TAC-SA09CS/ZA2-OD,TAC-SA09CS/ZA2-ID / TAC-SA09CS/ZA2-OD,Non-Inverter,761.1,9000.0,3.44,2,2222.41,3210718.62,824 260065,2026-06-23,2030-06-22,1290,PT TUV Rheinland Indonesia,True,0,0,0,0,0,0,0,11.824990145841545,1 PK,3.44,1444.7013017400031,8.384990145841545,Aktif,0,Sedang-Kurang Efisien
TCL,TAC-SA18CS/ZA2-ID / TAC-SA18CS/ZA2-OD,TAC-SA18CS/ZA2-ID / TAC-SA18CS/ZA2-OD,Non-Inverter,1477.6,18000.0,3.51,2,4314.6,6233302.62,824 260065,2026-06-23,2030-06-22,1291,PT TUV Rheinland Indonesia,True,0,0,0,0,0,0,0,12.181916621548458,2 PK,3.51,1444.6999999999998,8.671916621548458,Aktif,3,Besar-Kurang Efisien
MODENA,RA0521AAWH / RA0531AAWH,RA0521AAWH / RA0531AAWH,Non-Inverter,389.0,5000.0,3.96,3,268.56,387994.41,030/LSP/QI/06.1-VII/2026,2026-07-03,2030-07-02,1292,PT Qualis Indonesia,True,0,0,0,0,0,0,0,12.853470437017997,0.5 PK,3.96,1444.7215147453082,8.893470437017996,Aktif,0,Sedang-Kurang Efisien
MODENA,RA0921AAWH / RA0931AAWH,RA0921AAWH / RA0931AAWH,Non-Inverter,735.4,9000.0,3.92,3,507.72,733500.19,030/LSP/QI/06.1-VII/2026,2026-07-03,2030-07-02,1293,PT Qualis Indonesia,True,0,0,0,0,0,0,0,12.238237693772096,1 PK,3.92,1444.6943000078782,8.318237693772097,Aktif,0,Sedang-Kurang Efisien
MODENA,RA1221AAWH / RA1231AAWH,RA1221AAWH / RA1231AAWH,Non-Inverter,961.5,12000.0,3.6,2,663.95,959214.34,030/LSP/QI/06.1-VII/2026,2026-07-03,2030-07-02,1294,PT Qualis Indonesia,True,0,0,0,0,0,0,0,12.4804992199688,1.5 PK,3.6,1444.7086979441222,8.880499219968799,Aktif,0,Sedang-Kurang Efisien
MODENA,RA1821AAWH / RA1831AAWH,RA1821AAWH / RA1831AAWH,Non-Inverter,1588.2,19100.0,3.85,3,1096.49,1584096.21,030/LSP/QI/06.1-VII/2026,2026-07-03,2030-07-02,1295,PT Qualis Indonesia,True,0,0,0,0,0,0,0,12.02619317466314,2.5 PK,3.85,1444.697361581045,8.17619317466314,Aktif,3,Besar-Kurang Efisien
Haier,HSU-09FQLTF / HSU-09FQLTC,HSU-09FQLTF / HSU-09FQLTC,Non-Inverter,748.8,9000.0,3.61,2,516.97,746865.11,035/LSP/QI/06.1-VII/2026,2026-07-14,2030-07-13,1296,PT Qualis Indonesia,False,0,0,0,0,0,0,0,12.01923076923077,1 PK,3.61,1444.6971971294272,8.40923076923077,Aktif,0,Sedang-Kurang Efisien
Sharp,AH-A5CAY (Indoor) ; AU-A5CAY (Outdoor),AH-A5CAY (Indoor) ; AU-A5CAY (Outdoor),Non-Inverter,355.8,5150.0,4.43,4,1038.93,1500942.17,824 260092,2026-08-03,2030-08-02,1297,PT TUV Rheinland Indonesia,False,0,0,0,0,0,0,0,14.47442383361439,0.5 PK,4.43,1444.6999990374711,10.04442383361439,Aktif,0,Sedang-Kurang Efisien
Sanken,ESE-09D / ESE-09L,ESE-09D / ESE-09L,Non-Inverter,380.6,9000.0,3.63,2,530.98,767112.58,048/LSP/QI/06.1-VIII/2026,2026-08-05,2030-08-04,1298,PT Qualis Indonesia,True,0,0,0,0,0,0,0,23.646873357856016,1 PK,3.63,1444.710874232551,20.016873357856017,Aktif,0,Sedang-Kurang Efisien
Sanken,ESE-05D / ESE-05L,ESE-05D / ESE-05L,Non-Inverter,380.6,5000.0,3.41,2,262.77,379616.6,048/LSP/QI/06.1-VIII/2026,2026-08-05,2030-08-04,1299,PT Qualis Indonesia,True,0,0,0,0,0,0,0,13.137151865475564,0.5 PK,3.41,1444.672527305248,9.727151865475564,Aktif,0,Sedang-Kurang Efisien
AQUA,AQA-KR5FQA3S (Indoor); AQA-CR5FQA3S (Outdoor)  AQA-KR5FQD3S (Indoor);AQA-CR5FQD3S (Outdoor),AQA-KR5FQA3S (Indoor); AQA-CR5FQA3S (Outdoor)  AQA-KR5FQD3S (Indoor);AQA-CR5FQD3S (Outdoor),Non-Inverter,374.5,5000.0,3.9,3,1093.54,1579837.24,824 260094,2026-08-12,2030-08-11,1300,PT TUV Rheinland Indonesia,False,0,0,0,0,0,0,0,13.35113484646195,0.5 PK,3.9,1444.7000018289227,9.45113484646195,Aktif,0,Sedang-Kurang Efisien
