Merek,Famili,Model,Tipe,Daya (watt),Kapasitas Pendinginan (BTU/h),Nilai Efisiensi (EER/CSPF),Rating Bintang (1-5),Konsumsi Energi Tahunan (kWh),Biaya Listrik Tahunan (Rp),No. Registrasi/No. SHE,Tanggal Terbit SHE,SHE Berlaku Sampai Dengan Tanggal,NO.,LSPro
Samsung,Indoor AR13KVFSD WKN / Outdoor AR13KVFSD WKX,Indoor AR13KVFSD WKN / Outdoor AR13KVFSD WKX,Inverter,1120.00,12000.00,11.70,4,3270.40,"4,797,676.80",118.001.4.01.104.16.0001,,,1,
Samsung,Indoor AR10KVFSD WKN / Outdoor AR10KVFSD WKX,Indoor AR10KVFSD WKN / Outdoor AR10KVFSD WKX,Inverter,820.00,9700.00,11.99,4,2394.40,"3,512,584.80",118.001.4.02.104.16.0002,,,2,
Samsung,Indoor AR10KVFNA WKN / Outdoor AR10KVFNA WKX,Indoor AR10KVFNA WKN / Outdoor AR10KVFNA WKX,Inverter,860.00,9700.00,11.73,4,2511.20,"3,683,930.40",118.001.4.03.104.16.0003,,,3,
Daikin,Indoor FTXZ25NVM4 / Outdoor RXZ25NVM4,Indoor FTXZ25NVM4 / Outdoor RXZ25NVM4,Inverter,430.00,8359.00,21.03,4,1255.60,"1,841,965.20",119.002.4.01.104.16.0004,,,4,
Daikin,Indoor FTXZ35NVM4 / Outdoor RXZ35NVM4,Indoor FTXZ35NVM4 / Outdoor RXZ35NVM4,Inverter,680.00,11771.00,19.40,4,1985.60,"2,912,875.20",119.002.4.02.104.16.0005,,,5,
Daikin,Indoor FTXZ50VM4 / Outdoor RXZ50NVM4,Indoor FTXZ50VM4 / Outdoor RXZ50NVM4,Inverter,1150.00,16889.00,17.44,4,3358.00,"4,926,186.00",119.002.4.03.104.16.0006,,,6,
Daikin,Europe 1,Europe 1,Inverter,520.00,8530.00,17.22,4,1518.40,"2,227,492.80",119.002.4.04.104.16.0007,,,7,
Daikin,Europe 2,Europe 2,Inverter,855.00,11942.00,16.38,4,2496.60,"3,662,512.20",119.002.4.05.104.16.0008,,,8,
Daikin,Europe 3,Europe 3,Inverter,1450.00,17742.00,14.94,4,4234.00,"6,211,278.00",119.002.4.06.104.16.0009,,,9,
Daikin,Inverter R32 Smile 1 ,Inverter R32 Smile 1 ,Inverter,680.00,8530.00,15.52,4,1985.60,"2,912,875.20",119.002.4.18.104.16.0021,,,10,
Daikin,Inverter R32 Smile 2,Inverter R32 Smile 2,Inverter,960.00,11942.00,15.43,4,2803.20,"4,112,294.40",119.002.4.19.104.16.0022,,,11,
Daikin,Inverter R32 Smile 3,Inverter R32 Smile 3,Inverter,1365.00,17742.00,16.66,4,3985.80,"5,847,168.60",119.002.4.20.104.16.0023,,,12,
Daikin,Inverter R32 Smile 4,Inverter R32 Smile 4,Inverter,1740.00,20472.00,15.35,4,5080.80,"7,453,533.60",119.002.4.21.104.16.0024,,,13,
Daikin,Inverter R32 Smile 5,Inverter R32 Smile 5,Inverter,2365.00,24225.00,14.62,4,6905.80,"10,130,808.60",119.002.4.22.104.16.0025,,,14,
Daikin,Inverter R32 Smile 6,Inverter R32 Smile 6,Inverter,1445.00,17742.00,16.89,4,4219.40,"6,189,859.80",119.002.4.23.104.16.0026,,,15,
Daikin,Inverter R32 Smile 7,Inverter R32 Smile 7,Inverter,1740.00,20472.00,16.24,4,5080.80,"7,453,533.60",119.002.4.24.104.16.0027,,,16,
Daikin,Inverter R32 Smile 8,Inverter R32 Smile 8,Inverter,337.00,5118.00,15.20,4,984.04,"1,443,586.68",119.002.4.25.104.16.0028,,,17,
Daikin,Inverter R32 Smile 9,Inverter R32 Smile 9,Inverter,500.00,6824.00,14.73,4,1460.00,"2,141,820.00",119.002.4.26.104.16.0029,,,18,
Daikin,Inverter R32 Smile 10,Inverter R32 Smile 10,Inverter,700.00,8530.00,14.13,4,2044.00,"2,998,548.00",119.002.4.27.104.16.0030,,,19,
Daikin,Inverter R32 Smile 11,Inverter R32 Smile 11,Inverter,990.00,11942.00,14.24,4,2890.80,"4,240,803.60",119.002.4.28.104.16.0031,,,20,
Daikin,Inverter High R32 1,Inverter High R32 1,Inverter,540.00,8530.00,17.74,4,1576.80,"2,313,165.60",119.002.4.29.104.16.0032,,,21,
Daikin,Inverter High R32 2,Inverter High R32 2,Inverter,910.00,11942.00,15.37,4,2657.20,"3,898,112.40",119.002.4.30.104.16.0033,,,22,
Daikin,Inverter High R32 3,Inverter High R32 3,Inverter,1300.00,17742.00,16.72,4,3796.00,"5,568,732.00",119.002.4.31.104.16.0034,,,23,
Daikin,Inverter High R32 4,Inverter High R32 4,Inverter,1580.00,20472.00,16.29,4,4613.60,"6,768,151.20",119.002.4.32.104.16.0035,,,24,
Daikin,Inverter High R32 5,Inverter High R32 5,Inverter,2000.00,24225.00,14.73,4,5840.00,"8,567,280.00",119.002.4.33.104.16.0036,,,25,
Samsung,Indoor AR13KVFNAWKN / Outdoor AR13KVFNAWKX,Indoor AR13KVFNAWKN / Outdoor AR13KVFNAWKX,Inverter,1120.00,12000.00,11.29,4,3270.40,"4,797,676.80",118.001.4.04.104.16.0037,,,26,
Samsung,Indoor AR18KVFNAWKN / Outdoor AR18KVFNAWKX,Indoor AR18KVFNAWKN / Outdoor AR18KVFNAWKX,Inverter,1540.00,17600.00,11.14,4,4496.80,"6,596,805.60",118.001.4.05.104.16.0038,,,27,
Samsung,Indoor AR05KRSDUWKN / Outdoor AR05KRSDUWKX,Indoor AR05KRSDUWKN / Outdoor AR05KRSDUWKX,Inverter,315.00,4800.00,14.86,4,919.80,"1,349,346.60",118.001.4.06.104.16.0046,,,28,
Samsung,Indoor AR09KRSDUWKN / Outdoor AR09KRSDUWKX,Indoor AR09KRSDUWKN / Outdoor AR09KRSDUWKX,Inverter,680.00,8600.00,12.35,4,1985.60,"2,912,875.20",118.001.4.07.104.16.0047,,,29,
Samsung,Indoor AR05KRFSVURN / Outdoor AR05KRFSVURX,Indoor AR05KRFSVURN / Outdoor AR05KRFSVURX,Inverter,330.00,4800.00,13.97,4,963.60,"1,413,601.20",118.001.4.08.104.16.0048,,,30,
Samsung,Indoor AR09KRFSVURN / Outdoor AR09KRFSVURX,Indoor AR09KRFSVURN / Outdoor AR09KRFSVURX,Inverter,710.00,8500.00,12.13,4,2073.20,"3,041,384.40",118.001.4.09.104.16.0050,,,31,
Samsung,Indoor AR12KRFSWWKN / Outdoor AR12KRFSWWKX,Indoor AR12KRFSWWKN / Outdoor AR12KRFSWWKX,Inverter,1160.00,12100.00,10.21,3,3387.20,"4,969,022.40",118.001.3.10.099.16.0051,,,32,
Samsung,Indoor AR18KRFSWWKN / Outdoor AR18KRFSWWKX,Indoor AR18KRFSWWKN / Outdoor AR18KRFSWWKX,Inverter,1755.00,17900.00,9.91,2,5124.60,"7,517,788.20",118.001.2.11.091.16.0052,,,33,
Mitsubishi Electric,Indoor MSY-GJ10VA / Outdoor MUY-GJ10VA,Indoor MSY-GJ10VA / Outdoor MUY-GJ10VA,Inverter,820.00,8871.88,12.56,4,2394.40,"3,512,584.80",119.005.4.05.104.16.0057,,,34,
Mitsubishi Electric,Indoor MSY-GJ13VA / Outdoor MUY-GJ13VA,Indoor MSY-GJ13VA / Outdoor MUY-GJ13VA,Inverter,970.00,10922.49,13.10,4,2832.40,"4,155,130.80",119.005.4.06.104.16.0058,,,35,
Mitsubishi Electric,Indoor MSY-GF18VA / Outdoor MUY-GF18VA,Indoor MSY-GF18VA / Outdoor MUY-GF18VA,Inverter,1670.00,17069.90,13.34,4,4876.40,"7,153,678.80",119.005.4.07.104.16.0059,,,36,
Mitsubishi Electric,Indoor MSY-GF24VA / Outdoor MUY-GF24VA,Indoor MSY-GF24VA / Outdoor MUY-GF24VA,Inverter,1940.00,22662.85,15.22,4,5664.80,"8,310,261.60",119.005.4.08.104.16.0060,,,37,
Sharp,AH-X9SEY / AU-X9SEY,AH-X9SEY / AU-X9SEY,Inverter,587.40,7062.84,12.02,4,1715.21,"2,516,210.14",118.008.4.01.104.16.0087,,,38,
Sharp,AH-X18SEY / AU-X18SEY,AH-X18SEY / AU-X18SEY,Inverter,1432.70,16262.62,13.53,4,4183.48,"6,137,171.03",118.008.4.02.104.16.0088,,,39,
Panasonic,CS-VU18SKP / CU-VU18SKP,CS-VU18SKP / CU-VU18SKP,Inverter,1450.00,17700.00,13.96,4,4234.00,"6,211,278.00",118.009.4.01.104.16.0111,,,40,
Panasonic,CS-VU13SKP / CU-VU13SKP,CS-VU13SKP / CU-VU13SKP,Inverter,820.00,11600.00,15.35,4,2394.40,"3,512,584.80",118.009.4.02.104.16.0112,,,41,
Panasonic,CS-VU10SKP / CU-VU10SKP,CS-VU10SKP / CU-VU10SKP,Inverter,630.00,8700.00,14.88,4,1839.60,"2,698,693.20",118.009.4.03.104.16.0113,,,42,
Panasonic,CS-S24RKP / CU-S24RKP,CS-S24RKP / CU-S24RKP,Inverter,1880.00,21300.00,12.99,4,5489.60,"8,053,243.20",118.009.4.04.104.16.0114,,,43,
Panasonic,CS-S18RKP / CU-S18RKP,CS-S18RKP / CU-S18RKP,Inverter,1440.00,18100.00,13.46,4,4204.80,"6,168,441.60",118.009.4.05.104.16.0115,,,44,
Panasonic,CS-S13RKP / CU-S13RKP,CS-S13RKP / CU-S13RKP,Inverter,1010.00,12500.00,12.79,4,2949.20,"4,326,476.40",118.009.4.06.104.16.0116,,,45,
Panasonic,CS-S10RKP / CU-S10RKP,CS-S10RKP / CU-S10RKP,Inverter,730.00,9720.00,12.62,4,2131.60,"3,127,057.20",118.009.4.07.104.16.0117,,,46,
Panasonic,CS-PN24SKP /  CU-PN24SKP,CS-PN24SKP / CU-PN24SKP,Inverter,2048.80,22626.00,11.04,4,5982.50,"8,776,321.63",118.009.4.10.104.16.0122,,,47,
Panasonic,CS-PN18SKP /  CU-PN18SKP,CS-PN18SKP / CU-PN18SKP,Inverter,1611.30,17823.30,11.06,4,4705.00,"6,902,229.13",118.009.4.11.104.16.0123,,,48,
LG,QS-Q096W5A0  (T10EMV),QS-Q096W5A0 (T10EMV),Inverter,907.70,9205.20,12.21,4,2650.48,"3,888,260.03",118.004.4.05.104.16.0139,,,49,
LG,QS-Q056W5A0  (T06EMV),QS-Q056W5A0 (T06EMV),Inverter,437.80,5427.00,13.32,4,1278.38,"1,875,377.59",118.004.4.06.104.16.0140,,,50,
LG,BS-Q096WEA4,BS-Q096WEA4,Inverter,853.61,9157.74,12.14,4,2492.54,"3,656,557.94",118.004.4.07.104.16.0141,,,51,
LG,BS-Q096J1S1,BS-Q096J1S1,Inverter,665.32,9600.34,17.00,4,1942.73,"2,849,991.36",118.004.4.08.104.16.0142,,,52,
LG,BS-Q126J1S1,BS-Q126J1S1,Inverter,999.81,12155.11,15.30,4,2919.45,"4,282,826.11",118.004.4.09.104.16.0143,,,53,
LG,BS-Q186K1S0,BS-Q186K1S0,Inverter,1468.96,17975.92,14.85,4,4289.36,"6,292,495.81",118.004.4.10.104.16.0144,,,54,
LG,BS-Q126J3A0,BS-Q126J3A0,Inverter,1044.62,12355.84,13.93,4,3050.29,"4,474,776.02",118.004.4.11.104.16.0145,,,55,
LG,BS-Q186K3A0,BS-Q186K3A0,Inverter,1463.18,17775.22,14.52,4,4272.49,"6,267,736.38",118.004.4.12.104.16.0146,,,56,
Sharp,AH-XP6SHY / AU-X6SHY,AH-XP6SHY / AU-X6SHY,Inverter,379.90,4184.14,11.16,4,1109.31,"1,627,354.84",118.008.4.19.104.16.0147,,,57,
Sharp,AH-XP13SHY / AU-X13SHY,AH-XP13SHY / AU-X13SHY,Inverter,1106.40,11390.96,12.10,4,3230.69,"4,739,419.30",118.008.4.20.104.16.0148,,,58,
Sharp,AH-X12SEY / AU-X12SEY,AH-X12SEY / AU-X12SEY,Inverter,1154.20,11114.25,11.46,4,3370.26,"4,944,177.29",118.008.4.21.104.16.0149,,,59,
Midea,MSKID-09CRDN1 (I) / MSKID-09CRDN1 (O),MSKID-09CRDN1(I) / MSKID-09CRDN1(O),Inverter,807.00,9441.00,11.70,4,2356.44,"3,456,897.48",118.013.4.18.104.16.0168,,,60,
Midea,MSKID-12CRDN1 (I) / MSKID-12CRDN1 (O),MSKID-12CRDN1(I) / MSKID-12CRDN1(O),Inverter,1182.00,12409.00,10.50,4,3451.44,"5,063,262.48",118.013.4.19.104.16.0169,,,61,
Midea,MSMB-09CRDN1 (I) / MSMB-09CRDN1 (O),MSMB-09CRDN1(I) / MSMB-09CRDN1(O),Inverter,733.00,9235.00,12.60,4,2140.36,"3,139,908.12",118.013.4.20.104.16.0170,,,62,
Midea,MSMB-12CRDN1 (I) / MSMB-12CRDN1 (O),MSMB-12CRDN1(I) / MSMB-12CRDN1(O),Inverter,882.00,11049.00,12.53,4,2575.44,"3,778,170.48",118.013.4.21.104.16.0171,,,63,
Midea,MSMB-18CRDN1 (I) / MSMB-18CRDN1 (O),MSMB-18CRDN1(I) / MSMB-18CRDN1(O),Inverter,1640.00,17186.00,10.48,4,4788.80,"7,025,169.60",118.013.4.22.104.16.0172,,,64,
Gree,Indoor GWC-09GEE / I Outdoor GWC-09GEE / O,Indoor GWC-09GEE / I Outdoor GWC-09GEE / O,Inverter,768.00,8857.60,12.62,4,2242.56,"3,289,835.52",118.011.4.12.104.16.0183,,,65,
Gree,Indoor GWC-12GEE / I Outdoor GWC-12GEE / O,Indoor GWC-12GEE / I Outdoor GWC-12GEE / O,Inverter,1110.00,11846.50,12.79,4,3241.20,"4,754,840.40",118.011.4.13.104.16.0184,,,66,
LG,QS-Q076W5A0  (T08EMV),QS-Q076W5A0 (T08EMV),Inverter,613.60,7166.70,12.30,4,1791.71,"2,628,441.50",118.004.4.13.104.16.0185,,,67,
LG,QS-Q056W5A1  (E06FMV),QS-Q056W5A1 (E06FMV),Inverter,303.90,4442.00,14.69,4,887.39,"1,301,798.20",118.004.4.14.104.16.0186,,,68,
LG,QS-Q096W5A1  (E10FMV),QS-Q096W5A1 (E10FMV),Inverter,698.70,8667.40,13.76,4,2040.20,"2,992,979.27",118.004.4.15.104.16.0187,,,69,
Toshiba,RAS-10G2KCV-IDRAS-10G2ACV-ID,RAS-10G2KCV-IDRAS-10G2ACV-ID,Inverter,782.82,8775.22,13.04,4,2285.83,"3,353,319.06",118.014.4.07.104.16.0194,,,70,
Toshiba,RAS-13G2KCV-IDRAS-13G2ACV-ID,RAS-13G2KCV-IDRAS-13G2ACV-ID,Inverter,1111.63,11973.12,14.36,4,3245.96,"4,761,822.73",118.014.4.08.104.16.0195,,,71,
Toshiba,RAS-18G2KCV-IDRAS-18G2ACV-ID,RAS-18G2KCV-IDRAS-18G2ACV-ID,Inverter,1424.58,16334.92,14.92,4,4159.77,"6,102,387.87",118.014.4.09.104.16.0196,,,72,
Toshiba,RAS-22G2KCV-IDRAS-22G2ACV-ID,RAS-22G2KCV-IDRAS-22G2ACV-ID,Inverter,1718.34,19575.87,15.27,4,5017.55,"7,360,749.96",118.014.4.10.104.16.0197,,,73,
Mitsubishi Heavy Industries,8530 BTU / h,8530 BTU /h,Inverter,670.00,8409.19,14.96,4,1956.40,"2,870,038.80",011.015.4.01.104.16.0209,,,74,
Mitsubishi Heavy Industries,10918 - 11942 BTU / h,10918 - 11942 BTU /h,Inverter,980.00,11707.39,14.85,4,2861.60,"4,197,967.20",011.015.4.02.104.16.0210,,,75,
Mitsubishi Heavy Industries,17060 BTU / h,17060 BTU /h,Inverter,1640.00,16196.07,11.74,4,4788.80,"7,025,169.60",011.015.4.03.104.16.0211,,,76,
Gree,GWC-09UCR / IGWC-09UCR / O,GWC-09UCR / IGWC-09UCR / O,Inverter,620.10,8616.10,17.21,4,1810.69,"2,656,285.16",118.011.4.14.104.16.0221,,,77,
Gree,GWC-18UCR / IGWC-18UCR / O,GWC-18UCR / IGWC-18UCR / O,Inverter,1544.80,17526.80,13.74,4,4510.82,"6,617,367.07",118.011.4.15.104.16.0222,,,78,
Gree,Indoor GWC-12GEE / I Outdoor GWC-12GEE / O,Indoor GWC-12GEE / I Outdoor GWC-12GEE / O,Inverter,1110.00,11846.50,12.79,4,3241.20,"4,754,840.40",118.019.4.12.104.16.0240,,,79,
Gree,Indoor GWC-09GEE / I Outdoor GWC-09GEE / O,Indoor GWC-09GEE / I Outdoor GWC-09GEE / O,Inverter,768.00,8857.60,12.62,4,2242.56,"3,289,835.52",118.019.4.13.104.16.0241,,,80,
LG,QS-Q076W5A1  (T08EMV1),QS-Q076W5A1 (T08EMV1),Inverter,628.30,7559.20,12.79,4,1834.64,"2,691,411.01",118.004.4.16.104.16.0242,,,81,
Gree,GWC09KF-K3DNA6A,GWC09KF-K3DNA6A,Inverter,800.00,11095.33,9.98,3,2336.00,"3,426,912.00",011.022.3.10.099.16.0261,,,82,
Gree,GWC12KF-K3DNA6A,GWC12KF-K3DNA6A,Inverter,1100.00,12120.55,10.93,4,3212.00,"4,712,004.00",011.022.4.11.104.16.0262,,,83,
Gree,GWC18KG-K3DNA6E,GWC18KG-K3DNA6E,Inverter,1600.00,17933.66,12.15,4,4672.00,"6,853,824.00",011.022.4.12.104.16.0263,,,84,
Panasonic,CS-PU9TKP / CU-PU9TKP,CS-PU9TKP / CU-PU9TKP,Inverter,714.50,8285.36,12.99,4,2086.34,"3,060,660.78",118.009.4.12.104.16.0265,,,85,
Panasonic,CS-PU12TKP / CU-PU12TKP,CS-PU12TKP / CU-PU12TKP,Inverter,1001.90,11194.43,12.75,4,2925.55,"4,291,778.92",118.009.4.13.104.16.0266,,,86,
Panasonic,CS-PU18TKP / CU-PU18TKP,CS-PU18TKP / CU-PU18TKP,Inverter,1424.40,17007.79,13.74,4,4159.25,"6,101,616.82",118.009.4.14.104.16.0267,,,87,
Panasonic,CS-PU24TKP / CU-PU24TKP,CS-PU24TKP / CU-PU24TKP,Inverter,1736.60,19633.33,13.10,4,5070.87,"7,438,969.22",118.009.4.15.104.16.0268,,,88,
Sanken,EVA-10D / EVA-10L,EVA-10D / EVA-10L,Inverter,850.00,9008.00,11.79,4,2482.00,"3,641,094.00",118.017.4.12.104.16.0314,,,89,
Gree,"GWC-18UCR / I , GWC-18UCR / O",GWC-18UCR / I & GWC-18UCR / O,Inverter,233.00,17526.60,13.74,4,680.36,"998,088.12",118.019.4.15.104.16.0316,,,90,
Gree,"GWC-24COO / I , GWC-24COO / O",GWC-24COO / I & GWC-24COO / O,Inverter,2338.70,23058.20,9.86,2,6829.00,"10,018,148.87",118.019.2.16.091.16.0317,,,91,
Panasonic,CS-U13TKP / CU-U13TKP,CS-U13TKP / CU-U13TKP,Inverter,1031.30,11524.71,12.81,4,3011.40,"4,417,717.93",118.009.4.16.104.17.0017,,,92,
Panasonic,CS-U10TKP / CU-U10TKP,CS-U10TKP / CU-U10TKP,Inverter,768.70,9211.72,13.74,4,2244.60,"3,292,834.07",118.009.4.17.104.17.0018,,,93,
Sharp,AH-X18UEY / AU-X18UEY,AH-X18UEY / AU-X18UEY,Inverter,1493.66,17262.57,14.84,4,4361.49,"6,398,301.72",118.008.4.24.104.17.0019,,,94,
Sharp,AH-X9UEY / AU-X9UEY,AH-X9UEY / AU-X9UEY,Inverter,822.00,8696.57,12.48,4,2400.24,"3,521,152.08",118.008.4.25.104.17.0020,,,95,
Sharp,AH-X12UEY / AU-X12UEY,AH-X12UEY / AU-X12UEY,Inverter,1065.53,12094.93,13.47,4,3111.35,"4,564,346.93",118.008.4.26.104.17.0021,,,96,
Sharp,AH-XP6UHY / AU-X6UHY,AH-XP6UHY / AU-X6UHY,Inverter,385.98,5152.26,13.76,4,1127.06,"1,653,399.37",118.008.4.27.104.17.0022,,,97,
Sharp,AH-XP10UHY / AU-X10UHY,AH-XP10UHY / AU-X10UHY,Inverter,754.76,9245.09,14.54,4,2203.90,"3,233,120.13",118.008.4.28.104.17.0023,,,98,
Sharp,AH-XP13UHY / AU-X13UHY,AH-XP13UHY / AU-X13UHY,Inverter,976.90,11974.93,14.64,4,2852.55,"4,184,687.92",118.008.4.29.104.17.0024,,,99,
LG,"BS-Q096J1S0  (D10SMV.NJ0T, D10SMV.UJ0T)","BS-Q096J1S0 (D10SMV.NJ0T, D10SMV.UJ0T)",Inverter,410.00,9200.00,12.60,4,1197.20,"1,756,292.40",118.004.4.17.104.17.0026,,,100,
LG,"S4-Q12JA2PA  (E13SIV.NJAT, E13SIV.UJAT)","S4-Q12JA2PA (E13SIV.NJAT, E13SIV.UJAT)",Inverter,1030.00,12000.00,14.75,4,3007.60,"4,412,149.20",118.004.4.18.104.17.0027,,,101,
Panasonic,CS-U18TKP / CU-U18TKP,CS-U18TKP / CU-U18TKP,Inverter,1477.50,17560.20,14.21,4,4314.30,"6,329,078.10",118.009.4.18.104.17.0037,,,102,
Panasonic,CS-U24TKP / CU-U24TKP,CS-U24TKP / CU-U24TKP,Inverter,1792.20,20496.23,13.87,4,5233.22,"7,677,139.61",118.009.4.19.104.17.0038,,,103,
LG,"S3-Q18K21PA (D19RIV3.NKAT, D19RIV3.UKAT)","S3-Q18K21PA(D19RIV3.NKAT, D19RIV3.UKAT)",Inverter,1404.57,17962.95,15.57,4,4101.34,"6,016,672.23",118.004.4.19.104.17.0058,,,104,
LG,"S4-Q18K22PA (E19SIV.NKAT, E19SIV.UKAT)","S4-Q18K22PA(E19SIV.NKAT, E19SIV.UKAT)",Inverter,1458.04,18012.05,14.68,4,4257.48,"6,245,718.47",118.004.4.20.104.17.0059,,,105,
Aqua,AQA-KCRV9BGS,AQA-KCRV9BGS,Inverter,1287.30,11053.53,12.20,4,3758.92,"5,514,329.77",118.021.4.13.104.17.0064,,,106,
Aqua,AQA-KCRV12BGS,AQA-KCRV12BGS,Inverter,1104.40,11426.14,13.16,4,3224.85,"4,730,852.02",118.021.4.14.104.17.0065,,,107,
Aqua,AQA-KCRV18BGS,AQA-KCRV18BGS,Inverter,1837.90,18220.50,12.42,4,5366.67,"7,872,901.96",118.021.4.15.104.17.0066,,,108,
Gree,GWC09KF-K3DNA6A,GWC09KF-K3DNA6A,Inverter,800.00,9029.62,12.29,4,2336.00,"3,426,912.00",011.030.4.12.104.17.0083,,,109,
Gree,GWC12KF-K3DNA6A,GWC12KF-K3DNA6A,Inverter,1100.00,12490.99,11.04,4,3212.00,"4,712,004.00",011.030.4.13.104.17.0084,,,110,
Gree,GWC18KG-K3DNA6E,GWC18KG-K3DNA6E,Inverter,1600.00,17456.36,12.05,4,4672.00,"6,853,824.00",011.030.4.14.104.17.0085,,,111,
LG,"S3-Q09JL1PA (D10RIV3.NJAT, D10RIV3.UJAT)","S3-Q09JL1PA(D10RIV3.NJAT, D10RIV3.UJAT)",Inverter,610.42,9723.52,18.22,4,1782.43,"2,614,819.53",118.004.4.23.104.17.0112,,,112,
LG,"S3-Q12JL1PA (D13RIV3.NJAT, D13RIV3.UJAT)","S3-Q12JL1PA(D13RIV3.NJAT, D13RIV3.UJAT)",Inverter,882.41,12239.01,16.70,4,2576.64,"3,779,926.77",118.004.4.24.104.17.0113,,,113,
LG,"SQ-Q06WA5AA (T06EV3.NWAT, T06EV3.UWAT, T06EV3.NWAH, T06EV3.UWAH)","SQ-Q06WA5AA(T06EV3.NWAT, T06EV3.UWAT, T06EV3.NWAH, T06EV3.UWAH)",Inverter,490.42,6223.73,12.82,4,1432.03,"2,100,782.73",118.004.4.25.104.17.0115,,,114,
LG,"SQ-Q09WA5AA (T10EV3.NWAT, T10EV3.UWAT, T10EV3.NWAH, T10EV3.UWAH)","SQ-Q09WA5AA(T10EV3.NWAT, T10EV3.UWAT, T10EV3.NWAH, T10EV3.UWAH)",Inverter,927.30,9237.72,11.54,4,2707.72,"3,972,219.37",118.004.4.26.104.17.0116,,,115,
LG,"S3-Q05WA6AA (E06SV3.NWAT, E06SV3.UWAT)","S3-Q05WA6AA(E06SV3.NWAT, E06SV3.UWAT)",Inverter,285.85,4219.25,13.34,4,834.68,"1,224,478.49",118.004.4.27.104.17.0117,,,116,
LG,"S3-Q09WA6AA (E10SV3.NWAT, E10SV3.UWAT)","S3-Q09WA6AA(E10SV3.NWAT, E10SV3.UWAT)",Inverter,625.71,8000.39,13.80,4,1827.07,"2,680,316.38",118.004.4.28.104.17.0118,,,117,
Gree,GWC05NAS,GWC05NAS,Inverter,575.93,5287.19,9.19,2,1681.72,"2,467,076.79",011.030.2.15.091.17.0119,,,118,
Gree,GWC09NAS,GWC09NAS,Inverter,856.40,8542.39,9.97,3,2500.69,"3,668,509.30",011.030.3.16.099.17.0120,,,119,
Gree,GWC18NAS,GWC18NAS,Inverter,1705.60,17773.94,10.42,4,4980.35,"7,306,176.38",011.030.4.17.104.17.0121,,,120,
Haier,HSU-10INV03,HSU-10INV03,Inverter,834.90,9512.00,12.63,4,2437.91,"3,576,411.04",118.012.4.15.104.17.0126,,,121,
Haier,HSU-13INV03,HSU-13INV03,Inverter,1126.60,11913.30,12.54,4,3289.67,"4,825,948.82",118.012.4.16.104.17.0127,,,122,
Haier,HSU-18INV03,HSU-18INV03,Inverter,2179.30,22054.50,13.56,4,6363.56,"9,335,336.65",118.012.4.17.104.17.0128,,,123,
Haier,HSU-24INV03,HSU-24INV03,Inverter,1494.70,17450.30,12.80,4,4364.52,"6,402,756.71",118.012.4.18.104.17.0129,,,124,
LG,"S3-Q12JA2PA (E13SIV3.NJAT, E13SIV3.UJAT, T13EV3.NJAT, T13EV3.UJAT)","S3-Q12JA2PA(E13SIV3.NJAT, E13SIV3.UJAT, T13EV3.NJAT, T13EV3.UJAT)",Inverter,380.00,11931.93,14.46,4,1109.60,"1,627,783.20",118.004.4.29.104.17.0133,,,125,
LG,"S3-Q18KL2PA (E19SIV3.NKAT, E19SIV3.UKAT, T19EV3.NKAT, T19EV3.UKAT)","S3-Q18KL2PA(E19SIV3.NKAT, E19SIV3.UKAT, T19EV3.NKAT, T19EV3.UKAT)",Inverter,1523.09,18042.93,14.16,4,4447.42,"6,524,369.25",118.004.4.30.104.17.0134,,,126,
McQuay,M5WMY10P / M5LCY10F2,M5WMY10P / M5LCY10F2,Inverter,806.84,8930.79,14.38,4,2355.97,"3,456,212.10",119.016.4.05.104.17.0155,,,127,
McQuay,M5WMY15P / M5LCY15F2,M5WMY15P / M5LCY15F2,Inverter,1302.16,11696.37,13.36,4,3802.31,"5,577,984.66",119.016.4.06.104.17.0156,,,128,
McQuay,M5WMY20P / M5LCY20C2,M5WMY20P / M5LCY20C2,Inverter,1669.41,18556.76,12.93,4,4874.68,"7,151,151.45",119.016.4.07.104.17.0157,,,129,
McQuay,M5WMY25P / M5LCY25C2,M5WMY25P / M5LCY25C2,Inverter,1955.67,21753.75,13.91,4,5710.56,"8,377,386.24",119.016.4.08.104.17.0158,,,130,
Aqua,"AQA-KRV9WJ / AQA-CRV9WJ, AQA-KRV9WJW / AQA-CRV9WJW, ","AQA-KRV9WJ / AQA-CRV9WJ, AQA-KRV9WJW / AQA-CRV9WJW, ",Inverter,775.00,10178.00,13.13,4,2263.00,"3,319,821.00",118.021.4.16.104.17.0163,,,131,
Aqua,"AQA-KRV12WJ / AQA-CRV12WJ, AQA-KRV12WJW / AQA-CRV12WJW, ","AQA-KRV12WJ / AQA-CRV12WJ, AQA-KRV12WJW / AQA-CRV12WJW, ",Inverter,1187.00,13422.81,11.29,4,3466.04,"5,084,680.68",118.021.4.17.104.17.0164,,,132,
Aqua,"AQA-KRV18WJ / AQA-CRV18WJ, AQA-KRV18WJW / AQA-CRV18WJW, ","AQA-KRV18WJ / AQA-CRV18WJ, AQA-KRV18WJW / AQA-CRV18WJW, ",Inverter,1404.00,15268.70,10.88,4,4099.68,"6,014,230.56",118.021.4.18.104.17.0165,,,133,
Sharp,AH-X6VEY / AU-X6VEY,AH-X6VEY / AU-X6VEY,Inverter,402.34,5032.87,12.45,4,1174.83,"1,723,479.72",118.008.4.36.104.18.0001,,,134,
Sharp,AH-X9VEY / AU-X9VEY,AH-X9VEY / AU-X9VEY,Inverter,825.61,8979.26,13.48,4,2410.78,"3,536,616.02",118.008.4.37.104.18.0002,,,135,
Sharp,AH-X12VEY / AU-X12VEY,AH-X12VEY / AU-X12VEY,Inverter,1107.96,11994.00,13.42,4,3235.24,"4,746,101.77",118.008.4.38.104.18.0003,,,136,
Sharp,AH-X18VEY / AU-X18VEY,AH-X18VEY / AU-X18VEY,Inverter,1724.01,18898.18,14.34,4,5034.11,"7,385,038.20",118.008.4.40.104.18.0004,,,137,
Sharp,AH-XP10VXY / AU-X10VXY,AH-XP10VXY / AU-X10VXY,Inverter,491.27,8603.19,21.40,4,1434.51,"2,104,423.82",118.008.4.41.104.18.0005,,,138,
Sharp,AH-XP13VXY / AU-X13VXY,AH-XP13VXY / AU-X13VXY,Inverter,753.14,11424.91,19.30,4,2199.17,"3,226,180.63",118.008.4.42.104.18.0006,,,139,
Panasonic,CS-VU10UKP / CU-VU10UKP,CS-VU10UKP / CU-VU10UKP,Inverter,735.20,9182.03,13.74,4,2146.78,"3,149,332.13",118.009.4.24.104.18.0013,,,140,
Panasonic,CS-VU13UKP / CU-VU13UKP,CS-VU13UKP / CU-VU13UKP,Inverter,940.90,11957.00,14.05,4,2747.43,"4,030,476.88",118.009.4.25.104.18.0014,,,141,
Panasonic,CS-VU18UKP / CU-VU18UKP,CS-VU18UKP / CU-VU18UKP,Inverter,1516.30,17054.89,13.76,4,4427.60,"6,495,283.33",118.009.4.26.104.18.0015,,,142,
Daikin,FTKQ15SVM4 / RKQ15SVM4,FTKQ15SVM4 / RKQ15SVM4,Inverter,288.40,5260.96,18.76,4,842.13,"1,235,401.78",119.002.4.46.104.18.0016,,,143,
Daikin,FTKQ20SVM4 / RKQ20SVM4,FTKQ20SVM4 / RKQ20SVM4,Inverter,470.40,7114.70,16.48,4,1373.57,"2,015,024.26",119.002.4.47.104.18.0017,,,144,
Daikin,FTKQ25SVM4 / RKQ25SVM4,FTKQ25SVM4 / RKQ25SVM4,Inverter,796.90,9092.30,15.24,4,2326.95,"3,413,632.72",119.002.4.48.104.18.0018,,,145,
Daikin,FTKQ35SVM4 / RKQ35SVM4,FTKQ35SVM4 / RKQ35SVM4,Inverter,1065.00,12176.75,15.89,4,3109.80,"4,562,076.60",119.002.4.49.104.18.0019,,,146,
Daikin,FTKQ50SVM4 / RKQ50SVM4,FTKQ50SVM4 / RKQ50SVM4,Inverter,1726.30,17715.79,14.18,4,5040.80,"7,394,847.73",119.002.4.50.104.18.0020,,,147,
Daikin,FTKQ60SVM4 / RKQ60SVM4,FTKQ60SVM4 / RKQ60SVM4,Inverter,2181.20,20384.99,14.03,4,6369.10,"9,343,475.57",119.002.4.51.104.18.0021,,,148,
Daikin,FTKM25SVM4 / RKM25SVM4,FTKM25SVM4 / RKM25SVM4,Inverter,505.40,8976.63,20.31,4,1475.77,"2,164,951.66",119.002.4.58.104.18.0028,,,149,
Daikin,FTKM35SVM4 / RKM35SVM4,FTKM35SVM4 / RKM35SVM4,Inverter,853.60,12219.74,18.63,4,2492.51,"3,656,515.10",119.002.4.59.104.18.0029,,,150,
Daikin,FTKM50SVM4 / RKM50SVM4,FTKM50SVM4 / RKM50SVM4,Inverter,1209.50,17769.01,18.65,4,3531.74,"5,181,062.58",119.002.4.60.104.18.0030,,,151,
Daikin,FTKM60SVM4 / RKM60SVM4,FTKM60SVM4 / RKM60SVM4,Inverter,1487.00,20034.92,17.20,4,4342.04,"6,369,772.68",119.002.4.61.104.18.0031,,,152,
Daikin,FTKM71SVM4 / RKM71SVM4,FTKM71SVM4 / RKM71SVM4,Inverter,1988.30,23787.78,16.21,4,5805.84,"8,517,161.41",119.002.4.62.104.18.0032,,,153,
Mitsubishi Electric,MSY-JP10VF /  MUY-JP10VF,MSY-JP10VF / MUY-JP10VF,Inverter,1005.05,9616.04,14.04,4,2934.75,"4,305,272.38",118.005.4.13.104.18.0033,,,154,
Mitsubishi Electric,MSY-JP13VF /  MUY-JP13VF,MSY-JP13VF / MUY-JP13VF,Inverter,1277.16,12634.57,14.27,4,3729.31,"5,470,893.66",118.005.4.14.104.18.0034,,,155,
Mitsubishi Electric,MSY-JP18VF /  MUY-JP18VF,MSY-JP18VF / MUY-JP18VF,Inverter,1971.50,17737.73,13.31,4,5756.78,"8,445,196.26",118.005.4.15.104.18.0035,,,156,
Mitsubishi Electric,MSY-JP24VF /  MUY-JP24VF,MSY-JP24VF / MUY-JP24VF,Inverter,1946.24,22628.55,14.29,4,5683.02,"8,336,991.51",118.005.4.16.104.18.0036,,,157,
Mitsubishi Electric,"MSZ-LN10VFV /  MUZ-LN10VF,  MSZ-LN10VFB /  MUZ-LN10VF,  MSZ-LN10VFR /  MUZ-LN10VF","MSZ-LN10VFV / MUZ-LN10VF,  MSZ-LN10VFB / MUZ-LN10VF,  MSZ-LN10VFR / MUZ-LN10VF",Inverter,531.04,9012.59,20.40,4,1550.64,"2,274,784.19",118.005.4.17.104.18.0037,,,158,
Mitsubishi Electric,"MSZ-LN13VFV /  MUZ-LN13VF, MSZ-LN13VFB /  MUZ-LN13VF, MSZ-LN13VFR /  MUZ-LN13VF","MSZ-LN13VFV / MUZ-LN13VF, MSZ-LN13VFB / MUZ-LN13VF, MSZ-LN13VFR / MUZ-LN13VF",Inverter,983.94,13107.06,17.68,4,2873.10,"4,214,844.74",118.005.4.18.104.18.0038,,,159,
Mitsubishi Electric,"MSZ-LN18VFV /  MUZ-LN18VF, MSZ-LN18VFB /  MUZ-LN18VF, MSZ-LN18VFR /  MUZ-LN18VF","MSZ-LN18VFV / MUZ-LN18VF, MSZ-LN18VFB / MUZ-LN18VF, MSZ-LN18VFR / MUZ-LN18VF",Inverter,1448.07,18153.58,16.43,4,4228.36,"6,203,010.57",118.005.4.19.104.18.0039,,,160,
LG,"S3-Q09JL1YA (P10RV3.NJAT, P10RV3.UJAT)","S3-Q09JL1YA(P10RV3.NJAT, P10RV3.UJAT)",Inverter,596.13,9111.35,16.60,4,1740.70,"2,553,606.31",118.004.4.31.104.18.0040,,,161,
LG,"S3-Q12JL1YA (P13RV3.NJAT, P13RV3.UJAT)","S3-Q12JL1YA(P13RV3.NJAT, P13RV3.UJAT)",Inverter,935.50,12024.54,15.97,4,2731.66,"4,007,345.22",118.004.4.32.104.18.0041,,,162,
Toshiba,RAS-05PKPG-IDRAS-05PAPG-ID,RAS-05PKPG-IDRAS-05PAPG-ID,Inverter,380.63,4396.36,11.55,4,1111.44,"1,630,481.89",118.014.4.27.104.18.0046,,,163,
Toshiba,RAS-07PKPG-IDRAS-07PAPG-ID,RAS-07PKPG-IDRAS-07PAPG-ID,Inverter,594.89,6377.57,10.72,4,1737.08,"2,548,294.60",118.014.4.28.104.18.0047,,,164,
Toshiba,RAS-10PKPG-IDRAS-10PAPG-ID,RAS-10PKPG-IDRAS-10PAPG-ID,Inverter,745.71,9432.61,12.65,4,2177.47,"3,194,353.18",118.014.4.29.104.18.0048,,,165,
Toshiba,RAS-10PKSG-IDRAS-10PASG-ID,RAS-10PKSG-IDRAS-10PASG-ID,Inverter,798.59,9105.71,11.40,4,2331.88,"3,420,872.07",118.014.4.30.104.18.0049,,,166,
Panasonic,CS-PU7UKP / CU-PU7UKP,CS-PU7UKP / CU-PU7UKP,Inverter,527.80,6806.60,13.28,4,1541.18,"2,260,905.19",118.009.4.27.104.18.0052,,,167,
Panasonic,CS-PU9UKP / CU-PU9UKP,CS-PU9UKP / CU-PU9UKP,Inverter,687.70,8247.83,13.65,4,2008.08,"2,945,859.23",118.009.4.28.104.18.0053,,,168,
Panasonic,CS-PU12UKP / CU-PU12UKP,CS-PU12UKP / CU-PU12UKP,Inverter,960.10,11368.78,13.07,4,2803.49,"4,112,722.76",118.009.4.29.104.18.0054,,,169,
Panasonic,CS-PU18UKP / CU-PU18UKP,CS-PU18UKP / CU-PU18UKP,Inverter,1415.70,17393.70,14.43,4,4133.84,"6,064,349.15",118.009.4.30.104.18.0055,,,170,
Panasonic,CS-PU24UKP / CU-PU24UKP,CS-PU24UKP / CU-PU24UKP,Inverter,1746.30,20828.55,14.76,4,5099.20,"7,480,520.53",118.009.4.31.104.18.0056,,,171,
Midea,"MSIG-09CRDN1  (I) / MSIG-09CRDN1  (O), ","MSIG-09CRDN1 (I) / MSIG-09CRDN1 (O), ",Inverter,4289.00,338.00,11.75,4,12523.88,"18,372,531.96",118.013.4.37.104.18.0075,,,172,
Midea,"MSUC-09HRFN1  (I) / MSUC-09HRFN1  (O), ","MSUC-09HRFN1 (I) / MSUC-09HRFN1 (O), ",Inverter,4896.00,287.00,15.30,4,14296.32,"20,972,701.44",118.013.4.38.104.18.0076,,,173,
Midea,"MSUC-12HRFN1  (I) / MSUC-12HRFN1  (O), ","MSUC-12HRFN1 (I) / MSUC-12HRFN1 (O), ",Inverter,6363.40,386.00,14.61,4,18581.13,"27,258,514.78",118.013.4.39.104.18.0077,,,174,
LG,"S3-Q06WA (T06EV4.NWAT, T06EV4.UWAT, T06EV4.NWAH, T06EV4.UWAH, E06SV4.NWAT, E06SV4.UWAT)","S3-Q06WA(T06EV4.NWAT, T06EV4.UWAT, T06EV4.NWAH, T06EV4.UWAH, E06SV4.NWAT, E06SV4.UWAT)",Inverter,490.42,6223.73,12.82,4,1432.03,"2,100,782.73",118.004.4.33.104.18.0086,,,175,
LG,"S3-Q09WA (T10EV4.NWAT, T10EV4.UWAT, T10EV4.NWAH, T10EV4.UWAH, E10SV4.NWAT, E10SV4.UWAT)","S3-Q09WA(T10EV4.NWAT, T10EV4.UWAT, T10EV4.NWAH, T10EV4.UWAH, E10SV4.NWAT, E10SV4.UWAT)",Inverter,927.30,9237.72,11.54,4,2707.72,"3,972,219.37",118.004.4.34.104.18.0087,,,176,
LG,"S3-Q12JA (E13SIV4.NJAT, E13SIV4.UJAT, T13EV4.NJAT, T13EV4.UJAT)","S3-Q12JA(E13SIV4.NJAT, E13SIV4.UJAT, T13EV4.NJAT, T13EV4.UJAT)",Inverter,996.97,11931.93,14.46,4,2911.15,"4,270,660.57",118.004.4.35.104.18.0088,,,177,
LG,"S3-Q18KL (E19SIV4.NKAT, E19SIV4.UKAT, T19EV4.NKAT, T19EV4.UKAT)","S3-Q18KL(E19SIV4.NKAT, E19SIV4.UKAT, T19EV4.NKAT, T19EV4.UKAT)",Inverter,1523.09,18042.93,14.16,4,4447.42,"6,524,369.25",118.004.4.36.104.18.0089,,,178,
Gree,GWC-05F1/ I GWC-05F1/ O,GWC-05F1/ I GWC-05F1/ O,Inverter,341.40,5171.00,14.16,4,996.89,"1,462,434.70",118.011.4.24.104.18.0095,,,179,
Gree,GWC-09F1/ I GWC-09F1/ O,GWC-09F1/ I GWC-09F1/ O,Inverter,683.00,8569.00,14.42,4,1994.36,"2,925,726.12",118.011.4.25.104.18.0096,,,180,
Gree,GWC-12F1/ I GWC-12F1/ O,GWC-12F1/ I GWC-12F1/ O,Inverter,1279.00,11794.00,10.91,4,3734.68,"5,478,775.56",118.011.4.26.104.18.0097,,,181,
Gree,GWC-18F1/ I GWC-18F1/ O,GWC-18F1/ I GWC-18F1/ O,Inverter,1456.00,15999.00,13.24,4,4251.52,"6,236,979.84",118.011.4.27.104.18.0098,,,182,
Gree,GWC-24F1/ I GWC-24F1/ O,GWC-24F1/ I GWC-24F1/ O,Inverter,1940.00,24594.00,14.57,4,5664.80,"8,310,261.60",118.011.4.28.104.18.0099,,,183,
Panasonic,CS-XU10VKP / CU-XU10VKP,CS-XU10VKP / CU-XU10VKP,Inverter,789.10,9345.80,13.35,4,2304.17,"3,380,220.32",118.009.4.34.104.18.0123,,,184,
Panasonic,CS-XU13VKP / CU-XU13VKP,CS-XU13VKP / CU-XU13VKP,Inverter,1022.90,11685.40,13.28,4,2986.87,"4,381,735.36",118.009.4.35.104.18.0124,,,185,
Panasonic,CS-XU18VKP / CU-XU18VKP,CS-XU18VKP / CU-XU18VKP,Inverter,1457.20,17869.70,14.58,4,4255.02,"6,242,120.21",118.009.4.36.104.18.0125,,,186,
Panasonic,CS-XU24VKP / CU-XU24VKP,CS-XU24VKP / CU-XU24VKP,Inverter,1732.00,20526.00,14.59,4,5057.44,"7,419,264.48",118.009.4.37.104.18.0126,,,187,
Daikin,"Inverter R32 Smile 12 (FTKC15TVM4, RKC15TVM4)","Inverter R32 Smile 12(FTKC15TVM4, RKC15TVM4)",Inverter,295.40,5112.54,17.70,4,862.57,"1,265,387.26",119.002.4.66.104.19.0151,,,188,
Daikin,"Inverter R32 Smile 13 (FTKC20TVM4, RKC20TVM4)","Inverter R32 Smile 13(FTKC20TVM4, RKC20TVM4)",Inverter,494.90,7050.56,15.90,4,1445.11,"2,119,973.44",119.002.4.67.104.19.0152,,,189,
Daikin,"Inverter R32 Smile 14 (FTKC25TVM4, RKC25TVM4)","Inverter R32 Smile 14(FTKC25TVM4, RKC25TVM4)",Inverter,679.50,8987.89,16.84,4,1984.14,"2,910,733.38",119.002.4.68.104.19.0153,,,190,
Daikin,"Inverter R32 Smile 15 (FTKC35TVM4, RKC35TVM4)","Inverter R32 Smile 15(FTKC35TVM4, RKC35TVM4)",Inverter,985.30,12095.20,16.19,4,2877.08,"4,220,670.49",119.002.4.69.104.19.0154,,,191,
Daikin,"Inverter R32 Smile 16 (FTKC50TVM4, RKC50TVM4)","Inverter R32 Smile 16(FTKC50TVM4, RKC50TVM4)",Inverter,1321.00,17914.71,17.10,4,3857.32,"5,658,688.44",119.002.4.70.104.19.0155,,,192,
Daikin,"Inverter R32 Smile 17 (FTKC60TVM4, RKC60TVM4)","Inverter R32 Smile 17(FTKC60TVM4, RKC60TVM4)",Inverter,1706.40,20426.62,15.83,4,4982.69,"7,309,603.30",119.002.4.71.104.19.0156,,,193,
Daikin,"Inverter R32 Smile 18 (FTKC71TVM4, RKC71TVM4)","Inverter R32 Smile 18(FTKC71TVM4, RKC71TVM4)",Inverter,2035.10,23761.17,15.51,4,5942.49,"8,717,635.76",119.002.4.72.104.19.0157,,,194,
Sharp,"AH-XP6WHY, AU-X6WHY","AH-XP6WHY, AU-X6WHY",Inverter,373.55,5377.07,15.12,4,1090.77,"1,600,153.72",118.008.4.43.104.19.0158,,,195,
Sharp,"AH-XP10WHY, AU-X10WHY","AH-XP10WHY, AU-X10WHY",Inverter,686.94,8770.10,15.03,4,2005.86,"2,942,603.66",118.008.4.44.104.19.0159,,,196,
Sharp,"AH-XP13WHY, AU-X13WHY","AH-XP13WHY, AU-X13WHY",Inverter,935.61,11453.71,15.01,4,2731.98,"4,007,816.42",118.008.4.45.104.19.0160,,,197,
Samsung,AR10RYFHAWKN / AR10RYFHAWKX,AR10RYFHAWKN / AR10RYFHAWKX,Inverter,990.90,10917.82,12.70,4,2893.43,"4,244,658.88",118.001.4.22.104.19.0161,,,198,
Samsung,AR13RYFHAWKN / AR13RYFHAWKX,AR13RYFHAWKN / AR13RYFHAWKX,Inverter,1306.30,12718.67,11.96,4,3814.40,"5,595,718.93",118.001.4.23.104.19.0162,,,199,
Samsung,AR18RYFHAWKN / AR18RYFHAWKX,AR18RYFHAWKN / AR18RYFHAWKX,Inverter,1503.40,16915.45,12.98,4,4389.93,"6,440,024.38",118.001.4.24.104.19.0163,,,200,
LG,"S3-Q12JA3AD (T12EV4.NJAT, T12EV4.UJAT)","S3-Q12JA3AD(T12EV4.NJAT, T12EV4.UJAT)",Inverter,1102.40,10122.98,11.03,4,3219.01,"4,722,284.74",118.004.4.37.104.19.170,,,201,
Panasonic,CS-RS5UKPCU-RS5UKP,CS-RS5UKPCU-RS5UKP,Inverter,414.40,5276.20,11.92,4,1210.05,"1,775,140.42",118.009.4.38.104.18.175,,,202,
Toshiba,RAS-10U2KCVG-IDRAS-10U2ACVG-ID,RAS-10U2KCVG-IDRAS-10U2ACVG-ID,Inverter,903.31,8529.45,11.06,4,2637.67,"3,869,454.85",118.014.4.31.104.18.176,,,203,
Toshiba,RAS-13U2KCVG-IDRAS-10U2ACVG-ID,RAS-13U2KCVG-IDRAS-10U2ACVG-ID,Inverter,1187.66,12121.61,12.60,4,3467.97,"5,087,507.88",118.014.4.32.104.18.177,,,204,
Toshiba,RAS-10U2KCVG-IDRAS-10U2ACVG-ID,RAS-10U2KCVG-IDRAS-10U2ACVG-ID,Inverter,1682.82,17443.75,13.31,4,4913.83,"7,208,595.06",118.014.4.33.104.18.178,,,205,
Aqua,"AQA-KRV9WGW, AQA-CRV9WGW","AQA-KRV9WGW, AQA-CRV9WGW",Inverter,759.20,9885.09,14.94,4,2216.86,"3,252,139.49",118.021.4.30.104.19.0182,,,206,
Aqua,"AQA-KRV9WG, AQA-CRV9WG","AQA-KRV9WG, AQA-CRV9WG",Inverter,759.20,9885.09,14.94,4,2216.86,"3,252,139.49",118.021.4.31.104.19.0183,,,207,
Aqua,"AQA-KRV18WG, AQA-CRV18WG","AQA-KRV18WG, AQA-CRV18WG",Inverter,1755.50,18466.98,12.22,4,5126.06,"7,519,930.02",118.021.4.32.104.19.0184,,,208,
AQUA,"AQA-KCRV12WG (AQA-KRV12WG,  AQA-KRV12WG)","AQA-KCRV12WG(AQA-KRV12WG,  AQA-KRV12WG)",Inverter,1182.30,12335.90,12.26,4,3452.32,"5,064,547.57",118.021.4.33.104.19.0194,,,209,
Gree,"GWC-05F1/ I, GWC-05F1/ O","GWC-05F1/ I, GWC-05F1/ O",Inverter,351.50,4946.70,13.09,4,1026.38,"1,505,699.46",118.011.4.47.104.19.0240,,,210,
Gree,"GWC-18F1/ I, GWC-18F1/ O","GWC-18F1/ I, GWC-18F1/ O",Inverter,1470.40,15915.60,11.34,4,4293.57,"6,298,664.26",118.011.4.48.104.19.0241,,,211,
Gree,"GWC-24F1/ I, GWC-24F1/ O","GWC-24F1/ I, GWC-24F1/ O",Inverter,2052.50,20741.10,12.49,4,5993.30,"8,792,171.10",118.011.4.49.104.19.0242,,,212,
LG,"S3-Q12JA (T13EV4 NINJAT, T13EV4 UINJAT)","S3-Q12JA(T13EV4 NINJAT, T13EV4 UINJAT)",Inverter,993.10,12254.26,14.98,4,2899.85,"4,254,082.88",118.004.4.38.104.19.0274,,,213,
LG,"S3-Q18KL (T19EV4 NINKAT, T19EV4 UINKAT)","S3-Q18KL(T19EV4 NINKAT, T19EV4 UINKAT)",Inverter,1543.40,18693.24,14.77,4,4506.73,"6,611,369.98",118.004.4.39.104.19.0275,,,214,
LG,S3-Q06WA,E06SV4 NWAC / E06SV4 UWAC; S06EV4 NWAC / S06EV4 UWAC; T06EV4 NWAC / T06EV4 UWAC; E06SV5 NWAC / E06SV5 UWAC,Inverter,491.80,6246.18,12.76,4,1436.06,"2,106,694.15",118.004.4.40.104.19.0287,,,215,
LG,S3-Q09WA,E10SV4 NWAC / E10SV4 UWAC; S10EV4 NWAC / S10EV4 UWAC; T10EV4 NWAC / T10EV4 UWAC; E10SV5 NWAC / E10SV5 UWAC,Inverter,916.30,9662.92,11.80,4,2675.60,"3,925,099.33",118.004.4.41.104.19.0288,,,216,
LG,"S3-Q12JA (E13SV5 NJAC / E13SV5 UJAC),  (S13EV4 NJAC / S13EV4 UJAC), ","S3-Q12JA(E13SV5 NJAC / E13SV5 UJAC), (S13EV4 NJAC / S13EV4 UJAC), ",Inverter,1018.10,12675.24,14.80,4,2972.85,"4,361,173.88",118.004.4.42.104.19.0289,,,217,
LG,"S3-Q18KL (E19SV5 NKAC / E19SV5 UKAC),  (S19EV4 NKAC / S19EV4 UKAC), ","S3-Q18KL(E19SV5 NKAC / E19SV5 UKAC), (S19EV4 NKAC / S19EV4 UKAC), ",Inverter,1513.60,17987.67,14.08,4,4419.71,"6,483,717.50",118.004.4.43.104.19.0290,,,218,
Taiace,GTS9 IW1 /  GTS9 IOW1,GTS9 IW1 / GTS9 IOW1,Inverter,846.00,9002.00,11.60,4,2470.32,"3,623,959.44",104.045.4.01.104.19.0300,,,219,
Taiace,GTS12 IW1 /  GTS12 IOW1,GTS12 IW1 / GTS12 IOW1,Inverter,1284.00,11162.00,10.46,4,3749.28,"5,500,193.76",104.045.4.02.104.19.0301,,,220,
Taiace,GTS18 IW1 /  GTS18 IOW1,GTS18 IW1 / GTS18 IOW1,Inverter,1031.00,17342.00,11.13,4,3010.52,"4,416,432.84",104.045.4.03.104.19.0302,,,221,
Taiace,GTS22 IW1 /  GTS22 IOW1,GTS22 IW1 / GTS22 IOW1,Inverter,2257.00,21366.00,11.05,4,6590.44,"9,668,175.48",104.045.4.04.104.19.0303,,,222,
Toshiba,RAS-10U2KCVG-IDRAS-10U2ACVG-ID,RAS-10U2KCVG-IDRAS-10U2ACVG-ID,Inverter,916.10,8626.41,11.36,4,2675.01,"3,924,242.60",118.040.4.07.104.19.0304,,,223,
Toshiba,RAS-13U2KCVG-IDRAS-13U2ACVG-ID,RAS-13U2KCVG-IDRAS-13U2ACVG-ID,Inverter,1207.50,12130.88,11.98,4,3525.90,"5,172,495.30",118.040.4.08.104.19.0305,,,224,
Toshiba,RAS-18U2KCVG-IDRAS-18U2ACVG-ID,RAS-18U2KCVG-IDRAS-18U2ACVG-ID,Inverter,1717.20,17726.70,13.03,4,5014.22,"7,355,866.61",118.040.4.09.104.19.0306,,,225,
LG,"S3-Q09JL (P10RV3 NJAC / P10RV3 UJAC), ","S3-Q09JL(P10RV3 NJAC / P10RV3 UJAC), ",Inverter,641.60,9323.63,16.65,4,1873.47,"2,748,383.42",118.004.4.44.104.19.0307,,,226,
LG,"S3-Q12JL (P13RV3 NJAC / P13RV3 UJAC), ","S3-Q12JL(P13RV3 NJAC / P13RV3 UJAC), ",Inverter,955.50,12365.18,15.99,4,2790.06,"4,093,018.02",118.004.4.45.104.19.0308,,,227,
Sharp,"AH-XP13UHY, AU-X13UHY","AH-XP13UHY, AU-X13UHY",Inverter,970.60,9283.73,11.68,4,2834.15,"4,157,700.98",118.008.4.47.104.19.0320,,,228,
Gree,GWC-09GTech,GWC-09GTech,Inverter,623.30,9487.84,13.40,4,1820.04,"2,669,992.81",118.011.4.53.104.19.0324,,,229,
Gree,GWC-12GTech,GWC-12GTech,Inverter,904.90,12126.04,10.88,4,2642.31,"3,876,265.84",118.011.4.54.104.19.0325,,,230,
Daikin,Flash Entry Inverter R32 Series 1 (FTKQ15UVM4 / RKQ15UVM4),Flash Entry Inverter R32 Series 1(FTKQ15UVM4 / RKQ15UVM4),Inverter,323.20,5118.00,18.07,4,943.74,"1,384,472.45",119.002.4.81.104.19.0332,,,231,
Daikin,Flash Entry Inverter R32 Series 2 (FTKQ20UVM4 / RKQ20UVM4),Flash Entry Inverter R32 Series 2(FTKQ20UVM4 / RKQ20UVM4),Inverter,577.20,6992.55,16.14,4,1685.42,"2,472,517.01",119.002.4.82.104.19.0333,,,232,
Daikin,Flash Entry Inverter R32 Series 3 (FTKQ25UVM4 / RKQ25UVM4),Flash Entry Inverter R32 Series 3(FTKQ25UVM4 / RKQ25UVM4),Inverter,825.90,9084.45,14.95,4,2411.63,"3,537,858.28",119.002.4.83.104.19.0334,,,233,
Daikin,Flash Entry Inverter R32 Series 4 (FTKQ35UVM4 / RKQ35UVM4),Flash Entry Inverter R32 Series 4(FTKQ35UVM4 / RKQ35UVM4),Inverter,1227.40,12211.21,15.30,4,3584.01,"5,257,739.74",119.002.4.84.104.19.0335,,,234,
Daikin,Flash Entry Inverter R32 Series 5 (FTKQ50UVM4 / RKQ50UVM4),Flash Entry Inverter R32 Series 5(FTKQ50UVM4 / RKQ50UVM4),Inverter,1598.70,17354.11,14.06,4,4668.20,"6,848,255.27",119.002.4.85.104.19.0336,,,235,
Daikin,Flash Entry Inverter R32 Series 6 (FTKQ60UVM4 / RKQ60UVM4),Flash Entry Inverter R32 Series 6(FTKQ60UVM4 / RKQ60UVM4),Inverter,2046.40,20225.65,13.72,4,5975.49,"8,766,040.90",119.002.4.86.104.19.0337,,,236,
Samsung,AR10TYEAEWKN (I) / AR10TYEAEWKX  (O),AR10TYEAEWKN(I) / AR10TYEAEWKX (O),Inverter,678.60,9571.90,16.63,4,1981.51,"2,906,878.10",118.001.4.26.104.20.0338,,,237,
Samsung,AR13TYEAEWKN (I) / AR13TYEAEWKX  (O),AR13TYEAEWKN(I) / AR13TYEAEWKX (O),Inverter,1051.40,13071.16,15.32,4,3070.09,"4,503,819.10",118.001.4.27.104.20.0339,,,238,
Samsung,AR18TYEAEWKN (I) / AR18TYEAEWKX  (O),AR18TYEAEWKN(I) / AR18TYEAEWKX (O),Inverter,1704.20,18392.77,14.03,4,4976.26,"7,300,179.29",118.001.4.28.104.20.0340,,,239,
Samsung,AR10TYGZEWKN (I) / AR10TYGZEWKX  (O),AR10TYGZEWKN(I) / AR10TYGZEWKX (O),Inverter,930.50,10290.85,12.92,4,2717.06,"3,985,927.02",118.001.4.29.104.20.0341,,,240,
Samsung,AR13TYGZEWKN (I) / AR13TYGZEWKX  (O),AR13TYGZEWKN(I) / AR13TYGZEWKX (O),Inverter,1150.50,13143.41,13.79,4,3359.46,"4,928,327.82",118.001.4.30.104.20.0342,,,241,
Samsung,AR18TYGZEWKN (I) / AR18TYGZEWKX  (O),AR18TYGZEWKN(I) / AR18TYGZEWKX (O),Inverter,1536.00,18886.22,15.06,4,4485.12,"6,579,671.04",118.001.4.31.104.20.0343,,,242,
Changhong,CSDC-09IVE,CSDC-09IVE,Inverter,801.60,9249.00,12.57,4,2340.67,"3,433,765.82",135.029.4.14.104.20.0013,,,243,
Changhong,CSDC-12IVE,CSDC-12IVE,Inverter,1024.20,11359.90,12.79,4,2990.66,"4,387,304.09",135.029.4.15.104.20.0014,,,244,
Beko,BSVOA090 /  BSVOA091,BSVOA090 / BSVOA091,Inverter,707.20,9454.99,15.75,4,2065.02,"3,029,390.21",118.044.4.04.104.20.0015,,,245,
Beko,BSVOA120 / BSVOA121,BSVOA120 / BSVOA121,Inverter,880.60,12265.41,16.11,4,2571.35,"3,772,173.38",118.044.4.05.104.20.0016,,,246,
Hitachi,RAS-XJ10CKN / RAC-XJ10CKN,RAS-XJ10CKN / RAC-XJ10CKN,Inverter,795.80,9098.60,13.17,4,2323.74,"3,408,920.71",119.048.4.05.104.20.0041,,,247,
Hitachi,RAS-XJ13CKN / RAC-XJ13CKN,RAS-XJ13CKN / RAC-XJ13CKN,Inverter,1136.00,11987.80,13.30,4,3317.12,"4,866,215.04",119.048.4.06.104.20.0042,,,248,
Hitachi,RAS-XJ18CKN / RAC-XJ18CKN,RAS-XJ18CKN / RAC-XJ18CKN,Inverter,1854.80,19125.90,13.68,4,5416.02,"7,945,295.47",119.048.4.07.104.20.0043,,,249,
Hitachi,RAS-XJ24CKN / RAC-XJ24CKN,RAS-XJ24CKN / RAC-XJ24CKN,Inverter,2126.20,22590.37,14.99,4,6208.50,"9,107,875.37",119.048.4.08.104.20.0044,,,250,
LG ,S3-Q12JA,S13EV4 NINJAC / S13EV4 UINJAC;  T13EV4 NINJAC / T13EV4 UINJAC,Inverter,1080.60,12310.96,14.16,4,3155.35,"4,628,901.38",118.004.4.46.104.20.0079,,,251,
LG ,S3-Q18KL,S19EV4 NINKAC / S19EV4 UINKAC;  T19EV4 NINKAC / T19EV4 UINKAC,Inverter,1512.30,18026.93,14.46,4,4415.92,"6,478,148.77",118.004.4.47.104.20.0080,,,252,
Samsung,"AR10TYEAEWKN  (INDOOR), AR10TYEAEWKX  (OUTDOOR)","AR10TYEAEWKN (INDOOR), AR10TYEAEWKX (OUTDOOR),",Inverter,689.60,9508.20,16.49,4,2013.63,"2,953,998.14",118.001.4.37.104.20.0085,,,253,
Samsung,"AR13TYEAEWKN  (INDOOR), AR13TYEAEWKX (OUTDOOR)","AR13TYEAEWKN (INDOOR), AR13TYEAEWKX(OUTDOOR)",Inverter,1050.20,11571.00,13.08,4,3066.58,"4,498,678.73",118.001.4.38.104.20.0086,,,254,
Samsung,"AR18TYEAEWKN  (INDOOR), AR18TYEAEWKX  (OUTDOOR)","AR18TYEAEWKN (INDOOR), AR18TYEAEWKX (OUTDOOR)",Inverter,1734.80,18531.70,14.33,4,5065.62,"7,431,258.67",118.001.4.39.104.20.0087,,,255,
Samsung,"AR10TYGZEWKN  (INDOOR), AR10TYGZEWKX  (OUTDOOR)","AR10TYGZEWKN (INDOOR), AR10TYGZEWKX (OUTDOOR)",Inverter,951.40,9854.40,12.77,4,2778.09,"4,075,455.10",118.001.4.40.104.20.0088,,,256,
Samsung,"AR13TYGZEWKN  (INDOOR), AR13TYGZEWKX  (OUTDOOR)","AR13TYGZEWKN (INDOOR), AR13TYGZEWKX (OUTDOOR)",Inverter,1155.90,12383.10,13.21,4,3375.23,"4,951,459.48",118.001.4.41.104.20.0089,,,257,
Samsung,"AR18TYGZEWKN  (INDOOR), AR18TYGZEWKX  (OUTDOOR)","AR18TYGZEWKN (INDOOR), AR18TYGZEWKX (OUTDOOR)",Inverter,1573.80,18845.80,14.77,4,4595.50,"6,741,592.63",118.001.4.42.104.20.0090,,,258,
LG,S3-Q06WA,T06EV4 NWAT / T06EV4 UWAT;  T06EV4 NWAH / T06EV4 UWAH;  E06SV4 NWAT / E06SV4 UWAT; S06EV4 NWAT2 / S06EV4 UWAT2,Inverter,493.50,6299.05,12.95,4,1441.02,"2,081,841.59",118.004.4.48.104.20.0099,,,259,
LG,S3-Q09WA,T10EV4 NWAT / T10EV4 UWAT;   T10EV4 NWAH / T10EV4 UWAH;  E10SV4 NWAT / E10SV4 UWAT,Inverter,969.70,9926.53,11.52,4,2831.52,"4,090,702.72",118.004.4.49.104.20.0100,,,260,
LG,"E06SV4 NWAC /  E06SV4 UWAC,   E06SV5 NWAC /  E06SV5 UWAC,   S06EV4 NWAC /  S06EV4 UWAC,   T06EV4 NWAC /  T06EV4 UWAC","E06SV4 NWAC / E06SV4 UWAC,   E06SV5 NWAC / E06SV5 UWAC,   S06EV4 NWAC / S06EV4 UWAC,   T06EV4 NWAC / T06EV4 UWAC",Inverter,474.50,6485.95,14.36,4,1385.54,"2,001,689.64",118.052.4.03.104.20.0101,,,261,
LG,"E10SV4 NWAC /  E10SV4 UWAC,   E10SV5 NWAC /  E10SV5 UWAC,   S10EV4 NWAC /  S10EV4 UWAC,   T10EV4 NWAC /  T10EV4 UWAC","E10SV4 NWAC / E10SV4 UWAC,   E10SV5 NWAC / E10SV5 UWAC,   S10EV4 NWAC / S10EV4 UWAC,   T10EV4 NWAC / T10EV4 UWAC",Inverter,921.50,10040.55,12.57,4,2690.78,"3,887,369.87",118.052.4.04.104.20.0102,,,262,
Comfee,CSAF-05CRN2  (I) /  (O),CSAF-05CRN2 (I) /(O),Inverter,372.70,4463.30,11.98,4,1088.28,"1,572,243.89",118.013.4.54.104.20.0112,,,263,
Comfee,CSAF-09CRN2  (I) /  (O),CSAF-09CRN2 (I) /(O),Inverter,791.60,8527.30,10.77,4,2311.47,"3,339,383.60",118.013.4.55.104.20.0113,,,264,
Comfee,CSAF-12CRN2  (I) /  (O),CSAF-12CRN2 (I) /(O),Inverter,1032.70,11155.20,10.80,4,3015.48,"4,356,469.73",118.013.4.56.104.20.0114,,,265,
Midea,MSIAF-05CRDN1 (I) /  (O),MSIAF-05CRDN1(I) /(O),Inverter,411.00,5032.60,11.39,4,1200.12,"1,733,813.36",118.013.4.57.104.20.0116,,,266,
Midea,MSIAF-09CRDN2 (I) /  (O),MSIAF-09CRDN2(I) /(O),Inverter,752.00,8804.40,12.71,4,2195.84,0.00,118.013.4.58.104.20.0117,,,267,
Gree,"GWC-05FS / I,  GWC-05FS / O","GWC-05FS / I,  GWC-05FS / O",Inverter,389.00,5208.60,12.55,4,1135.88,"1,641,005.84",118.011.4.62.104.20.0132,,,268,
Gree,"GWC-09FS / I,  GWC-09FS / O","GWC-09FS / I,  GWC-09FS / O",Inverter,728.70,8747.96,13.18,4,2127.80,"3,074,038.44",118.011.4.63.104.20.0133,,,269,
Gree,"GWC-12FS / I,  GWC-12FS / O","GWC-12FS / I,  GWC-12FS / O",Inverter,1306.50,12422.60,11.56,4,3814.98,"5,511,501.61",118.011.4.64.104.20.0134,,,270,
Gree,"GWC-18FS / I,  GWC-18FS / O","GWC-18FS / I,  GWC-18FS / O",Inverter,1580.15,17218.46,13.84,4,4614.04,"6,665,900.70",118.011.4.65.104.20.0135,,,271,
Gree,"GWC-24FS / I,  GWC-24FS / O","GWC-24FS / I,  GWC-24FS / O",Inverter,2028.10,23713.29,14.50,4,5922.05,"8,555,588.52",118.011.4.66.104.20.0136,,,272,
Sharp,AH-XP10VXY / AU-X10VXY,AH-XP10VXY / AU-X10VXY,Inverter,498.60,8632.63,21.48,4,1455.91,"2,103,356.07",118.053.4.07.104.20.0151,,,273,
Sharp,AH-XP13VXY / AU-X13VXY,AH-XP13VXY / AU-X13VXY,Inverter,782.20,11645.42,19.13,4,2284.02,"3,299,729.47",118.053.4.08.104.20.0152,,,274,
Sharp,AH-X12VEY / AU-X12VEY,AH-X12VEY / AU-X12VEY,Inverter,1235.50,12732.30,13.23,4,3607.66,"5,211,986.40",118.053.4.09.104.20.0153,,,275,
Panasonic,CS-XU10VKP /  CU-XU10VKP,CS-XU10VKP / CU-XU10VKP,Inverter,760.50,8933.00,13.30,4,2220.66,"3,208,187.50",118.006.4.44.104.20.0155,,,276,
Panasonic,CS-XU13VKP /  CU-XU13VKP,CS-XU13VKP / CU-XU13VKP,Inverter,1013.40,11452.00,13.05,4,2959.13,"4,275,052.22",118.006.4.45.104.20.0156,,,277,
Panasonic,CS-XU18VKP /  CU-XU18VKP,CS-XU18VKP / CU-XU18VKP,Inverter,1443.00,18053.00,14.63,4,4213.56,"6,087,330.13",118.006.4.46.104.20.0157,,,278,
Panasonic,CS-XU24VKP /  CU-XU24VKP,CS-XU24VKP / CU-XU24VKP,Inverter,1731.30,20546.00,14.58,4,5055.40,"7,303,530.60",118.006.4.47.104.20.0158,,,279,
LG,S3-Q06WA,"T06EV4 NINWAC,  S06EV4 NINWAC,  T06EV4 UINWAC,  S06EV4 UINWAC",Inverter,495.00,6000.00,13.24,4,1445.40,"2,088,169.38",118.004.4.49.104.20.0159,,,280,
LG,S3-Q09WA,"T10EV4 NINWAC,  S10EV4 NINWAC,   T10EV4 UINWAC,  S10EV4 UINWAC",Inverter,920.00,9200.00,11.12,4,2686.40,"3,881,042.08",118.004.4.50.104.20.0160,,,281,
Mitsubishi Electric,MSY-JT05VF / MUY-JT05VF,MSY-JT05VF / MUY-JT05VF,Inverter,355.00,5118.00,17.84,4,1036.60,"1,497,576.02",118.005.4.24.104.21.0004,,,282,
Mitsubishi Electric,MSY-JT07VF / MUY-JT07VF,MSY-JT07VF / MUY-JT07VF,Inverter,590.00,6824.00,17.38,4,1722.80,"2,488,929.16",118.005.4.25.104.21.0005,,,283,
LG,S3-Q24K2,S24EV4 NWAT / S24EV4 UWAT,Inverter,1833.40,22057.57,14.49,4,5353.53,"7,734,241.90",118.004.4.52.104.21.0014,,,284,
Samsung,"AR05AYHLAWKNSE,  AR05AYHLAWKXSE","AR05AYHLAWKNSE (Indoor),  AR05AYHLAWKXSE (Outdoor)",Inverter,482.70,5994.77,12.25,4,1409.48,"2,036,281.53",118.051.4.10.104.21.0012,,,285,
Samsung,"AR09AYHLAWKNSE,  AR09AYHLAWKXSE","AR09AYHLAWKNSE (Indoor),  AR09AYHLAWKXSE (Outdoor)",Inverter,856.70,9815.88,12.56,4,2501.56,"3,614,009.51",118.051.4.11.104.21.0013,,,286,
Samsung,"AR12AYHLAWKNSE,  AR12AYHLAWKXSE","AR12AYHLAWKNSE (Indoor),  AR12AYHLAWKXSE (Outdoor)",Inverter,1323.80,12709.63,11.99,4,3865.50,"5,584,482.07",118.051.4.12.104.21.0014,,,287,
Samsung,"AR18AYHLAWKNSE,  AR18AYHLAWKXSE","AR18AYHLAWKNSE (Indoor),  AR18AYHLAWKXSE (Outdoor)",Inverter,1912.90,19248.56,12.63,4,5585.67,"8,069,614.56",118.051.4.13.104.21.0015,,,288,
Daikin,Flash Inverter R32 Series 1,FTKQ15SVM4 / RKQ15SVM4,Inverter,288.40,5260.96,18.76,4,842.13,"1,216,622.32",119.002.4.87.104.21.0015,,,289,
Daikin,Flash Inverter R32 Series 2,FTKQ20SVM4 / RKQ20SVM4,Inverter,470.40,7114.70,16.48,4,1373.57,"1,984,393.69",119.002.4.88.104.21.0016,,,290,
Daikin,Flash Inverter R32 Series 3,FTKQ25SVM4 / RKQ25SVM4,Inverter,796.90,9092.30,15.24,4,2326.95,"3,361,741.78",119.002.4.89.104.21.0017,,,291,
Daikin,Flash Inverter R32 Series 4,FTKQ35SVM4 / RKQ35SVM4,Inverter,1065.00,12176.75,15.89,4,3109.80,"4,492,728.06",119.002.4.90.104.21.0018,,,292,
Daikin,Flash Inverter R32 Series 5,FTKQ50SVM4 / RKQ50SVM4,Inverter,1726.30,17715.79,14.18,4,5040796.00,"99,999,999.99",119.002.4.91.104.21.0019,,,293,
Daikin,Flash Inverter R32 Series 6,FTKQ60SVM4 / RKQ60SVM4,Inverter,2181.20,20384.99,14.03,4,6369.10,"9,201,444.55",119.002.4.92.104.21.0020,,,294,
Daikin,Hi-Inverter  (Premium) R32 Series 1,FTKM25SVM4 / RKM25SVM4,Inverter,505.40,8976.63,20.31,4,1475.77,"2,132,042.03",119.002.4.99.104.21.0027,,,295,
Daikin,Hi-Inverter  (Premium) R32 Series 2,FTKM35SVM4 / RKM35SVM4,Inverter,853.60,12219.74,18.65,4,2492.51,"3,600,932.09",119.002.4.01.104.21.0028,,,296,
Daikin,Hi-Inverter  (Premium) R32 Series 3,FTKM50SVM4 / RKM50SVM4,Inverter,1209.50,17769.01,18.65,4,3531.74,"5,102,304.78",119.002.4.02.104.21.0029,,,297,
Daikin,Hi-Inverter  (Premium) R32 Series 4,FTKM60SVM4 / RKM60SVM4,Inverter,1487.00,20034.92,17.20,4,4342.04,"6,272,945.19",119.002.4.03.104.21.0030,,,298,
Daikin,Hi-Inverter  (Premium) R32 Series 5,FTKM71SVM4 / RKM71SVM4,Inverter,1988.30,23787.78,16.21,4,5805.84,"8,387,691.27",119.002.4.04.104.21.0031,,,299,
LG,S3-Q24K2,S24EV4 NWAT / S24EV4 UWAT,Inverter,1833.40,22057.57,14.49,4,5353.53,"7,734,241.90",118.052.4.05.104.21.0032,,,300,
Mitsubishi Heavy Industries,SRK10YXS-W3 /  SRC10YXS-W3,SRK10YXS-W3 / SRC10YXS-W3,Inverter,687.10,10259.70,17.76,4,2006.33,"2,898,547.84",118.015.4.32.104.21.0033,,,301,
Mitsubishi Heavy Industries,SRK13YXS-W3 /  SRC13YXS-W3,SRK13YXS-W3 / SRC13YXS-W3,Inverter,1033.50,12950.33,16.70,4,3017.82,"4,359,844.55",118.015.4.33.104.21.0034,,,302,
Mitsubishi Heavy Industries,SRK15YXS-W3 /  SRC15YXS-W3,SRK15YXS-W3 / SRC15YXS-W3,Inverter,1230.60,16668.16,17.41,4,3593.35,"5,191,315.63",118.015.4.34.104.21.0035,,,303,
Mitsubishi Heavy Industries,SRK18YXS-W3 /  SRC18YXS-W3,SRK18YXS-W3 / SRC18YXS-W3,Inverter,1467.10,18750.16,16.93,4,4283.93,"6,188,996.56",118.015.4.35.104.21.0036,,,304,
Mitsubishi Heavy Industries,SRK10YXP-W3 /  SRC10YXP-W3,SRK10YXP-W3 / SRC10YXP-W3,Inverter,741.80,8815.45,14.59,4,2166.06,"3,129,301.10",118.015.4.36.104.21.0037,,,305,
Mitsubishi Heavy Industries,SRK13YXP-W3 /  SRC13YXP-W3,SRK13YXP-W3 / SRC13YXP-W3,Inverter,1121.40,12384.12,13.58,4,3274.49,"4,730,652.81",118.015.4.37.104.21.0038,,,306,
Mitsubishi Heavy Industries,SRK15YXP-W3 /  SRC15YXP-W3,SRK15YXP-W3 / SRC15YXP-W3,Inverter,1418.50,15710.01,14.01,4,4142.02,"5,983,976.29",118.015.4.38.104.21.0039,,,307,
Mitsubishi Heavy Industries,SRK18YXP-W3 /  SRC18YXP-W3,SRK18YXP-W3 / SRC18YXP-W3,Inverter,1688.00,16434.68,13.13,4,4928.96,"7,120,868.51",118.015.4.39.104.21.0040,,,308,
Sharp,AH-XP6YHY /  AU-X6YHY,AH-XP6YHY / AU-X6YHY,Inverter,389.70,4952.06,13.36,4,1137.92,"1,643,958.80",118.008.4.50.104.21.0054,,,309,
Sharp,AH-XP10YHY /  AU-X10YHY,AH-XP10YHY / AU-X10YHY,Inverter,839.10,9006.75,13.09,4,2450.17,"3,539,763.49",118.008.4.51.104.21.0055,,,310,
Sharp,AH-XP13YHY /  AU-X13YHY,AH-XP13YHY / AU-X13YHY,Inverter,1218.40,11611.07,12.28,4,3557.73,"5,139,849.64",118.008.4.52.104.21.0056,,,311,
Mitsubichi Electric,MSY-JT10VF /  MUY-JT10VF,MSY-JT10VF / MUY-JT10VF,Inverter,913.20,9246.30,15.02,4,2666.54,"3,852,350.34",118.005.4.26.104.21.0057,,,312,
Mitsubishi Electric,MSY-JT13VF /  MUY-JT13VF,MSY-JT13VF / MUY-JT13VF,Inverter,1281.10,12573.60,14.73,4,3740.81,"5,404,351.10",118.005.4.27.104.21.0058,,,313,
Mitsubishi Electric,MSY-JT18VF /  MUY-JT18VF,MSY-JT18VF / MUY-JT18VF,Inverter,1870.20,17876.69,13.36,4,5460.98,"7,889,483.58",118.005.4.28.104.21.0059,,,314,
Mitsubishi Electric,MSY-JT24VF /  MUY-JT24VF,MSY-JT24VF / MUY-JT24VF,Inverter,1983.80,23483.64,16.36,4,5792.70,"8,368,707.91",118.005.4.29.104.21.0060,,,315,
Toshiba,RAS-24PKCVG-ID /  RAS-24PACVG-ID,RAS-24PKCVG-ID (INDOOR) / RAS-24PACVG-ID (OUTDOOR),Inverter,1850.00,20400.00,16.39,4,5402.00,"7,804,269.40",118.014.4.49.104.21.0064,,,316,
Midea,MSIAF-12CRDN2 (I) /  (O),MSIAF-12CRDN2(I) /(O),Inverter,1124.00,12260.20,12.63,4,3282.08,"4,741,620.98",118.013.4.71.104.21.0065,,,317,
Midea,MSIAF-18CRDN2 (I) /  (O),MSIAF-18CRDN2(I) /(O),Inverter,1888.00,18170.80,12.03,4,5512.96,"7,964,573.31",118.013.4.72.104.21.0066,,,318,
LG,S3-Q12JA,P13RV4 NJAT / P13RV4 UJAT,Inverter,1163.60,12653.90,13.48,4,3397.71,"4,908,674.53",118.004.4.53.104.21.0067,,,319,
LG,S3-Q09JA,P10RV4 NJAT / P10RV4 UJAT,Inverter,759.90,9969.99,14.74,4,2218.91,"3,205,656.39",118.004.4.54.104.21.0068,,,320,
LG,S3-Q09WA,"T10EV4 NWAT2 / T10EV4 UWAT2,  S10EV4 NWAT / S10EV4 UWAT",Inverter,936.90,9523.70,11.90,4,2735.75,"3,952,335.14",118.004.4.55.104.21.0069,,,321,
LG,S3-Q09WA,E10SV5 NWAT / E10SV5 UWAT,Inverter,906.40,9315.37,12.36,4,2646.69,"3,823,670.15",118.004.4.56.104.21.0070,,,322,
LG,S3-Q06WA,E06SV5 NWAT / E06SV5 UWAT,Inverter,499.40,6493.25,13.46,4,1458.25,"2,106,730.89",118.004.4.57.104.21.0071,,,323,
LG,S3-Q12JA,P13RV4 NJAT / P13RV4 UJAT,Inverter,1163.60,12653.90,13.48,4,3397.71,"4,908,674.53",118.052.4.06.104.21.0072,,,324,
LG,S3-Q09JA,P10RV4 NJAT / P10RV4 UJAT,Inverter,759.90,9969.99,14.74,4,2218.91,"3,205,656.39",118.052.4.07.104.21.0073,,,325,
LG,S3-Q09WA,"T10EV4 NWAT2 / T10EV4 UWAT2,  S10EV4 NWAT / S10EV4 UWAT",Inverter,936.90,5523.70,11.90,4,2735.75,"3,952,335.14",118.052.4.08.104.21.0074,,,326,
LG,S3-Q09WA,E10SV5 NWAT / E10SV5 UWAT),Inverter,906.40,9315.37,12.36,4,2646.69,"3,823,670.15",118.052.4.09.104.21.0075,,,327,
LG,S3-Q06WA,E06SV5 NWAT / E06SV5 UWAT,Inverter,499.40,6493.25,13.46,4,1458.25,"2,106,730.89",118.052.4.10.104.21.0076,,,328,
Gree,"GWC-09F1/ I,  GWC-09F1/ O","GWC-09F1/ I,  GWC-09F1/ O",Inverter,700.90,8455.98,13.33,4,2046.63,"2,956,763.47",118.011.4.73.104.21.0077,,,329,
Gree,"GWC-12F1/ I,  GWC-12F1/ O","GWC-12F1/ I,  GWC-12F1/ O",Inverter,1281.20,12088.08,11.36,4,3741.10,"5,404,772.95",118.011.4.74.104.21.0078,,,330,
Panasonic,"CU / CS-XPU5XKJ,   CU / CS-PU5XKJ","CU / CS-XPU5XKJ,   CU / CS-PU5XKJ",Inverter,410.00,5300.00,12.44,4,1197.20,"1,729,594.84",118.006.4.48.104.21.0098,,,331,
Panasonic,"CU / CS-XPU7XKJ,   CU / CS-PU7XKJ","CU / CS-XPU7XKJ,   CU / CS-PU7XKJ",Inverter,530.00,6990.00,13.32,4,1547.60,"2,235,817.72",118.006.4.49.104.21.0099,,,332,
Panasonic,"CU / CS-XPU9XKJ,   CU / CS-PU9XKJ","CU / CS-XPU9XKJ,   CU / CS-PU9XKJ",Inverter,670.00,8539.00,13.20,4,1956.40,"2,826,411.08",118.006.4.50.104.21.0100,,,333,
Panasonic,"CU / CS-XPU12XKJ,   CU / CS-PU12XKJ","CU / CS-XPU12XKJ,   CU / CS-PU12XKJ",Inverter,950.00,11900.00,13.70,4,2774.00,"4,007,597.80",118.006.4.51.104.21.0101,,,334,
Panasonic,"CU / CS-XPU18XKJ,   CU / CS-PU18XKJ","CU / CS-XPU18XKJ,   CU / CS-PU18XKJ",Inverter,1440.00,18100.00,15.16,4,4204.80,"6,074,674.56",118.006.4.52.104.21.0102,,,335,
Panasonic,"CU / CS-XPU24XKJ,   CU / CS-PU24XKJ","CU / CS-XPU24XKJ,   CU / CS-PU24XKJ",Inverter,1740.00,20800.00,14.89,4,5080.80,"7,340,231.76",118.006.4.53.104.21.0103,,,336,
Panasonic,CS / CU-XU10XKP,CS / CU-XU10XKP,Inverter,755.20,8833.00,13.48,4,2205.18,"3,185,829.32",118.009.4.42.104.21.0104,,,337,
Panasonic,CS / CU-XU13XKP,CS / CU-XU13XKP,Inverter,945.80,11607.00,15.11,4,2761.74,"3,989,880.00",118.009.4.43.104.21.0105,,,338,
Panasonic,CS / CU-XU18XKP,CS / CU-XU18XKP,Inverter,1266.60,17925.00,17.35,4,3698.47,"5,343,182.50",118.009.4.44.104.21.0106,,,339,
Panasonic,CS / CU-XU24XKP,CS / CU-XU24XKP,Inverter,1668.60,20158.00,15.16,4,4872.31,"7,039,029.15",118.009.4.45.104.21.0107,,,340,
Aqua,"AQA-KCRV6WP,  AQA-KCRV6WPW ","AQA-KRV6WP, AQA-CRV6WP,  AQA-KRV6WPW, AQA-CRV6WPW",Inverter,424.80,5646.79,13.06,4,1240.42,"1,792,029.00",118.021.4.44.104.21.0108,,,341,
Aqua,"AQA-KCRV10WP,  AQA-KCRV10WPW","AQA-KRV10WP, AQA-CRV10WP,  AQA-KRV10WPW, AQA-CRV10WPW",Inverter,735.70,9547.48,14.21,4,2148.24,"3,103,568.11",118.021.4.45.104.21.0109,,,342,
Aqua,AQA-KCRV13WP,"AQA-KRV13WP, AQA-CRV13WP",Inverter,1138.80,12427.20,13.28,4,3325.20,"4,803,910.66",118.021.4.46.104.21.0110,,,343,
PANASONIC,CS-PU7UKP /   CU-PU7UKP ,CS-PU7UKP /   CU-PU7UKP ,Inverter,534.70,6667.00,4.52,4,1561.32,"2,255,644.78",824 210224,,,344,PT TUV Rheinland Indonesia
PANASONIC,CS-PU9UKP /   CU-PU9UKP ,CS-PU9UKP /   CU-PU9UKP ,Inverter,712.00,8454.00,4.54,4,2079.04,"3,003,589.09",824 210224,,,345,PT TUV Rheinland Indonesia
PANASONIC,CS-PU24UKP /  CU-PU24UKP ,CS-PU24UKP /  CU-PU24UKP ,Inverter,1795.80,20174.00,5.12,5,5243.74,"7,575,625.40",824 210224,,,346,PT TUV Rheinland Indonesia
PANASONIC,CS-PU24UKP /  CU-PU24UKP ,CS-PU24UKP /  CU-PU24UKP ,Inverter,1795.80,20174.00,5.12,5,5243.74,"7,575,625.40",824 210224,,,347,PT TUV Rheinland Indonesia
DAIKIN,FTKQ15UVM4 / RKQ15UVM4,FTKQ15UVM4 / RKQ15UVM4,Inverter,321.70,5232.10,6.59,5,939.36,"1,357,099.17",PCS 00237.01.01.HE,,,348,PT Sucofindo (Persero)
DAIKIN,FTKQ20UVM4 / RKQ20UVM4,FTKQ20UVM4 / RKQ20UVM4,Inverter,579.70,7321.80,6.40,5,1692.72,"2,445,478.36",PCS 00237.01.01.HE,,,349,PT Sucofindo (Persero)
DAIKIN,FTKQ25UVM4 / RKQ25UVM4,FTKQ25UVM4 / RKQ25UVM4,Inverter,835.30,9573.90,5.50,5,2439.08,"3,523,733.10",PCS 00237.01.01.HE,,,350,PT Sucofindo (Persero)
DAIKIN,FTKQ35UVM4 / RKQ35UVM4,FTKQ35UVM4 / RKQ35UVM4,Inverter,835.30,12651.90,5.98,5,2439.08,"3,523,733.10",PCS 00237.01.01.HE,,,351,PT Sucofindo (Persero)
DAIKIN,FTKQ50UVM4 / RKQ50UVM4,FTKQ50UVM4 / RKQ50UVM4,Inverter,1607.50,17667.90,5.12,5,4693.90,"6,781,277.33",PCS 00237.01.01.HE,,,352,PT Sucofindo (Persero)
DAIKIN,FTKQ60UVM4 / RKQ60UVM4,FTKQ60UVM4 / RKQ60UVM4,Inverter,2137.40,22098.90,5.54,5,6241.21,"9,016,673.20",PCS 00237.01.01.HE,,,353,PT Sucofindo (Persero)
DAIKIN,Inverter R32 Smile (New Step 5),Indoor:  FTKC15TVM4   Outdoor:   RKC15TVM4,Inverter,299.60,5118.00,6.55,5,874.83,"1,263,869.79",824 210213,,,354,PT TUV Rheinland Indonesia
DAIKIN,Inverter R32 Smile (New Step 5),Indoor:  FTKC20TVM4 Outdoor:    RKC20TVM4,Inverter,497.30,6824.00,6.06,5,1452.00,"2,097,704.40",824 210213,,,355,PT TUV Rheinland Indonesia
DAIKIN,Inverter R32 Smile (New Step 5),Indoor: FTKC25TVM4 Outdoor:   RKC25TVM4,Inverter,662.40,8530.00,6.35,5,1934.21,"2,794,350.30",824 210213,,,356,PT TUV Rheinland Indonesia
DAIKIN,Inverter R32 Smile (New Step 5),Indoor:  FTKC35TVM4 Outdoor:     RKC35TVM4,Inverter,970.20,11942.00,6.36,5,2832.98,"4,092,811.98",824 210213,,,357,PT TUV Rheinland Indonesia
DAIKIN,Inverter R32 Smile (New Step 5),Indoor:  FTKC50TVM4 Outdoor:     RKC50TVM4,Inverter,1275.10,17742.00,6.59,5,3723.29,"5,379,039.95",824 210213,,,358,PT TUV Rheinland Indonesia
DAIKIN,Inverter R32 Smile (New Step 5),Indoor:  FTKC60TVM4 Outdoor:      RKC60TVM4,Inverter,1703.80,20470.00,6.33,5,4975.10,"7,187,521.19",824 210213,,,359,PT TUV Rheinland Indonesia
DAIKIN,Inverter R32 Smile (New Step 5),Indoor:  FTKC60TVM4 Outdoor:      RKC60TVM4,Inverter,1703.80,20470.00,6.33,5,4975.10,"7,187,521.19",824 210213,,,360,PT TUV Rheinland Indonesia
DAIKIN,Inverter R32 Smile (New Step 5),Indoor: FTKC71TVM4 Outdoor: RKC71TVM4,Inverter,2054.80,24224.00,5.99,5,6000.02,"8,668,223.12",824 210213,,,361,PT TUV Rheinland Indonesia
DAIKIN,Hi-Inverter (Premium) R32 series,Indoor:  FTKM25SVM4 Outdoor: RKM25SVM4,Inverter,493.40,8530.00,7.92,5,1440.73,"2,081,419.74",824 210213,,,362,PT TUV Rheinland Indonesia
DAIKIN ,Hi-Inverter (Premium) R32 series,Indoor: FTKM35SVM4 Outdoor: RKM35SVM4,Inverter,816.00,11942.00,6.95,5,2382.72,"3,442,315.58",824 210213,,,363,PT TUV Rheinland Indonesia
DAIKIN,Hi-Inverter (Premium) R32 series,Indoor: FTKM50SVM4 Outdoor: RKM50SVM4,Inverter,1220.10,17742.00,6.82,5,3562.69,"5,147,021.13",824 210213,,,364,PT TUV Rheinland Indonesia
DAIKIN,Hi-Inverter (Premium) R32 series,Indoor: FTKM60SVM4 Outdoor: RKM60SVM4,Inverter,1505.70,20472.00,6.23,5,4396.64,"6,351,831.59",824 210213,,,365,PT TUV Rheinland Indonesia
DAIKIN,Hi-Inverter (Premium) R32 series,Indoor: FTKM71SVM4 Outdoor: RKM71SVM4,Inverter,2021.30,24225.00,5.87,5,5902.20,"8,526,902.56",824 210213,,,366,PT TUV Rheinland Indonesia
SHARP,Indoor:  AH-X6ZY  Outdoor:  AU-X6ZY ,Indoor:  AH-X6ZY  Outdoor:  AU-X6ZY ,Inverter,396.00,5084.00,5.07,5,1155.74,"1,669,691.80",824 210235,,,367,PT TUV Rheinland Indonesia
SHARP,Indoor:  AH-X10ZY  Outdoor:  AU-X10ZY ,Indoor:  AH-X10ZY  Outdoor:  AU-X10ZY ,Inverter,769.00,9008.00,5.23,5,2244.02,"3,241,935.69",824 210235,,,368,PT TUV Rheinland Indonesia
SHARP,Indoor:  AH-X13ZY  Outdoor:  AU-X13ZY ,Indoor:  AH-X13ZY  Outdoor:  AU-X13ZY ,Inverter,1116.00,12010.00,5.07,5,3259.30,"4,708,716.49",824 210235,2021-12-17,2025-12-16,369,PT TUV Rheinland Indonesia
SHARP,Indoor:  AH-X18ZY  Outdoor:  AU-X18ZY ,Indoor:  AH-X18ZY  Outdoor:  AU-X18ZY ,Inverter,1769.00,18015.00,4.91,4,5165.48,"7,462,568.96",824 210235,,,370,PT TUV Rheinland Indonesia
MIDEA,MSIAF-09CRDN2(I) / MSIAF-09CRDN2(O),MSIAF-09CRDN2(I) / MSIAF-09CRDN2(O),Inverter,767.40,9558.90,4.73,4,433.90,"626,855.33",005/LSP/QI/06.1-IV/2022,,,371,PT Qualis Indonesia
MIDEA,MSIAF-12CRDN2(I) / MSIAF-12CRDN2(O),MSIAF-12CRDN2(I) / MSIAF-12CRDN2(O),Inverter,1048.40,11944.20,4.80,4,534.88,"772,741.14",005/LSP/QI/06.1-IV/2022,,,372,PT Qualis Indonesia
MIDEA,MSIAF-18CRDN2(I) / MSIAF-18CRDN2(O),MSIAF-18CRDN2(I) / MSIAF-18CRDN2(O),Inverter,1838.20,18250.40,4.96,4,790.96,"1,142,699.91",005/LSP/QI/06.1-IV/2022,,,373,PT Qualis Indonesia
SHARP,Indoor: AH-XP10VXY Outdoor: AU-X10VXY,Indoor: AH-XP10VXY Outdoor: AU-X10VXY,Inverter,483.80,8530.00,8.22,5,1412.70,"2,040,921.91",824 220102,,,374,PT TUV Rheinland Indonesia
SHARP,Indoor: AH-XP13VXY Outdoor: AU-X13VXY,Indoor: AH-XP13VXY Outdoor: AU-X13VXY,Inverter,753.60,11601.00,7.39,5,2200.51,"3,179,079.69",824 220102,,,375,PT TUV Rheinland Indonesia
SAMSUNG ,AR10BYFANWKN (Indoor) ; AR10BYFANWKX (Outdoor),AR10BYFANWKN (Indoor) ; AR10BYFANWKX (Outdoor),Inverter,884.00,10000.00,5.22,5,2581.28,"3,729,175.22",824 220163,,,376,PT TUV Rheinland Indonesia
SAMSUNG,AR13BYFANWKN (Indoor) ; AR13BYFANWKX (Outdoor),AR13BYFANWKN (Indoor) ; AR13BYFANWKX (Outdoor),Inverter,1161.50,12000.00,5.14,5,3391.58,"4,899,815.63",824 220163,,,377,PT TUV Rheinland Indonesia
SAMSUNG,AR18BYFANWKN (Indoor) ; AR18BYFANWKX (Outdoor),AR18BYFANWKN (Indoor) ; AR18BYFANWKX (Outdoor),Inverter,1795.30,18000.00,4.82,4,5242.28,"7,573,516.14",824 220163,,,378,PT TUV Rheinland Indonesia
AQUA,AQAKRV10WXW / AQACRV10WXW,AQAKRV10WXW / AQACRV10WXW,Inverter,724.80,10000.00,5.88,5,529.10,"764,396.55",824 220157,,,379,PT TUV Rheinland Indonesia
MIDEA,MSIMT-09CRN2(I) / MSIMT-09CRN2 (O),MSIMT-09CRN2(I) / MSIMT-09CRN2 (O),Inverter,614.50,9583.30,6.42,5,320.82,"463,490.10",015/LSP/QI/06.1-VII/2022,,,380,PT Qualis Indonesia
MIDEA,MSIMT-12CRN2(I) / MSIMT-12CRN2 (O),MSIMT-12CRN2(I) / MSIMT-12CRN2 (O),Inverter,870.50,12281.50,5.62,5,600.99,"868,250.25",015/LSP/QI/06.1-VII/2022,,,381,PT Qualis Indonesia
GREE,"GWC-05F1S/I / GWC-05F1S/O,GWC-05F1S Gold/I / GWC-05F1S Gold/O","GWC-05F1S/I / GWC-05F1S/O,GWC-05F1S Gold/I / GWC-05F1S Gold/O",Inverter,349.10,5209.30,4.71,4,237.56,"343,204.38",016/LSP/QI/06.1-VIII/2022,2022-08-02,2026-08-01,382,PT Qualis Indonesia
GREE,"GWC-09F1S/I / GWC-09F1S/O, GWC-09F1S Gold/I / GWC-09F1S Gold/O","GWC-09F1S/I / GWC-09F1S/O, GWC-09F1S Gold/I / GWC-09F1S Gold/O",Inverter,706.20,8125.70,4.57,4,382.17,"552,116.66",016/LSP/QI/06.1-VIII/2022,2022-08-02,2026-08-01,383,PT Qualis Indonesia
GREE,"GWC-09Freair/I / GWC-09Freair/O, GWC-09Freair Gold/I / GWC-09Freair Gold/O, GWC-09Freair Jade/I / GWC-09Freair Jade/O, GWC-09Freair Cyan/I / GWC-09Freair Cyan/O","GWC-09Freair/I / GWC-09Freair/O, GWC-09Freair Gold/I / GWC-09Freair Gold/O, GWC-09Freair Jade/I / GWC-09Freair Jade/O, GWC-09Freair Cyan/I / GWC-09Freair Cyan/O",Inverter,578.60,11380.30,6.23,5,392.65,"567,255.68",016/LSP/QI/06.1-VIII/2022,2022-08-02,2026-08-01,384,PT Qualis Indonesia
GREE,"GWC-12Freair/I / GWC-12Freair/O, GWC-12Freair Gold/I / GWC-12Freair Gold/O, GWC-12Freair Jade/I / GWC-12Freair Jade/O, GWC-12Freair Cyan/I / GWC-12Freair Cyan/O","GWC-12Freair/I / GWC-12Freair/O, GWC-12Freair Gold/I / GWC-12Freair Gold/O, GWC-12Freair Jade/I / GWC-12Freair Jade/O, GWC-12Freair Cyan/I / GWC-12Freair Cyan/O",Inverter,801.20,14971.50,7.29,5,441.53,"637,875.50",016/LSP/QI/06.1-VIII/2022,2022-08-02,2026-08-01,385,PT Qualis Indonesia
AQUA,"AQA-KRV6WHP/AQA-CRV6WHP, AQA-KRV6WHP1/AQA-CRV6WHP1","AQA-KRV6WHP/AQA-CRV6WHP, AQA-KRV6WHP1/AQA-CRV6WHP1",Inverter,452.70,7019.20,4.38,4,3441.88,"4,972,486.93",021/LSP/QI/06.1-VIII/2022,,,386,PT Qualis Indonesia
GREE,"GWC-12F1S/I / GWC-12F1S/O, GWC-12F1S Gold/I / GWC-12F1S Gold/O","GWC-12F1S/I / GWC-12F1S/O, GWC-12F1S Gold/I / GWC-12F1S Gold/O",Inverter,1254.70,14624.60,5.13,5,612.92,"885,481.05",027/LSP/QI/06.1-IX/2022,2022-09-09,2026-09-08,387,PT Qualis Indonesia
GREE,GWC-05F5S/I / GWC-05F5S/O,GWC-05F5S/I / GWC-05F5S/O,Inverter,371.40,5588.40,4.65,4,258.29,"373,157.34",027/LSP/QI/06.1-IX/2022,2022-09-09,2026-09-08,388,PT Qualis Indonesia
GREE,GWC-09F5S/I / GWC-09F5S/O,GWC-09F5S/I / GWC-09F5S/O,Inverter,710.10,9118.40,5.22,5,375.60,"542,631.63",027/LSP/QI/06.1-IX/2022,2022-09-09,2026-09-08,389,PT Qualis Indonesia
GREE,GWC-12F5S/I / GWC-12F5S/O,GWC-12F5S/I / GWC-12F5S/O,Inverter,1275.80,14155.00,5.02,5,605.53,"874,812.66",027/LSP/QI/06.1-IX/2022,2022-09-09,2026-09-08,390,PT Qualis Indonesia
GREE,GWC-18F5S/I / GWC-18F5S/O,GWC-18F5S/I / GWC-18F5S/O,Inverter,1619.50,19963.80,5.95,5,720.74,"1,041,257.85",027/LSP/QI/06.1-IX/2022,2022-09-09,2026-09-08,391,PT Qualis Indonesia
GREE,GWC-24F5S/I / GWC-24F5S/O,GWC-24F5S/I / GWC-24F5S/O,Inverter,2028.70,34304.30,7.63,5,965.70,"1,395,144.05",039/LSP/QI/06.1-XI/2022,2022-11-02,2026-11-01,392,PT Qualis Indonesia
LG,T05EV5 NINWAC / T05EV5 UINWAC,T05EV5 NINWAC / T05EV5 UINWAC,Inverter,436.10,5132.60,3.83,3,288.20,"416,362.54",046/LSP/QI/06.1-XII/2022,,,393,PT Qualis Indonesia
LG,T09EV5 NINWAC / T09EV5 UINWAC,T09EV5 NINWAC / T09EV5 UINWAC,Inverter,924.70,9203.10,4.21,4,469.28,"677,964.48",046/LSP/QI/06.1-XII/2022,,,394,PT Qualis Indonesia
LG,T12EV5 NINJAT / T12EV5 UINJAT,T12EV5 NINJAT / T12EV5 UINJAT,Inverter,1071.40,11523.30,4.35,4,569.15,"822,255.34",046/LSP/QI/06.1-XII/2022,,,395,PT Qualis Indonesia
LG,T18EV5 NINJAT / T18EV5 UINJAT,T18EV5 NINJAT / T18EV5 UINJAT,Inverter,1875.20,17340.80,4.24,4,878.09,"1,268,580.96",046/LSP/QI/06.1-XII/2022,,,396,PT Qualis Indonesia
LG,E06SV5 NWAC / E06SV5 UWAC,E06SV5 NWAC / E06SV5 UWAC,Inverter,489.90,6000.00,4.84,4,1430.51,"2,066,654.91",824 220393,,,397,PT TUV Rheinland Indonesia
LG,E10SV5 NWAC / E10SV5 UWAC,E10SV5 NWAC / E10SV5 UWAC,Inverter,915.90,9200.00,4.53,4,2674.43,"3,863,746.13",824 220393,,,398,PT TUV Rheinland Indonesia
LG,E13SV5 NJAC / E13SV5 UJAC,E13SV5 NJAC / E13SV5 UJAC,Inverter,1039.40,12000.00,5.31,5,3035.05,"4,384,733.85",824 220393,,,399,PT TUV Rheinland Indonesia
LG,E19SV5 NKAC / E19SV5 UKAC,E19SV5 NKAC / E19SV5 UKAC,Inverter,1538.40,18000.00,5.03,5,4492.13,"6,489,777.32",824 220393,,,400,PT TUV Rheinland Indonesia
SANSUI,L 24 D2 / LO 24 D2,L 24 D2 / LO 24 D2,Inverter,2246.40,23640.80,5.21,5,6559.49,"9,476,492.31",6915.1041/23.120/IX/2022 ,,,401,Balai Besar Standardisasi dan Pelayanan Jasa Industri Bahan dan Barang Teknik (BBSPJIBBT)
AQUA,"AQA-KRV9WHQ / AQA-CRV9WHQ, AQA-KRV9WHQ1/ AQA-CRV9WHQ1","AQA-KRV9WHQ / AQA-CRV9WHQ, AQA-KRV9WHQ1/ AQA-CRV9WHQ1",Inverter,992.10,9227.22,4.50,4,440.17,"635,919.23",004/LSP/QI/06.1-I/2023,,,402,PT Qualis Indonesia
GREE,GWC-05F5A,GWC-05F5A,Inverter,358.80,4438.30,4.36,4,218.87,"316,207.27",014/LSP/QI/06.1-III/2023,,,403,PT Qualis Indonesia
GREE,GWC-09F5A,GWC-09F5A,Inverter,669.10,8295.80,4.87,4,365.68,"528,303.67",014/LSP/QI/06.1-III/2023,,,404,PT Qualis Indonesia
GREE,GWC-12F5A,GWC-12F5A,Inverter,1137.70,13107.20,5.34,5,527.10,"761,504.26",014/LSP/QI/06.1-III/2023,,,405,PT Qualis Indonesia
GREE,GWC-18F5A,GWC-18F5A,Inverter,1544.60,15743.20,5.06,5,669.01,"966,515.86",014/LSP/QI/06.1-III/2023,,,406,PT Qualis Indonesia
DAIKIN,FTKF25AV14 / RKF25AV14,FTKF25AV14 / RKF25AV14,Inverter,810.10,8.87,5.35,5,2365.49,"3,417,426.29",6842.1050/23.120/VIII/2022 ,,,407,Balai Besar Standardisasi dan Pelayanan Jasa Industri Bahan dan Barang Teknik (BBSPJIBBT)
DAIKIN,FTKF35AV14 / RKF35AV14,FTKF35AV14 / RKF35AV14,Inverter,1219.30,13193.90,5.91,5,3560.36,"5,143,646.31",6842.1050/23.120/VIII/2022,,,408,Balai Besar Standardisasi dan Pelayanan Jasa Industri Bahan dan Barang Teknik (BBSPJIBBT)
DAIKIN,FTKF50AV14 / RKF50AV14,FTKF50AV14 / RKF50AV14,Inverter,1898.70,18734.20,4.97,4,5544.20,"8,009,711.52",6842.1050/23.120/VIII/2022,,,409,Balai Besar Standardisasi dan Pelayanan Jasa Industri Bahan dan Barang Teknik (BBSPJIBBT)
DAIKIN,FTKF60AV14 / RKF60AV14,FTKF60AV14 / RKF60AV14,Inverter,1943.00,22978.90,6.22,5,5673.56,"8,196,592.13",6842.1050/23.120/VIII/2022 ,,,410,Balai Besar Standardisasi dan Pelayanan Jasa Industri Bahan dan Barang Teknik (BBSPJIBBT)
BEKO,BSVOG 090 / BSVOG 091,BSVOG 090 / BSVOG 091,Inverter,835.80,9800.00,4.51,4,485.92,"702,004.29",027/LSP/QI/06.1-VI/2023,,,411,PT Qualis Indonesia
BEKO,BSVOG 120 / BSVOG 121,BSVOG 120 / BSVOG 121,Inverter,1060.50,11600.00,4.76,4,551.08,"796,151.05",027/LSP/QI/06.1-VI/2023,,,412,PT Qualis Indonesia
TECO,LS24FGID2 / LT24FGID2,LS24FGID2 / LT24FGID2,Inverter,2294.20,24000.00,4.87,4,11037.09,"15,945,282.48",036/LSP/QI/06.1-VII/2023,,,413,PT Qualis Indonesia
SAMSUNG,AR10CYFAAWK,(Indoor) : AR10CYFAAWK NSE (Outdoor) : AR10CYFAAWK XSE,Inverter,892.80,10000.00,5.24,5,2606.98,"3,766,298.23",824 230240,,,414,PT TUV Rheinland Indonesia
MITSUBISHI ELECTRIC,Indoor: MSYJT05VF Outdoor: MUYJT05VF,Indoor: MSYJT05VF Outdoor: MUYJT05VF,Inverter,352.10,5118.00,6.40,5,1028.13,"1,485,342.30",824 230255,,,415,PT TUV Rheinland Indonesia
MITSUBISHI ELECTRIC,Indoor: MSYJT07VF Outdoor: MUYJT07VF,Indoor: MSYJT07VF Outdoor: MUYJT07VF,Inverter,577.00,6824.00,6.21,5,1684.84,"2,434,088.35",824 230255,,,416,PT TUV Rheinland Indonesia
MITSUBISHI ELECTRIC,Indoor: MSYJT10VF Outdoor: MUYJT10VF,Indoor: MSYJT10VF Outdoor: MUYJT10VF,Inverter,937.40,8871.00,5.50,5,2737.21,"3,954,447.29",824 230255,,,417,PT TUV Rheinland Indonesia
MITSUBISHI ELECTRIC,Indoor: MSYJT13VF Outdoor: MUYJT13VF,Indoor: MSYJT13VF Outdoor: MUYJT13VF,Inverter,1310.40,12283.00,5.64,5,3826.37,"5,527,956.74",824 230255,,,418,PT TUV Rheinland Indonesia
MITSUBISHI ELECTRIC,Indoor: MSYJT18VF Outdoor: MUYJT18VF,Indoor: MSYJT18VF Outdoor: MUYJT18VF,Inverter,1911.10,17742.00,5.04,5,5580.41,"8,062,018.33",824 230255,,,419,PT TUV Rheinland Indonesia
Hisense,AI06KCG ; AI06KEG ; AI06KSG,AI06KCG ; AI06KEG ; AI06KSG,Inverter,424.60,6000.00,5.80,5,1239.83,"1,791,182.40",824 230262,,,420,PT TUV Rheinland Indonesia
Hisense,AI09KCG ; AI09KEG ; AI09KSG,AI09KCG ; AI09KEG ; AI09KSG,Inverter,833.10,9200.00,4.65,4,2432.65,"3,514,452.34",824 230262,,,421,PT TUV Rheinland Indonesia
Hisense,AI12KCG ; AI12KEG ; AI12KSG,AI12KCG ; AI12KEG ; AI12KSG,Inverter,1393.40,12000.00,4.48,4,4068.73,"5,878,091.34",824 230262,,,422,PT TUV Rheinland Indonesia
Hisense,AI18KCG ; AI18KEG ; AI18KSG,AI18KCG ; AI18KEG ; AI18KSG,Inverter,1683.90,16720.00,5.08,5,4916.99,"7,103,575.45",824 230262,,,423,PT TUV Rheinland Indonesia
MITSUBISHI ELECTRIC,Indoor: MSYJT24VF Outdoor: MUYJT24VF,Indoor: MSYJT24VF Outdoor: MUYJT24VF,Inverter,2004.50,22520.00,5.90,5,5853.14,"8,456,031.36",824 230255,,,424,PT TUV Rheinland Indonesia
DAIKIN,FTKZ25XVM4 / RKZ25XVM4,FTKZ25XVM4 / RKZ25XVM4,Inverter,460.90,9072.20,8.23,5,1345.83,0.00,7437.1075/23.120/III/2023,,,425,Balai Besar Standardisasi dan Pelayanan Jasa Industri Bahan dan Barang Teknik (BBSPJIBBT)
DAIKIN,FTKZ50XVM4 / RKZ50XVM4,FTKZ50XVM4 / RKZ50XVM4,Inverter,1368.10,18702.10,7.00,5,3994.85,0.00,7437.1075/23.120/III/2023,,,426,Balai Besar Standardisasi dan Pelayanan Jasa Industri Bahan dan Barang Teknik (BBSPJIBBT)
DAIKIN,FTKZ35XVM4 / RKZ35XVM4,FTKZ35XVM4 / RKZ35XVM4,Inverter,780.90,12728.60,7.43,5,2280.23,"3,294,245.39",7437.1075/23.120/III/2023,,,427,Balai Besar Standardisasi dan Pelayanan Jasa Industri Bahan dan Barang Teknik (BBSPJIBBT)
DAIKIN,FTKZ60XVM4 / RKZ60XVM4,FTKZ60XVM4 / RKZ60XVM4,Inverter,1524.80,21789.30,7.07,5,4452.42,0.00,7437.1075/23.120/III/2023,,,428,Balai Besar Standardisasi dan Pelayanan Jasa Industri Bahan dan Barang Teknik (BBSPJIBBT)
DAIKIN,FTKZ71XVM4 / RKZ71XVM4,FTKZ71XVM4 / RKZ71XVM4,Inverter,2171.20,25474.00,6.41,5,6339.90,"9,159,259.31",7437.1075/23.120/III/2023,,,429,Balai Besar Standardisasi dan Pelayanan Jasa Industri Bahan dan Barang Teknik (BBSPJIBBT)
PANASONIC,CS-XU10AKP / CU-XU10AKP,CS-XU10AKP / CU-XU10AKP,Inverter,712.80,9720.00,5.61,5,2081.38,"3,006,969.69",824 230273,,,430,PT TUV Rheinland Indonesia
PANASONIC,CS-XU13AKP / CU-XU13AKP,CS-XU13AKP / CU-XU13AKP,Inverter,925.70,12500.00,6.23,5,2703.04,"3,905,081.89",824 230273,,,431,PT TUV Rheinland Indonesia
PANASONIC,CS-XU18AKP / CU-XU18AKP,CS-XU18AKP / CU-XU18AKP,Inverter,1261.00,18100.00,6.70,5,3682.12,"5,319,558.76",824 230273,,,432,PT TUV Rheinland Indonesia
PANASONIC,CS-XU24AKP / CU-XU24AKP,CS-XU24AKP / CU-XU24AKP,Inverter,1683.20,21300.00,5.99,5,4914.94,"7,100,619.60",824 230273,,,433,PT TUV Rheinland Indonesia
SHARP,AH-X8BEY / AU-X8BEY ; AH-XP8BMY / AU-X8BMY,AH-X8BEY / AU-X8BEY ; AH-XP8BMY / AU-X8BMY,Inverter,573.20,7000.00,5.13,5,1673.74,"2,418,052.18",824 230289,,,434,PT TUV Rheinland Indonesia
AQUA,AQA-KRV9ANQC / AQA-CRV9ANQC; AQA-KR9VQC / AQA-CR9VQC; AQA-KRV9VRA / AQA-CRV9VRA,AQA-KRV9ANQC / AQA-CRV9ANQC; AQA-KR9VQC / AQA-CR9VQC; AQA-KRV9VRA / AQA-CRV9VRA,Inverter,898.00,9100.00,4.40,4,2622.16,"3,788,234.55",824 230261,,,435,PT TUV Rheinland Indonesia
AQUA,AQA-KRV12ANQC / AQA-CRV12ANQC; AQA-KR12VQC / AQA-CR12VQC; AQA-KRV12VRA / AQA-CRV12VRA,AQA-KRV12ANQC / AQA-CRV12ANQC; AQA-KR12VQC / AQA-CR12VQC; AQA-KRV12VRA / AQA-CRV12VRA,Inverter,1221.30,12500.00,4.75,4,3566.20,"5,152,083.36",824 230261,,,436,PT TUV Rheinland Indonesia
AQUA,AQA-KRV18ANQC / AQA-CRV18ANQC; AQA-KR18VQC / AQA-CR18VQC; AQA-KRV18VRA / AQA-CRV18VRA,AQA-KRV18ANQC / AQA-CRV18ANQC; AQA-KR18VQC / AQA-CR18VQC; AQA-KRV18VRA / AQA-CRV18VRA,Inverter,1722.30,19000.00,4.65,4,5029.12,"7,265,563.89",824 230261,,,437,PT TUV Rheinland Indonesia
MIDEA,MSIAF-09CRDN2X(I) / MSIAF-09CRDN2X(O),MSIAF-09CRDN2X(I) / MSIAF-09CRDN2X(O),Inverter,853.30,9000.00,4.68,4,4269.97,"6,168,825.66",054/LSP/QI/06.1-XII/2023,,,438,PT Qualis Indonesia
SHARP,(Indoor) : AH-XP6YHY (Outdoor) : AU-X6YHY,(Indoor) : AH-XP6YHY (Outdoor) : AU-X6YHY,Inverter,393.80,5000.00,4.89,4,1149.90,0.00,824 240011,,,439,PT TUV Rheinland Indonesia
SHARP,(Indoor) : AH-XP10YHY (Outdoor) : AU-X10YHY,(Indoor) : AH-XP10YHY (Outdoor) : AU-X10YHY,Inverter,833.10,9000.00,4.82,4,2432.65,0.00,824 240011,,,440,PT TUV Rheinland Indonesia
SHARP,(Indoor) : AH-XP13YHY (Outdoor) : AU-X13YHY,(Indoor) : AH-XP13YHY (Outdoor) : AU-X13YHY,Inverter,1218.70,12000.00,4.53,4,3558.60,0.00,824 240011,,,441,PT TUV Rheinland Indonesia
AQUA,AQA-KRV5WHQ / AQA-CRV5WHQ; AQA-KR5VQCL / AQA-CR5VQCL; AQA-KR5VRAL / AQA-CR5VRAL,AQA-KRV5WHQ / AQA-CRV5WHQ; AQA-KR5VQCL / AQA-CR5VQCL; AQA-KR5VRAL / AQA-CR5VRAL,Inverter,426.40,5000.00,4.21,4,264.45,"382,052.36",005/LSP/QI/06.1-II/2024,,,442,PT Qualis Indonesia
AQUA ,AQAKRV5ANQC / AQACRV5ANQC; AQA-KR5VQC / AQA-CR5VQC ; AQA-KR5VRA / AQA-CR5VRA,AQAKRV5ANQC / AQACRV5ANQC; AQA-KR5VQC / AQA-CR5VQC ; AQA-KR5VRA / AQA-CR5VRA,Inverter,419.80,5000.00,4.37,4,122.58,0.00,824 240023,,,443,PT TUV Rheinland Indonesia
AQUA ,AQAKRV5ANQC / AQACRV5ANQC; AQA-KR5VQC / AQA-CR5VQC ; AQA-KR5VRA / AQA-CR5VRA,AQAKRV5ANQC / AQACRV5ANQC; AQA-KR5VQC / AQA-CR5VQC ; AQA-KR5VRA / AQA-CR5VRA,Inverter,419.80,5000.00,4.37,4,122.58,0.00,824 240023,,,444,PT TUV Rheinland Indonesia
AQUA,AQA-KRV10VSW / AQA-CRV10VSW,AQA-KRV10VSW / AQA-CRV10VSW,Inverter,741.90,9200.00,5.40,5,21663.48,0.00,824 240037,,,445,PT TUV Rheinland Indonesia
AQUA,AQA-KR19,AQA-KR19VSW / AQA-CR19VSW AQA-KRV19WXW / AQACRV19WXW,Inverter,1427.90,19000.00,6.23,5,4169.47,0.00,824 240037,,,446,PT TUV Rheinland Indonesia
MIDEA,MSIAF-05CRDN2X (I) / MSIAF-05CRDN2X (O),MSIAF-05CRDN2X (I) / MSIAF-05CRDN2X (O),Inverter,393.80,5000.00,4.49,4,249.29,"360,150.71",008/LSP/QI/06.1-III/2024,,,447,PT Qualis Indonesia
MIDEA,MSIAF-09CRDN2X (I) / MSIAF-09CRDN2X (O),MSIAF-09CRDN2X (I) / MSIAF-09CRDN2X (O),Inverter,848.90,9000.00,4.40,4,417.23,"602,776.52",008/LSP/QI/06.1-III/2024,,,448,PT Qualis Indonesia
SAMSUNG,AR12AYHLAWKNSE / AR12AYHLAWKXSE,AR12AYHLAWKNSE / AR12AYHLAWKXSE,Inverter,1329.60,12000.00,4.33,4,3882.43,0.00,824 230071,,,449,PT TUV Rheinland Indonesia
SAMSUNG,AR18AYHLAWKNSE / AR18AYHLAWKXSE,AR18AYHLAWKNSE / AR18AYHLAWKXSE,Inverter,1979.30,18000.00,4.52,4,5779.56,0.00,824 230071,,,450,PT TUV Rheinland Indonesia
PANASONIC,"CS/CU-RU5AKJ,  CS/CU-PU5AKJ,  CS/CU-QU5AKJ.","CS/CU-RU5AKJ,  CS/CU-PU5AKJ,  CS/CU-QU5AKJ.",Inverter,428.20,5367.00,4.63,4,1250.30,"1,806,308.41",PCS 00017.04.06.HE,2024-04-02,2028-04-01,451,PT Sucofindo (Persero)
PANASONIC,"CS/CU-RU7AKJ,  CS/CU-PU7AKJ,  CS/CU-QU7AKJ.","CS/CU-RU7AKJ,  CS/CU-PU7AKJ,  CS/CU-QU7AKJ.",Inverter,527.50,6630.50,4.77,4,1540.30,"2,225,271.41",PCS 00017.04.06.HE,2024-04-02,2028-04-01,452,PT Sucofindo (Persero)
PANASONIC,"CS/CU-RU9AKJ,  CS/CU-PU9AKJ,  CS/CU-PU9AKJ-1,  CS/CU-QU9AKJ.","CS/CU-RU9AKJ,  CS/CU-PU9AKJ,  CS/CU-PU9AKJ-1,  CS/CU-QU9AKJ.",Inverter,677.00,8041.00,4.77,4,1976.80,"2,855,882.96",PCS 00017.04.06.HE,2024-04-02,2028-04-01,453,PT Sucofindo (Persero)
PANASONIC,"CS/CU-RU12AKJ,  CS/CU-PU12AKJ,  CS/CU-PU12AKJ-1,  CS/CU-QU12AKJ.","CS/CU-RU12AKJ,  CS/CU-PU12AKJ,  CS/CU-PU12AKJ-1,  CS/CU-QU12AKJ.",Inverter,951.20,11283.00,5.12,4,2777.50,"4,012,654.25",PCS 00017.04.06.HE,2024-04-02,2028-04-01,454,PT Sucofindo (Persero)
LG,E06SV5 NWAC / E06SV5 UWAC,E06SV5 NWAC / E06SV5 UWAC,Inverter,489.50,6000.00,4.70,4,1429.34,"2,064,967.50",824 240082,2024-06-04,2028-06-03,455,PT TUV Rheinland Indonesia
LG,E10SV5 NWAC / E10SV5 UWAC,E10SV5 NWAC / E10SV5 UWAC,Inverter,922.40,9200.00,4.41,4,2693.41,"3,891,166.54",824 240082,2024-06-04,2028-06-03,456,PT TUV Rheinland Indonesia
PANASONIC,CS/CU-XU10XKP,CS/CU-XU10XKP,Inverter,796.10,9720.00,5.30,5,2324.61,"3,358,366.96",824 240141,2024-07-05,2028-07-04,457,PT TUV Rheinland Indonesia
PANASONIC,CS/CU-XU13XKP,CS/CU-XU13XKP,Inverter,966.80,12500.00,6.14,5,2823.06,"4,078,469.00",824 240141,2024-07-05,2028-07-04,458,PT TUV Rheinland Indonesia
PANASONIC,CS/CU-XU18XKP,CS/CU-XU18XKP,Inverter,1270.40,18100.00,6.75,5,3709.57,"5,359,212.89",824 240141,2024-07-05,2028-07-04,459,PT TUV Rheinland Indonesia
PANASONIC,CS/CU-XU24XKP,CS/CU-XU24XKP,Inverter,1695.30,21300.00,6.04,5,4950.28,"7,151,663.74",824 240141,2024-07-05,2028-07-04,460,PT TUV Rheinland Indonesia
MITSUBISHI HEAVY INDUSTRIES ,SRK13YYP-W3 / SRC13YYP-W3,SRK13YYP-W3 / SRC13YYP-W3,Inverter,1196.00,12253.00,5.34,5,3492.32,"5,045,354.70", 16/06.06.06/1A/24/LSPro/V/2024,2024-05-27,2028-05-26,461,Balai Standardisasi dan Pelayanan Jasa Industri (BSPJI) Surabaya
MITSUBISHI HEAVY INDUSTRIES,SRK18YYP-W3 / SRC18YYP-W3,SRK18YYP-W3 / SRC18YYP-W3,Inverter,1718.40,16544.00,4.86,4,5017.73,"7,249,114.53",16/06.06.06/1A/24/LSPro/V/2024,2024-05-27,2028-05-26,462,Balai Standardisasi dan Pelayanan Jasa Industri (BSPJI) Surabaya
MITSUBISHI HEAVY INDUSTRIES,SRK10YYP-W3 / SRC10YYP-W3,SRK10YYP-W3 / SRC10YYP-W3,Inverter,860.30,9909.88,5.60,5,2512.08,"3,629,201.98",16/06.06.06/1A/24/LSPro/V/2024,2024-05-27,2028-05-26,463,Balai Standardisasi dan Pelayanan Jasa Industri (BSPJI) Surabaya
MITSUBISHI HEAVY INDUSTRIES,SRK18YYM-W3 / SRC18YYM-W3,SRK18YYM-W3 / SRC18YYM-W3,Inverter,1640.80,19041.46,6.37,5,4791.14,"6,921,759.96", 16/06.06.06/1A/24/LSPro/V/2024,2024-05-27,2028-05-26,464,Balai Standardisasi dan Pelayanan Jasa Industri (BSPJI) Surabaya
MITSUBISHI HEAVY INDUSTRIES,SRK24YYM-W3 / SRC24YYM-W3,SRK24YYM-W3 / SRC24YYM-W3,Inverter,2417.00,25196.96,6.09,5,7057.64,"10,196,172.51",16/06.06.06/1A/24/LSPro/V/2024,2024-05-27,2028-05-26,465,Balai Standardisasi dan Pelayanan Jasa Industri (BSPJI) Surabaya
MITSUBISHI HEAVY INDUSTRIES,SRK10YYM-W3 / SRC10YYM-W3,SRK10YYM-W3 / SRC10YYM-W3,Inverter,721.40,10289.65,6.71,5,21.06,"30,425.38",16/06.06.06/1A/24/LSPro/V/2024,2024-05-27,2028-05-26,466,Balai Standardisasi dan Pelayanan Jasa Industri (BSPJI) Surabaya
MITSUBISHI HEAVY INDUSTRIES,SRK13YYM-W3 / SRC13YYM-W3,SRK13YYM-W3 / SRC13YYM-W3,Inverter,1252.50,13195.78,6.17,5,3657.30,"5,283,701.31",16/06.06.06/1A/24/LSPro/V/2024,2024-05-27,2028-05-26,467,Balai Standardisasi dan Pelayanan Jasa Industri (BSPJI) Surabaya
TCL,TAC-12,"Indoor unit: TAC‐12CSD/TPHI‐ID, TAC‐12CSD/TPHI1‐ID, TAC‐12CSD/TPHI2‐ID, TAC-12CSD/TPHI2 Pro-ID ; Outdoor Unit: TAC-12CSD/TPHI‐OD, TAC‐12CSD/TPHI1‐OD, TAC‐12CSD/TPHI2‐OD, TAC-12CSD/TPHI2 Pro-OD",Inverter,1101.10,12000.00,5.28,5,3215.21,"4,645,016.78",824 240145,2028-07-09,2024-07-10,468,PT TUV Rheinland Indonesia
TCL,TAC18,"Indoor unit : TAC‐18CSD/TPHI‐ID, TAC‐18CSD/TPHI1‐ID, TAC‐18CSD/TPHI2‐ID, TAC-18CSD/TPHI2 Pro-ID ; Outdoor Unit : TAC-18CSD/TPHI‐OD, TAC‐18CSD/TPHI1‐OD, TAC‐18CSD/TPHI2‐OD, TAC-18CSD/TPHI2 Pro-OD",Inverter,1824.20,18000.00,5.48,5,5326.66,"7,695,431.48",824 240145,2024-07-10,2028-07-09,469,PT TUV Rheinland Indonesia
SHARP,AH-XP13,AH-XP13BMY / AU-X13BMY ; AH-X13BEY / AU-X13BEY,Inverter,1030.00,12000.00,5.01,5,2968.47,"4,288,551.50",824 240178,2024-07-26,2028-07-25,470,PT TUV Rheinland Indonesia
SHARP,AH-XP13,AH-XP13BMY / AU-X13BMY ; AH-X13BEY / AU-X13BEY,Inverter,1030.00,12000.00,5.01,5,2968.47,"4,288,551.50",824 240178,2024-07-26,2028-07-25,471,PT TUV Rheinland Indonesia
PANASONIC,CS/CU-PU5XKJ,CS/CU-PU5XKJ,Inverter,424.50,5190.00,4.32,4,1239.50,"1,790,705.65",PCS 00017.04.03.HE,2024-07-08,2028-07-07,472,PT Sucofindo (Persero)
PANASONIC,CS/CU-PU7XKJ,CS/CU-PU7XKJ,Inverter,526.10,6700.40,4.61,4,1536.20,"2,219,348.14",PCS 00017.04.03.HE,2024-07-08,2028-07-07,473,PT Sucofindo (Persero)
PANASONIC,CS/CU-PU9XKJ,CS/CU-PU9XKJ,Inverter,687.90,8202.00,4.73,4,2008.70,"2,901,968.89",PCS 00017.04.03.HE,2024-07-08,2028-07-07,474,PT Sucofindo (Persero)
PANASONIC,CS/CU-PU12XKJ,CS/CU-PU12XKJ,Inverter,954.00,11447.60,5.03,5,2785.70,"4,024,500.79",PCS 00017.04.03.HE,2024-07-08,2028-07-07,475,PT Sucofindo (Persero)
PANASONIC,CS/CU-PU18XKJ,CS/CU-PU18XKJ,Inverter,1362.90,16941.30,5.60,5,3979.70,"5,749,472.59",PCS 00017.04.03.HE,2024-07-08,2028-07-07,476,PT Sucofindo (Persero)
PANASONIC,CS/CU-PU24XKJ,CS/CU-PU24XKJ,Inverter,1688.30,20300.20,5.52,5,4929.80,"7,122,082.06",PCS 00017.04.03.HE,2024-07-08,2028-07-07,477,PT Sucofindo (Persero)
TCL,TAC‐09CSD,"Indoor unit: TAC‐09CSD/TPHI‐ID, TAC‐09CSD/TPHI1‐ID, TAC‐09CSD/TPHI2‐ID, TAC-09CSD/TPHI2 Pro-ID ; Outdoor Unit: TAC-09CSD/TPHI‐OD, TAC-09CSD/TPHI1‐OD, TAC‐09CSD/TPHI2‐OD, TAC-09CSD/TPHI2 Pro-OD",Inverter,812.80,9100.00,5.04,5,2373.38,"3,428,816.31",824 240195,2024-08-20,2028-08-19,478,PT TUV Rheinland Indonesia
HONSHU,HSWS24DS,HSWS24DS,Inverter,2204.20,24000.00,4.82,4,6436.26,"9,298,470.60",824 240159,2024-08-19,2028-08-18,479,PT TUV Rheinland Indonesia
LG,T12EV5 NJAT T12EV5 UJAT,T12EV5 NJAT T12EV5 UJAT,Inverter,1072.00,11000.00,4.96,4,3130.24,"4,522,257.73",824 240172,2024-09-12,2028-09-11,480,PT TUV Rheinland Indonesia
LG,T18EV5 NJAT T18EV5 UJAT,T18EV5 NJAT T18EV5 UJAT,Inverter,1860.40,17000.00,4.69,4,5432.37,"7,848,142.05",824 240172,2024-09-12,2028-09-11,481,PT TUV Rheinland Indonesia
SAMSUNG,AR40F05D0AMNSE AR40F05D0AMXSE,AR40F05D0AMNSE AR40F05D0AMXSE,Inverter,387.80,5000.00,5.41,5,1132.38,"1,635,943.61",824 240215,2024-09-19,2028-09-18,482,PT TUV Rheinland Indonesia
SAMSUNG,AR40F09D0AMNSE AR40F09D0AMXSE,AR40F09D0AMNSE AR40F09D0AMXSE,Inverter,838.10,9000.00,5.15,5,2447.25,"3,535,544.96",824 240215,2024-09-19,2028-09-18,483,PT TUV Rheinland Indonesia
SAMSUNG,AR40F12D0AMNSE AR40F12D0AMXSE,AR40F12D0AMNSE AR40F12D0AMXSE,Inverter,1108.40,11900.00,4.84,4,3236.53,"4,675,812.00",824 240215,2024-09-19,2028-09-18,484,PT TUV Rheinland Indonesia
SAMSUNG,AR40F18D0AMNSE AR40F18D0AMXSE,AR40F18D0AMNSE AR40F18D0AMXSE,Inverter,1108.40,17800.00,4.62,4,5162.27,"7,457,928.58",824 240215,2024-09-19,2028-09-18,485,PT TUV Rheinland Indonesia
TCL,XAFI2,TAC‐09CSD/ XAFI2‐ID / TAC-09CSD/ XAFI2‐OD,Inverter,909.70,9000.00,4.44,4,2656.32,"3,837,591.28",824 240237,2024-10-11,2028-10-10,486,PT TUV Rheinland Indonesia
TCL,XAFI2,TAC‐12CSD/ XAFI2‐ID / TAC-12CSD/ XAFI2‐OD,Inverter,1285.60,12000.00,4.60,4,3753.95,"5,423,334.45",824 240237,2024-10-11,2028-10-10,487,PT TUV Rheinland Indonesia
TCL,XAFI2,TAC‐18CSD/ XAFI2‐ID / TAC-18CSD/ XAFI2‐OD,Inverter,1946.70,18000.00,4.88,4,5684.36,"8,212,200.67",824 240237,2024-10-11,2028-10-10,488,PT TUV Rheinland Indonesia
LG,T12EV5 NJAT T12EV5 UJAT,T12EV5 NJAT T12EV5 UJAT,Inverter,1072.00,11000.00,4.96,4,3130.24,"4,522,257.73",824 240173,2024-09-12,2028-09-11,489,PT TUV Rheinland Indonesia
LG,T18EV5 NJAT T18EV5 UJAT,T18EV5 NJAT T18EV5 UJAT,Inverter,1860.40,17000.00,4.69,4,5432.37,"7,848,142.05",824 240173,2024-09-12,2028-09-11,490,PT TUV Rheinland Indonesia
Daikin,FTKE15YV14 / RKE15YV14,FTKE15YV14 / RKE15YV14,Inverter,363.60,5000.00,5.64,5,1061.71,"1,533,855.33",824 240266,2024-10-31,2028-10-30,491,PT TUV Rheinland Indonesia
Daikin,FTKE20YV14 / RKE20YV14,FTKE20YV14 / RKE20YV14,Inverter,655.50,7000.00,4.90,4,1914.06,"2,765,242.48",824 240266,2024-10-31,2028-10-30,492,PT TUV Rheinland Indonesia
Daikin,FTKE25YV14 / RKE25YV14,FTKE25YV14 / RKE25YV14,Inverter,954.90,9000.00,4.66,4,2788.31,"4,028,268.57",824 240266,2024-10-31,2028-10-30,493,PT TUV Rheinland Indonesia
Daikin,FTKE35YV14 / RKE35YV14,FTKE35YV14 / RKE35YV14,Inverter,1270.50,12300.00,4.77,4,3709.86,"5,359,634.74",824 240266,2024-10-31,2028-10-30,494,PT TUV Rheinland Indonesia
PANASONIC,"CS/CU-RU18AKJ, CS/CU-PU18AKJ, CS/CU-QU18AKJ, CS/CU-PU18AKJ-1.","CS/CU-RU18AKJ, CS/CU-PU18AKJ, CS/CU-QU18AKJ, CS/CU-PU18AKJ-1.",Inverter,1492.00,17533.00,5.68,5,4356.60,"6,293,980.02",PCS 00017.04.07.HE,2024-05-27,2028-05-26,495,PT Sucofindo (Persero)
PANASONIC,"CS/CU-RU24AKJ, CS/CU-PU24AKJ, CS/CU-QU24AKJ, CS/CU-PU24AKJ-1.","CS/CU-RU24AKJ, CS/CU-PU24AKJ, CS/CU-QU24AKJ, CS/CU-PU24AKJ-1.",Inverter,1743.20,20766.00,5.32,5,5090.10,"7,353,667.47",PCS 00017.04.07.HE,2027-05-27,2028-05-26,496,PT Sucofindo (Persero)
AC MU,GTS09IW1 / GTS09IW1,GTS09IW1 / GTS09IW1,Inverter,661.90,9013.38,5.37,5,1932.75,"2,792,241.04","8764,796/23.120/VI/2024",2024-06-24,2028-06-23,497,Balai Besar Standardisasi dan Pelayanan Jasa Industri Bahan dan Barang Teknik (BBSPJIBBT)
AC MU,GTS12IW1 / GTS12IW1,GTS12IW1 / GTS12IW1,Inverter,1065.60,11396.10,5.19,5,3111.52,"4,495,212.94",8764.796/23.120/VI/2024,2024-06-24,2028-06-23,498,Balai Besar Standardisasi dan Pelayanan Jasa Industri Bahan dan Barang Teknik (BBSPJIBBT)
AC MU,GTS18IW1 / GTS18IW1,GTS18IW1 / GTS18IW1,Inverter,1860.90,20161.05,5.53,5,5433.83,"7,850,251.31",9032.796/23.120/IX/2024,2024-09-17,2028-09-16,499,Balai Besar Standardisasi dan Pelayanan Jasa Industri Bahan dan Barang Teknik (BBSPJIBBT)
ALUFT,GTS18IW1 / GTS18IW1,GTS18IW1 / GTS18IW1,Inverter,1860.90,20161.05,5.53,5,5433.83,"7,850,251.31",8765.796/23.120/VI/2024,2024-06-24,2028-06-23,500,Balai Besar Standardisasi dan Pelayanan Jasa Industri Bahan dan Barang Teknik (BBSPJIBBT)
ALUFT,GTS12IW1 / GTS12IW1,GTS12IW1 / GTS12IW1,Inverter,1065.60,11396.01,5.19,5,3111.55,"4,495,259.17",8765.796/23.120/VI/2024,2024-06-24,2028-06-23,501,Balai Besar Standardisasi dan Pelayanan Jasa Industri Bahan dan Barang Teknik (BBSPJIBBT)
ALUFT,GTS09IW1 / GTS09IW1,GTS09IW1 / GTS09IW1,Inverter,661.90,9013.38,5.27,5,1932.75,"2,792,241.04",8765.796/23.120/VI/2024,2024-06-24,2028-06-23,502,Balai Besar Standardisasi dan Pelayanan Jasa Industri Bahan dan Barang Teknik (BBSPJIBBT)
HISENSE,AI06KCG,AI06KCG,Inverter,431.20,6092.89,5.67,5,1259.10,"1,819,027.55",7489.796/23.120/IV/2023,2023-04-11,2027-04-10,503,Balai Besar Standardisasi dan Pelayanan Jasa Industri Bahan dan Barang Teknik (BBSPJIBBT)
HISENSE,AI09KCG,AI09KCG,Inverter,852.10,10055.72,5.04,5,2488.13,"3,594,604.30",7489.796/23.120/IV/2023,2023-04-11,2027-04-10,504,Balai Besar Standardisasi dan Pelayanan Jasa Industri Bahan dan Barang Teknik (BBSPJIBBT)
HISENSE,AI12KCG,AI12KCG,Inverter,1335.90,12525.22,4.85,4,3900.83,"5,635,526.21",7489.796/23.120/IV/2023,2023-04-11,2027-04-10,505,Balai Besar Standardisasi dan Pelayanan Jasa Industri Bahan dan Barang Teknik (BBSPJIBBT)
HISENSE,AI18KCG,AI18KCG,Inverter,1624.50,17896.65,5.09,5,4743.54,"6,852,992.24",7489.796/23.120/IV/2023,2023-04-11,2027-04-10,506,Balai Besar Standardisasi dan Pelayanan Jasa Industri Bahan dan Barang Teknik (BBSPJIBBT)
MIJIA,ASC-09WO/N1C5-ID (Indoor : ASC-09W/N1C5-ID) (Outdoor : ASC-09O/N1C5-ID),ASC-09WO/N1C5-ID (Indoor : ASC-09W/N1C5-ID) (Outdoor : ASC-09O/N1C5-ID),Inverter,630.00,9000.00,5.74,5,338.37,"488,841.69",001/LSP/QI/06.1-I/2025,2025-01-15,2029-01-14,507,PT Qualis Indonesia
AKARI,A-09T55Vi (Indoor) ; A-09T55VK (Outdoor),A-09T55Vi (Indoor) ; A-09T55VK (Outdoor),Inverter,910.00,9300.00,4.53,4,2657.20,"3,838,856.84",824 250020,2025-01-22,2029-01-21,508,PT TUV Rheinland Indonesia
AKARI,A-12T55Vi (Indoor) : A-12T55Vk (Outdoor),A-12T55Vi (Indoor) : A-12T55Vk (Outdoor),Inverter,1528.40,12950.00,4.56,4,4462.93,"6,447,592.08",824 250020,2025-01-22,2029-01-21,509,PT TUV Rheinland Indonesia
AKARI,A-18T55Vi (Indoor) : A-18T55Vk (Outdoor),A-18T55Vi (Indoor) : A-18T55Vk (Outdoor),Inverter,1687.30,18200.00,4.96,4,4926.92,"7,117,915.55",824 250020,2025-01-22,2029-01-21,510,PT TUV Rheinland Indonesia
TCL,TAC-09CSD/TPHI(I) / TAC-09CSD/TPHI(O) ; TAC-09CSD/TPHI Pro(I) / TAC-09CSD/TPHI Pro(O),TAC-09CSD/TPHI(I) / TAC-09CSD/TPHI(O) ; TAC-09CSD/TPHI Pro(I) / TAC-09CSD/TPHI Pro(O),Inverter,819.10,9100.00,4.83,4,2391.77,"3,455,393.01",824 250022,2025-01-30,2029-01-29,511,PT TUV Rheinland Indonesia
TCL,TAC 09CSD/ XAFI(I) / TAC-09CSD/ XAFI(O),TAC 09CSD/ XAFI(I) / TAC-09CSD/ XAFI(O),Inverter,926.60,9000.00,4.49,4,2705.67,"3,908,884.34",824 240334,2025-01-03,2029-01-02,512,PT TUV Rheinland Indonesia
TCL,TAC 12CSD/ XAFI(I) / TAC-12CSD/ XAFI(O),TAC 12CSD/ XAFI(I) / TAC-12CSD/ XAFI(O),Inverter,1559.90,12000.00,4.39,4,4554.91,"6,580,475.59",824 240334,2025-01-03,2029-01-02,513,PT TUV Rheinland Indonesia
TCL,TAC 18CSD/ XAFI(I) / TAC-18CSD/ XAFI(O),TAC 18CSD/ XAFI(I) / TAC-18CSD/ XAFI(O),Inverter,1999.50,18000.00,4.91,4,5838.54,"8,434,938.74",824 240334,2025-01-03,2029-01-02,514,PT TUV Rheinland Indonesia
TCL,TAC-12CSD/ TPHI(I)/ TAC-12CSD/ TPHI(O) ; TAC-12CSD/ TPHI Pro(I) / TAC-12CSD/ TPHI Pro(O),TAC-12CSD/ TPHI(I)/ TAC-12CSD/ TPHI(O) ; TAC-12CSD/ TPHI Pro(I) / TAC-12CSD/ TPHI Pro(O),Inverter,1090.50,12000.00,5.24,5,3184.26,"4,600,300.42",824 240334,2025-01-03,2029-01-02,515,PT TUV Rheinland Indonesia
TCL,TAC-18CSD/ TPHI(I)/ TAC-18CSD/ TPHI(O) ; TAC-18CSD/ TPHI Pro(I) / TAC-18CSD/ TPHI Pro(O),TAC-18CSD/ TPHI(I)/ TAC-18CSD/ TPHI(O) ; TAC-18CSD/ TPHI Pro(I) / TAC-18CSD/ TPHI Pro(O),Inverter,1874.70,18000.00,5.34,5,5474.12,"7,908,466.94",824 240334,2025-01-03,2029-01-02,516,PT TUV Rheinland Indonesia
LG,T05EV5 NWAC / T05EV5 UWAC,T05EV5 NWAC / T05EV5 UWAC,Inverter,415.30,5000.00,3.83,3,1212.68,"1,751,953.02",824 240275,2024-11-11,2028-11-10,517,PT TUV Rheinland Indonesia
LG,T05EV5 NWAC / T05EV5 UWAC,T05EV5 NWAC / T05EV5 UWAC,Inverter,415.30,5000.00,3.83,3,1212.68,"1,751,953.02",824 240276,2024-11-11,2028-11-10,518,PT TUV Rheinland Indonesia
MIDEA,MSCE-10CRFN8-ID / MSCE-10CRFN8-OD,MSCE-10CRFN8-ID / MSCE-10CRFN8-OD,Inverter,983.20,9000.00,4.25,4,476.62,"688,566.70",015/LSP/QI/06.1-III/2025,2025-03-05,2029-03-04,519,PT Qualis Indonesia
MIDEA,MSCE-13CRFN8-ID / MSCE-13CRFN8-OD,MSCE-13CRFN8-ID / MSCE-13CRFN8-OD,Inverter,1279.90,12000.00,5.29,5,479.96,"693,393.59",015/LSP/QI/06.1-III/2025,2025-03-05,2029-03-04,520,PT Qualis Indonesia
PANASONIC,CS/CU-YU5BKJ,CS/CU-YU5BKJ,Inverter,431.00,5530.50,4.64,4,1258.50,"1,818,154.95",PCS 00017.04.08.HE,2025-03-13,2029-03-12,521,PT Sucofindo (Persero)
PANASONIC,CS/CU-YU7BKJ,CS/CU-YU7BKJ,Inverter,535.70,6704.90,4.89,4,1564.20,"2,259,799.74",PCS 00017.04.08.HE,2025-03-13,2029-03-12,522,PT Sucofindo (Persero)
PANASONIC,CS/CU-YU9BKJ,CS/CU-YU9BKJ,Inverter,715.20,8240.50,4.78,4,2088.40,"3,017,111.48",PCS 00017.04.08.HE,2025-03-13,2029-03-12,523,PT Sucofindo (Persero)
GREE,GWC-09AIRY/I /  GWC-09AIRY/O,GWC-09AIRY/I /  GWC-09AIRY/O,Inverter,646.40,9900.00,6.23,5,342.22,"494,408.12",021/LSP/QI/06.1-IV/2025,2025-04-10,2029-04-09,524,PT Qualis Indonesia
GREE,GWC-12AIRY/I /  GWC-12AIRY/O,GWC-12AIRY/I /  GWC-12AIRY/O,Inverter,907.00,12500.00,5.88,5,445.41,"643,490.33",021/LSP/QI/06.1-IV/2025,2025-04-10,2029-04-09,525,PT Qualis Indonesia
GREE,GWC-18AIRY/I /  GWC-18AIRY/O,GWC-18AIRY/I /  GWC-18AIRY/O,Inverter,1413.60,19000.00,6.25,5,665.94,"962,088.86",021/LSP/QI/06.1-IV/2025,2025-04-10,2029-04-09,526,PT Qualis Indonesia
GREE,GWC-24AIRY/I /  GWC-24AIRY/O,GWC-24AIRY/I /  GWC-24AIRY/O,Inverter,1935.60,24800.00,6.93,5,769.69,"1,111,974.18",021/LSP/QI/06.1-IV/2025,2025-04-10,2029-04-09,527,PT Qualis Indonesia
HISENSE,AI09VAGF ; AI09VBGF ; AI09VCGF ; AI10VAGF ; AI10VBGF ; AI10VCGF,AI09VAGF ; AI09VBGF ; AI09VCGF ; AI10VAGF ; AI10VBGF ; AI10VCGF,Inverter,540.00,9200.00,7.51,5,1576.80,"2,278,002.96",824 250125,2025-05-09,2029-05-08,528,PT TUV Rheinland Indonesia
HISENSE,AI12VAGF ; AI12VBGF ; AI12VCGF ; AI13VAGF ; AI13VBGF ; AI13VCGF,AI12VAGF ; AI12VBGF ; AI12VCGF ; AI13VAGF ; AI13VBGF ; AI13VCGF,Inverter,842.00,12000.00,6.95,5,2458.64,"3,551,997.21",824 250125,2025-05-09,2029-05-08,529,PT TUV Rheinland Indonesia
BEKO,BIVOE 090 (Indoor) ; BIVOE 091 (Outdoor),BIVOE 090 (Indoor) ; BIVOE 091 (Outdoor),Inverter,887.90,9000.00,5.14,5,2592.67,"3,745,627.46",824 250100,2025-05-14,2029-05-13,530,PT TUV Rheinland Indonesia
BEKO,BIVOE 120 (Indoor) ; BIVOE 121 (Outdoor),BIVOE 120 (Indoor) ; BIVOE 121 (Outdoor),Inverter,1.16,12000.00,4.50,4,33863.24,"48,922,222.83",824 250100,2025-05-14,2029-05-13,531,PT TUV Rheinland Indonesia
DAIKIN,FTKE50YV14/RKE50YV14,FTKE50YV14/RKE50YV14,Inverter,1648.30,19827.27,5.49,5,4813.04,"6,953,393.11",9711.1253/23.120/V/2025,2025-05-06,2029-05-05,532,Balai Besar Standardisasi dan Pelayanan Jasa Industri Bahan dan Barang Teknik (BBSPJIBBT)
DAIKIN,FTKH20YV14/RKH20YV14,FTKH20YV14/RKH20YV14,Inverter,466.00,8472.69,8.18,5,1360.72,"1,965,832.18",9711.1253/23.120/V/2025,2025-05-06,2029-05-05,533,Balai Besar Standardisasi dan Pelayanan Jasa Industri Bahan dan Barang Teknik (BBSPJIBBT)
DAIKIN,FTKH25YV14/RKH25YV14,FTKH25YV14/RKH25YV14,Inverter,798.70,11216.39,7.17,5,2332.20,"3,369,335.12",9711.1253/23.120/V/2025,2025-05-06,2029-05-05,534,Balai Besar Standardisasi dan Pelayanan Jasa Industri Bahan dan Barang Teknik (BBSPJIBBT)
DAIKIN,FTKH35YV14/RKH35YV14,FTKH35YV14/RKH35YV14,Inverter,1105.90,13748.88,5.91,5,3229.23,"4,665,265.69",9711.1253/23.120/V/2025,2025-05-06,2029-05-05,535,Balai Besar Standardisasi dan Pelayanan Jasa Industri Bahan dan Barang Teknik (BBSPJIBBT)
DAIKIN,FTKH50YV14/RKH50YV14,FTKH50YV14/RKH50YV14,Inverter,1817.30,20267.10,5.90,5,5306.52,"7,666,323.67",9711.1253/23.120/V/2025,2025-05-06,2029-05-05,536,Balai Besar Standardisasi dan Pelayanan Jasa Industri Bahan dan Barang Teknik (BBSPJIBBT)
DAIKIN,FTKH60YV14/RKH60YV14,FTKH60YV14/RKH60YV14,Inverter,2164.40,25362.11,6.38,5,6320.05,"9,130,573.35",9711.1253/23.120/V/2025,2025-05-06,2029-05-05,537,Balai Besar Standardisasi dan Pelayanan Jasa Industri Bahan dan Barang Teknik (BBSPJIBBT)
SHARP,(Indoor) : AH-X6BEY AH-XP6BMY (Outdoor) : AU-X6BEY AU-X6BMY,(Indoor) : AH-X6BEY AH-XP6BMY (Outdoor) : AU-X6BEY AU-X6BMY,Inverter,512.60,6200.00,5.32,5,1357.80,"1,961,613.66",824 230148,2023-05-30,2027-05-29,538,PT TUV Rheinland Indonesia
SHARP,(Indoor) : AH-X10BEY AH-XP10BMY (Outdoor) : AU-X10BEY AU-X10BMY,(Indoor) : AH-X10BEY AH-XP10BMY (Outdoor) : AU-X10BEY AU-X10BMY,Inverter,752.50,9200.00,5.34,5,2160.80,"3,121,707.76",824 230148,2023-05-30,2027-05-29,539,PT TUV Rheinland Indonesia
MIDEA,MSCE-10CRFN8-ID / MSCE-10CRFN8-OD,MSCE-10CRFN8-ID / MSCE-10CRFN8-OD,Inverter,959.30,9000.00,4.29,4,440.68,"636,655.02",045/LSP/QI/06.1-VII/2025,2025-07-17,2029-07-06,540,PT Qualis Indonesia
MIDEA,MSCE-13CRFN8-ID / MSCE-13CRFN8-OD,MSCE-13CRFN8-ID / MSCE-13CRFN8-OD,Inverter,1337.50,12000.00,4.82,4,512.91,"740,995.59",045/LSP/QI/06.1-VII/2025,2025-07-17,2029-07-16,541,PT Qualis Indonesia
MIDEA,MSCE-19CRFN8-ID / MSCE-19CRFN8-OD,MSCE-19CRFN8-ID / MSCE-19CRFN8-OD,Inverter,1878.40,18000.00,5.35,5,742.84,"1,073,180.08",045/LSP/QI/06.1-VII/2025,2025-07-17,2029-07-16,542,PT Qualis Indonesia
MIDEA,MSCE-25CRFN8-ID / MSCE-25CRFN8-OD,MSCE-25CRFN8-ID / MSCE-25CRFN8-OD,Inverter,797.90,24000.00,4.44,4,1063.23,"1,536,042.46",045/LSP/QI/06.1-VII/2025,2025-07-17,2029-07-16,543,PT Qualis Indonesia
COMFEE,CFS-06VGPF / CFS-06VGPC,CFS-06VGPF / CFS-06VGPC,Inverter,434.60,5500.00,4.87,4,234.10,"338,208.75",042/LSP/QI/06.1-VII/2025,2025-07-11,2029-07-10,544,PT Qualis Indonesia
COMFEE,CFS-10VGPF / CFS-10VGPC,CFS-10VGPF / CFS-10VGPC,Inverter,959.30,9000.00,4.29,4,440.68,"636,655.02",042/LSP/QI/06.1-VII/2025,2025-07-11,2029-07-10,545,PT Qualis Indonesia
COMFEE,CFS-13VGPF / CFS-13VGPC,CFS-13VGPF / CFS-13VGPC,Inverter,1309.10,12000.00,4.88,4,512.37,"740,219.49",042/LSP/QI/06.1-VII/2025,2025-07-11,2029-07-10,546,PT Qualis Indonesia
MIDEA,MSCE-06CRFN8-ID / MSCE-06CRFN8-OD,MSCE-06CRFN8-ID / MSCE-06CRFN8-OD,Inverter,434.60,5500.00,4.87,4,234.10,"338,208.75",043/LSP/QI/06.1-VII/2025,2025-07-11,2029-07-10,547,PT Qualis Indonesia
MIDEA,MSCE-19CRFN8-ID /  MSCE-19CRFN8-OD,MSCE-19CRFN8-ID /  MSCE-19CRFN8-OD,Inverter,1878.40,18000.00,5.35,5,742.84,"1,073,180.08",043/LSP/QI/06.1-VII/2025,2025-07-11,2029-07-10,548,PT Qualis Indonesia
MIDEA,MSCE-22CRFN8-ID / MSCE-22CRFN8-OD,MSCE-22CRFN8-ID / MSCE-22CRFN8-OD,Inverter,2262.60,22000.00,4.69,4,902.88,"1,304,389.15",043/LSP/QI/06.1-VII/2025,2025-07-11,2029-07-10,549,PT Qualis Indonesia
MIDEA,MSCE-25CRFN8-ID /  MSCE-25CRFN8-OD,MSCE-25CRFN8-ID /  MSCE-25CRFN8-OD,Inverter,2526.00,24000.00,4.44,4,1063.23,"1,536,042.46",043/LSP/QI/06.1-VII/2025,2025-07-11,2029-07-10,550,PT Qualis Indonesia
DAIKIN,FTKH15YV14 (Indoor) ; RKH15YV14 (Outdoor),FTKH15YV14 (Indoor) ; RKH15YV14 (Outdoor),Inverter,5299.16,5100.00,6.49,5,905.20,"1,307,742.44",824 250189,2025-07-30,2029-07-29,551,PT TUV Rheinland Indonesia
AQUA,AQA-KR9VRAL2 / AQA-CR9VRAL2,AQA-KR9VRAL2 / AQA-CR9VRAL2,Inverter,902.70,9800.00,4.67,4,404.99,"585,082.70",052/LSP/QI/06.1-VII/2025,2025-07-28,2029-07-27,552,PT Qualis Indonesia
AQUA,AQA-KR12VRAL2 / AQA-CR12VRAL2,AQA-KR12VRAL2 / AQA-CR12VRAL2,Inverter,1226.80,13500.00,5.25,5,524.32,"757,488.43",052/LSP/QI/06.1-VII/2025,2025-07-28,2029-07-27,553,PT Qualis Indonesia
BESTLIFE,BEST-09 SHC/I / BEST-09 SHC/O; BEST - 09 SHC3/I / BEST - 09 SHC3/O BEST - 09 SHC5/I / BEST - 09 SHC5/O,BEST-09 SHC/I / BEST-09 SHC/O; BEST - 09 SHC3/I / BEST - 09 SHC3/O BEST - 09 SHC5/I / BEST - 09 SHC5/O,Inverter,951.20,9000.00,4.31,4,450.97,"651,509.28",056/LSP/QI/06.1-VIII/2025,2025-08-07,2029-08-06,554,PT Qualis Indonesia
BESTLIFE,BEST-12SHC/I / BEST-12SHC/O; BEST - 12 SHC3/I / BEST - 12 SHC3/O; BEST - 12 SHC5/I / BEST - 12 SHC5/O,BEST-12SHC/I / BEST-12SHC/O; BEST - 12 SHC3/I / BEST - 12 SHC3/O; BEST - 12 SHC5/I / BEST - 12 SHC5/O,Inverter,1282.40,12000.00,4.37,4,556.54,"804,029.00",056/LSP/QI/06.1-VIII/2025,2025-08-07,2029-08-06,555,PT Qualis Indonesia
BESTLIFE,BEST-18SHC/I / BEST-18SHC/O; BEST - 18 SHC3/I / BEST - 18 SHC3/O; BEST - 18 SHC5/I / BEST - 18 SHC5/O,BEST-18SHC/I / BEST-18SHC/O; BEST - 18 SHC3/I / BEST - 18 SHC3/O; BEST - 18 SHC5/I / BEST - 18 SHC5/O,Inverter,1968.30,18000.00,4.86,4,819.71,"1,184,237.06",056/LSP/QI/06.1-VIII/2025,2025-08-07,2029-08-06,556,PT Qualis Indonesia
SANSUI,X 24 SV /  XO 24 SV,X 24 SV /  XO 24 SV,Inverter,2387.90,22117.16,4.59,4,6972.67,"10,073,413.46",9969.1370/23.120/VII/2025,2025-07-31,2029-07-30,557,Balai Besar Standardisasi dan Pelayanan Jasa Industri Bahan dan Barang Teknik (BBSPJIBBT)
SANSUI,X 18 SV / XO 18 SV,X 18 SV / XO 18 SV,Inverter,1761.00,18193.20,5.59,5,5142.12,"7,428,820.76",9969.1370/23.120/VII/2025,2025-07-31,2029-07-30,558,Balai Besar Standardisasi dan Pelayanan Jasa Industri Bahan dan Barang Teknik (BBSPJIBBT)
SANSUI,X 12 SV /  XO 12 SV,X 12 SV /  XO 12 SV,Inverter,1532.30,12055.78,4.02,3,4474.32,"6,464,044.33",9969.1370/23.120/VII/2025,2025-07-31,2029-07-30,559,Balai Besar Standardisasi dan Pelayanan Jasa Industri Bahan dan Barang Teknik (BBSPJIBBT)
SANSUI,X 09 SV / XO 09 SV,X 09 SV / XO 09 SV,Inverter,1060.30,9321.97,3.96,3,3096.08,"4,472,901.00",9969.1370/23.120/VII/2025,2025-07-31,2029-07-30,560,Balai Besar Standardisasi dan Pelayanan Jasa Industri Bahan dan Barang Teknik (BBSPJIBBT)
SANSUI,X 05 SV / XO 05 SV,X 05 SV / XO 05 SV,Inverter,383.40,5576.80,5.30,5,1119.53,"1,617,382.10",9969.1370/23.120/VII/2025,2025-07-31,2029-07-30,561,Balai Besar Standardisasi dan Pelayanan Jasa Industri Bahan dan Barang Teknik (BBSPJIBBT)
AIWA,AER-C2N20SDC,AER-C2N20SDC,Inverter,1757.10,16829.02,4.77,4,5130.73,"7,412,368.52",9962.1368/23.120/VII/2025,2025-07-22,2029-07-21,562,Balai Besar Standardisasi dan Pelayanan Jasa Industri Bahan dan Barang Teknik (BBSPJIBBT)
AIWA,AER-C2N15SDC,AER-C2N15SDC,Inverter,1149.60,10903.50,4.14,3,3356.83,"4,849,615.19",9962.1368/23.120/VII/2025,2025-07-22,2029-07-21,563,Balai Besar Standardisasi dan Pelayanan Jasa Industri Bahan dan Barang Teknik (BBSPJIBBT)
AIWA,AER-C2N10SDC,AER-C2N10SDC,Inverter,861.80,8204.15,4.33,4,2516.46,"3,635,523.98",9962.1368/23.120/VII/2025,2025-07-22,2029-07-21,564,Balai Besar Standardisasi dan Pelayanan Jasa Industri Bahan dan Barang Teknik (BBSPJIBBT)
MITSUBISHI,SRK10YYF-W3/SRC10YYF-W3,SRK10YYF-W3/SRC10YYF-W3,Inverter,944.50,10410.79,5.38,5,2757.94,"3,984,395.92",8394.1166/23.120/II/2024,2025-11-25,2029-11-24,565,Balai Besar Standardisasi dan Pelayanan Jasa Industri Bahan dan Barang Teknik (BBSPJIBBT)
MITSUBISHI,SRK13YYF-W3/SRC13YYF-W3,SRK13YYF-W3/SRC13YYF-W3,Inverter,1212.60,131617.80,5.42,5,3540.79,"5,115,382.20",8394.1166/23.120/II/2024,2025-11-25,2029-11-24,566,Balai Besar Standardisasi dan Pelayanan Jasa Industri Bahan dan Barang Teknik (BBSPJIBBT)
MITSUBISHI,SRK18YYF-W3/SRC18YYF-W3,SRK18YYF-W3/SRC18YYF-W3,Inverter,1688.80,18482.17,5.60,5,4931.30,"7,124,243.33",8394.1166/23.120/II/2024,2025-11-25,2029-11-24,567,Balai Besar Standardisasi dan Pelayanan Jasa Industri Bahan dan Barang Teknik (BBSPJIBBT)
LG,K05NVA NIN / K05NVA UIN; K05NVB NIN / K05NVB UIN,K05NVA NIN / K05NVA UIN; K05NVB NIN / K05NVB UIN,Inverter,440.00,5000.00,4.34,4,262.79,"379,647.66",075/LSP/QI/06.1-XI/2025,2025-11-28,2029-11-27,568,PT Qualis Indonesia
SHARP,AH-X18ZY; AU-X18ZY,AH-X18ZY (Indoor) ; AU-X18ZY (Outdoor),Inverter,1769.50,18000.00,4.73,4,6745.20,"9,744,790.44",824 250254,2025-12-04,2029-12-03,569,PT TUV Rheinland Indonesia
PANASONIC,CS-HU10CKJ/CU-HU10CKJ,CS-HU10CKJ/CU-HU10CKJ,Inverter,726.80,9058.70,6.04,5,2122.30,"3,066,086.81",PCS 00017.04.09.HE,2025-12-19,2029-12-18,570,PT Sucofindo (Persero)
PANASONIC,CS-HU13CKJ/CU-HU13CKJ,CS-HU13CKJ/CU-HU13CKJ,Inverter,992.70,11851.90,6.18,5,2898.70,"4,187,751.89",PCS 00017.04.09.HE,2025-12-19,2029-12-18,571,PT Sucofindo (Persero)
PANASONIC,CS-HU18CKJ/CU-HU18CKJ,CS-HU18CKJ/CU-HU18CKJ,Inverter,1316.60,18132.00,6.93,5,3844.50,"5,554,149.15",PCS 00017.04.09.HE,2025-12-19,2029-12-18,572,PT Sucofindo (Persero)
PANASONIC,CS-HU24CKJ/CU-HU24CKJ,CS-HU24CKJ/CU-HU24CKJ,Inverter,1743.10,20854.30,6.24,5,5089.90,"7,353,378.53",PCS 00017.04.09.HE,2025-12-19,2029-12-18,573,PT Sucofindo (Persero)
LG,K09NVA NIN1 / K09NVA UIN1; K09NVB NIN1 / K09NVB UIN1,K09NVA NIN1 / K09NVA UIN1; K09NVB NIN1 / K09NVB UIN1,Inverter,1027.60,8800.00,4.22,4,4470.38,"6,458,363.76",001/LSP/QI/06.1-I/2026,2026-01-08,2030-01-07,574,PT Qualis Indonesia
LG,A09TVA NTH / A09TVA UTH,A09TVA NTH / A09TVA UTH,Inverter,810.00,9200.00,5.29,5,2365.20,"3,417,004.44",824 260012,2026-02-10,2030-02-09,575,PT TUV Rheinland Indonesia
LG,A12TVA NTH / A12TVA UTH,A12TVA NTH / A12TVA UTH,Inverter,1150.00,12200.00,5.92,5,3358.00,"4,851,302.60",824 260012,2026-02-10,2030-02-09,576,PT TUV Rheinland Indonesia
LG,A18TVA NTH / A18TVA UTH,A18TVA NTH / A18TVA UTH,Inverter,1760.00,18000.00,5.42,5,5139.20,"7,424,602.24",824 260012,2026-02-10,2030-02-09,577,PT TUV Rheinland Indonesia
SHARP,AH-XP13DPY / AU-X13DPY,AH-XP13DPY / AU-X13DPY,Inverter,1011.70,12000.00,5.23,5,484.35,"699,742.32",009/LSP/QI/06.1-II/2026,2026-02-19,2030-02-18,578,PT Qualis Indonesia
HAIER,HSU-05VSCTF / HSU-05VSCTC; HSU-05VSDTF / HSU-05VSDTC,HSU-05VSCTF / HSU-05VSCTC; HSU-05VSDTF / HSU-05VSDTC,Inverter,375.50,5000.00,5.54,5,200.10,"289,081.87",014/LSP/QI/06.1-III/2026,2026-03-06,2030-03-05,579,PT Qualis Indonesia
HAIER,HSU-09VSDTF / HSU-09VSDTC; HSU-09VSCTF / HSU-09VSCTC,HSU-09VSDTF / HSU-09VSDTC; HSU-09VSCTF / HSU-09VSCTC,Inverter,828.50,9200.00,5.71,5,360.07,"520,186.92",014/LSP/QI/06.1-III/2026,2026-03-06,2030-03-05,580,PT Qualis Indonesia
HAIER,HSU-12VSCTF / HSU-12VSCTC,HSU-12VSCTF / HSU-12VSCTC,Inverter,1268.40,12300.00,5.71,5,514.93,"743,913.59",014/LSP/QI/06.1-III/2026,2026-03-06,2030-03-05,581,PT Qualis Indonesia
SAMSUNG,AR60H05D1KWN (Indoor) / AR60H05D1KWX (Outdoor),AR60H05D1KWN (Indoor) / AR60H05D1KWX (Outdoor),Inverter,330.50,5200.00,6.16,5,965.06,"1,394,222.18",824 260037,2026-03-13,2030-03-12,582,PT TUV Rheinland Indonesia
SAMSUNG,AR60H10D1LWN (Indoor) / AR60H10D1LWX (Outdoor),AR60H10D1LWN (Indoor) / AR60H10D1LWX (Outdoor),Inverter,759.60,9000.00,5.71,5,2218.00,"3,204,344.60",824 260037,2026-03-13,2030-03-12,583,PT TUV Rheinland Indonesia
SAMSUNG,AR60H13D1LWN (Indoor) / AR60H13D1LWX (Outdoor),AR60H13D1LWN (Indoor) / AR60H13D1LWX (Outdoor),Inverter,1010.00,12000.00,5.90,5,2949.20,"4,345,079.72",824 260037,2026-03-13,2030-03-12,584,PT TUV Rheinland Indonesia
SAMSUNG,AR60H18D1LWN (Indoor) / AR60H18D1LWX (Outdoor),AR60H18D1LWN (Indoor) / AR60H18D1LWX (Outdoor),Inverter,1841.90,18000.00,5.23,5,5378.00,"7,593,343.20",824 260037,2026-03-13,2030-03-12,585,PT TUV Rheinland Indonesia
SAMSUNG,AR80H10DADWN (Indoor) / AR80H10DADWX (Outdoor,AR80H10DADWN (Indoor) / AR80H10DADWX (Outdoor,Inverter,697.60,9000.00,5.63,5,2037.00,"2,942,853.90",824 260037,2026-03-13,2030-03-12,586,PT TUV Rheinland Indonesia
SAMSUNG,AR80H13DADWN (Indoor) / AR80H13DADWX (Outdoor),AR80H13DADWN (Indoor) / AR80H13DADWX (Outdoor),Inverter,1148.50,12000.00,5.19,5,3354.00,"4,977,858.32",824 260037,2026-03-13,2030-03-12,587,PT TUV Rheinland Indonesia
SAMSUNG,AR80H18DADWN (Indoor) / AR80H18DADWX (Outdoor),AR80H18DADWN (Indoor) / AR80H18DADWX (Outdoor),Inverter,1589.20,18000.00,5.55,5,4640.50,"6,538,712.20",824 260037,2026-03-13,2030-03-12,588,PT TUV Rheinland Indonesia
AQUA,AQA-KR5VQCL2 / AQA-CR5VQCL2; AQA-KR5VRAL2 / AQA-CR5VRAL2; AQA-KR5VQGL / AQA-CR5VQGL,AQA-KR5VQCL2 / AQA-CR5VQCL2; AQA-KR5VRAL2 / AQA-CR5VRAL2; AQA-KR5VQGL / AQA-CR5VQGL,Inverter,376.50,5000.00,5.62,5,199.85,"288,723.01",015/LSP/QI/06.1-III/2026,2026-03-17,2030-03-16,589,PT Qualis Indonesia
AQUA,AQA-KR12VQCL2 / AQA-CR12VQCL2,AQA-KR12VQCL2 / AQA-CR12VQCL2,Inverter,1247.10,12000.00,5.11,5,507.57,"733,285.95",015/LSP/QI/06.1-III/2026,2026-03-17,2030-03-16,590,PT Qualis Indonesia
AQUA,AQA-KR18VQCL2 / AQA-CR18VQCL2,AQA-KR18VQCL2 / AQA-CR18VQCL2,Inverter,1807.50,17500.00,4.97,4,778.77,"1,125,090.75",015/LSP/QI/06.1-III/2026,2026-03-17,2030-03-16,591,PT Qualis Indonesia
AQUA,AQA-KR9VQCL2/ AQA-CR9VQCL2; AQA-KR9VRAL2 / AQA-CR9VRAL2,AQA-KR9VQCL2/ AQA-CR9VQCL2; AQA-KR9VRAL2 / AQA-CR9VRAL2,Inverter,810.10,9000.00,6.06,5,332.50,"480,365.93",015/LSP/QI/06.1-III/2026,2026-03-17,2030-03-16,592,PT Qualis Indonesia
AQUA,AQA-KR9VQGL / AQA-CR9VQGL; AQA-KR9VQCL2S / AQA-CR9VQCL2S,AQA-KR9VQGL / AQA-CR9VQGL; AQA-KR9VQCL2S / AQA-CR9VQCL2S,Inverter,907.70,8740.00,5.58,5,369.90,"534,396.84",015/LSP/QI/06.1-III/2026,2026-03-17,2030-03-16,593,PT Qualis Indonesia
PHILIPS,FAC09AB1CIID (In) / FAC09AB1COID (Out),FAC09AB1CIID (In) / FAC09AB1COID (Out),Inverter,295.90,9730.00,5.19,5,864.00,"1,248,220.80",824 260054,2026-05-07,2030-05-06,594,PT TUV Rheinland Indonesia
PHILIPS,FAC12AB1CIID (In) / FAC12AB1COID (Out),FAC12AB1CIID (In) / FAC12AB1COID (Out),Inverter,328.20,12300.00,5.13,5,958.00,"1,384,022.60",824 260054,2026-05-07,2030-05-06,595,PT TUV Rheinland Indonesia
PHILIPS,FAC18AB1CIID (In) / FAC18AB1COID (Out),FAC18AB1CIID (In) / FAC18AB1COID (Out),Inverter,506.90,18000.00,5.64,5,1480.00,"2,138,156.00",824 260054,2026-05-07,2030-05-06,596,PT TUV Rheinland Indonesia
PHILIPS,FAC24AB1CIID (In) / FAC24AB1COID (Out),FAC24AB1CIID (In) / FAC24AB1COID (Out),Inverter,752.50,24200.00,5.01,5,2197.00,"3,174,005.90",824 260054,2026-05-07,2030-05-06,597,PT TUV Rheinland Indonesia
ACERPURE,SACD 535-09W / OACD 535-09W,SACD 535-09W / OACD 535-09W,Inverter,870.60,9000.00,4.13,3,381.67,"551,398.07",024/LSP/QI/06.1-V/2026,2026-05-19,2030-05-18,598,PT Qualis Indonesia
ACERPURE,SACD 535-18W / OACD 535-18W,SACD 535-18W / OACD 535-18W,Inverter,1567.30,18000.00,6.48,5,626.63,"905,288.03",024/LSP/QI/06.1-V/2026,2026-05-19,2030-05-18,599,PT Qualis Indonesia
ACERPURE,SACD 535-12W / OACD 535-12W ,SACD 535-12W / OACD 535-12W ,Inverter,1440.60,32.00,4.51,4,690.39,"997,411.78",024/LSP/QI/06.1-V/2026,2026-05-19,2030-05-18,600,PT Qualis Indonesia
HISENSE,"AI05CEG, AI05KEG, AI05CSG, AS05E3CEA, AS05E3KCA, AS05E3KBA, AS05X3CEA, AS05X3KCA, AS05X3KBA","AI05CEG, AI05KEG, AI05CSG, AS05E3CEA, AS05E3KCA, AS05E3KBA, AS05X3CEA, AS05X3KCA, AS05X3KBA",Inverter,510.40,5800.00,4.93,4,1490.37,"2,153,134.65",22/06.06.06/1A/26/LSPro/V/2026,2026-05-19,2030-05-18,601,Balai Standardisasi dan Pelayanan Jasa Industri (BSPJI) Surabaya
HISENSE,"AI06KCG, AI06KEG, AI06KSG, AS07E4KCA, AS07E4KBA, AS07X5KCA, AS07X5KBA","AI06KCG, AI06KEG, AI06KSG, AS07E4KCA, AS07E4KBA, AS07X5KCA, AS07X5KBA",Inverter,529.70,6800.00,5.24,5,1546.72,"2,234,552.16",22/06.06.06/1A/26/LSPro/V/2026,2026-05-19,2030-05-18,602,Balai Standardisasi dan Pelayanan Jasa Industri (BSPJI) Surabaya
HISENSE,"AI09KCG, AI09KEG, AI09KSG, AS10E4KCA, AS10E4KBA, AS10X5KCA, AS10X5KBA","AI09KCG, AI09KEG, AI09KSG, AS10E4KCA, AS10E4KBA, AS10X5KCA, AS10X5KBA",Inverter,940.20,9800.00,4.92,4,2745.38,"3,966,256.26",22/06.06.06/1A/26/LSPro/V/2026,2026-05-19,2030-05-18,603,Balai Standardisasi dan Pelayanan Jasa Industri (BSPJI) Surabaya
HISENSE,"AI12KCG, AI12KEG, AI12KSG, AS13E4KCA, AS13E4KBA, AS13X5KCA, AS13X5KBA","AI12KCG, AI12KEG, AI12KSG, AS13E4KCA, AS13E4KBA, AS13X5KCA, AS13X5KBA",Inverter,1591.00,13000.00,4.01,3,4645.72,"6,711,671.68",22/06.06.06/1A/26/LSPro/V/2026,2026-05-19,2030-05-18,604,Balai Standardisasi dan Pelayanan Jasa Industri (BSPJI) Surabaya
HISENSE,"AI18KCG, AI18KEG, AI18KSG, AS19E4KCA, AS19E4KBA, AS19X5KCA, AS19X5KBA","AI18KCG, AI18KEG, AI18KSG, AS19E4KCA, AS19E4KBA, AS19X5KCA, AS19X5KBA",Inverter,1799.40,18800.00,4.52,4,5254.25,"7,590,812.09",22/06.06.06/1A/26/LSPro/V/2026,2026-05-19,2030-05-18,605,Balai Standardisasi dan Pelayanan Jasa Industri (BSPJI) Surabaya
MIDEA,MSCE-10CRFN8-ID / MSCE-10CRFN8-OD,MSCE-10CRFN8-ID / MSCE-10CRFN8-OD,Inverter,892.50,9176.61,5.23,5,2606.10,"3,765,032.67",442.1419/23.120/I/2026,2026-01-13,2030-01-12,606,Balai Besar Standardisasi dan Pelayanan Jasa Industri Bahan dan Barang Teknik (BBSPJIBBT)
COMFEE,CFS-10VGPF / CFS-10VGPC,CFS-10VGPF / CFS-10VGPC,Inverter,868.90,9045.25,5.41,5,2537.19,"3,665,475.50",443.1419/23.120/I/2026,2026-01-13,2030-01-12,607,Balai Besar Standardisasi dan Pelayanan Jasa Industri Bahan dan Barang Teknik (BBSPJIBBT)
TCL,TAC- SA05CSV/ZB2-ID / TAC- SA05CSV/ZB2- OD ; TAC- SA05CSV/ZC2-ID / TAC- SA05CSV/ZC2- OD,TAC- SA05CSV/ZB2-ID / TAC- SA05CSV/ZB2- OD ; TAC- SA05CSV/ZC2-ID / TAC- SA05CSV/ZC2- OD,Inverter,420.30,5000.00,4.79,4,1227.28,"1,773,045.64",824 260065,2026-06-23,2030-06-22,608,PT TUV Rheinland Indonesia
TCL,TAC- SA09CSV/ZB2-ID / TAC- SA09CSV/ZB2- OD ; TAC- SA09CSV/ZC2-ID / TAC- SA09CSV/ZC2- OD,TAC- SA09CSV/ZB2-ID / TAC- SA09CSV/ZB2- OD ; TAC- SA09CSV/ZC2-ID / TAC- SA09CSV/ZC2- OD,Inverter,892.70,9000.00,4.68,4,2606.68,"3,765,876.37",824 260065,2026-06-23,2030-06-22,609,PT TUV Rheinland Indonesia
TCL,TAC- SA12CSV/ZB2-ID / TAC- SA12CSV/ZB2- OD ; TAC- SA12CSV/ZC2-ID / TAC- SA12CSV/ZC2- OD,TAC- SA12CSV/ZB2-ID / TAC- SA12CSV/ZB2- OD ; TAC- SA12CSV/ZC2-ID / TAC- SA12CSV/ZC2- OD,Inverter,1414.70,12000.00,3.64,2,4130.92,"5,967,945.90",824 260065,2026-06-23,2030-06-22,610,PT TUV Rheinland Indonesia
TCL,TAC- BR12CSV/TB2-ID / TAC- BR12CSV/TB2- OD ; TAC- BR12CSV/TA2-ID / TAC- BR12CSV/TA2- OD ; TAC- 12CSD/TPHI2 Pro-ID / TAC- 12CSD/TPHI2 Pro-OD,TAC- BR12CSV/TB2-ID / TAC- BR12CSV/TB2- OD ; TAC- BR12CSV/TA2-ID / TAC- BR12CSV/TA2- OD ; TAC- 12CSD/TPHI2 Pro-ID / TAC- 12CSD/TPHI2 Pro-OD,Inverter,1072.60,12300.00,5.08,5,3131.99,"4,524,788.84",824 260065,2026-06-23,2030-06-22,611,PT TUV Rheinland Indonesia
TCL,TAC- BR09CSV/TB2-ID / TAC- BR09CSV/TB2- OD ; TAC- BR09CSV/TA2-ID / TAC- BR09CSV/TA2- OD ; TAC- 09CSD/TPHI2 Pro-ID / TAC- 09CSD/TPHI2 Pro-OD,TAC- BR09CSV/TB2-ID / TAC- BR09CSV/TB2- OD ; TAC- BR09CSV/TA2-ID / TAC- BR09CSV/TA2- OD ; TAC- 09CSD/TPHI2 Pro-ID / TAC- 09CSD/TPHI2 Pro-OD,Inverter,753.60,9500.00,5.06,5,2200.51,"3,179,079.69",824 260065,2026-06-23,2030-06-22,612,PT TUV Rheinland Indonesia
TCL,TAC- SA24CSV/ZB2-ID / TAC- SA24CSV/ZB2- OD ; TAC- SA24CSV/ZC2-ID / TAC- SA24CSV/ZC2- OD,TAC- SA24CSV/ZB2-ID / TAC- SA24CSV/ZB2- OD ; TAC- SA24CSV/ZC2-ID / TAC- SA24CSV/ZC2- OD,Inverter,2364.90,24000.00,5.27,5,6905.51,"9,976,387.41",824 260065,2026-06-23,2030-06-22,613,PT TUV Rheinland Indonesia
TCL,TAC- SA18CSV/ZB2-ID / TAC- SA18CSV/ZB2- OD ; TAC- SA18CSV/ZC2-ID / TAC- SA18CSV/ZC2- OD,TAC- SA18CSV/ZB2-ID / TAC- SA18CSV/ZB2- OD ; TAC- SA18CSV/ZC2-ID / TAC- SA18CSV/ZC2- OD,Inverter,1987.80,18000.00,5.01,5,5804.38,"8,385,582.01",824 260065,2026-06-23,2030-06-22,614,PT TUV Rheinland Indonesia
TCL,TAC- BR18CSV/TB2-ID / TAC- BR18CSV/TB2- OD ; TAC- BR18CSV/TA2-ID / TAC- BR18CSV/TA2- OD ; TAC- 18CSD/TPHI2 Pro-ID / TAC- 18CSD/TPHI2 Pro-OD,TAC- BR18CSV/TB2-ID / TAC- BR18CSV/TB2- OD ; TAC- BR18CSV/TA2-ID / TAC- BR18CSV/TA2- OD ; TAC- 18CSD/TPHI2 Pro-ID / TAC- 18CSD/TPHI2 Pro-OD,Inverter,2017.10,18500.00,4.78,4,5889.93,"8,509,184.76",824 260065,2026-06-23,2030-06-22,615,PT TUV Rheinland Indonesia
GREE,GWC-05F5A/I / GWC-05F5A/O,GWC-05F5A/I / GWC-05F5A/O,Inverter,366.00,5000.00,4.56,4,230.37,"332,821.32",036/LSP/QI/06.1-VII/2026,2026-07-17,2030-07-16,616,PT Qualis Indonesia
GREE,GWC-09F5A/I / GWC-09F5A/O,GWC-09F5A/I / GWC-09F5A/O,Inverter,667.30,9000.00,5.10,5,360.68,"521,072.66",036/LSP/QI/06.1-VII/2026,2026-07-17,2030-07-16,617,PT Qualis Indonesia
GREE,GWC-12F5A/I / GWC-12F5A/O,GWC-12F5A/I / GWC-12F5A/O,Inverter,1176.40,12100.00,4.98,4,535.23,"773,244.33",036/LSP/QI/06.1-VII/2026,2026-07-17,2030-07-16,618,PT Qualis Indonesia
GREE,GWC-18F5A/I / GWC-18F5A/O,GWC-18F5A/I / GWC-18F5A/O,Inverter,1503.80,18000.00,5.72,5,6293.92,"9,092,826.22",036/LSP/QI/06.1-VII/2026,2026-07-17,2030-07-16,619,PT Qualis Indonesia
GREE,GWC-24F5A/I / GWC-24F5A/O,GWC-24F5A/I / GWC-24F5A/O,Inverter,1867.60,24000.00,6.26,5,813.00,"1,174,544.42",036/LSP/QI/06.1-VII/2026,2026-07-17,2030-07-16,620,PT Qualis Indonesia
SANKEN,EVA-09D / EVA-09L,EVA-09D / EVA-09L,Inverter,988.70,9000.00,4.74,4,425.81,"615,167.13",046/LSP/QI/06.1-VII/2026,2026-07-29,2030-07-28,621,PT Qualis Indonesia
SANKEN,EVA-12D / EVA-12L,EVA-12D / EVA-12L,Inverter,1306.00,12000.00,5.13,5,521.31,"753,137.86",046/LSP/QI/06.1-VII/2026,2026-07-29,2030-07-28,622,PT Qualis Indonesia
SANKEN,EVA-18D / EVA-18L,EVA-18D / EVA-18L,Inverter,1911.90,18000.00,6.03,5,742.27,"1,072,350.82",046/LSP/QI/06.1-VII/2026,2026-07-29,2030-07-28,623,PT Qualis Indonesia
Daikin,Non-Inverter R410A 1,Non-Inverter R410A 1,Non-Inverter,390.00,4982.00,11.72,4,1138.80,"1,670,619.60",119.002.4.07.104.16.0010,,,1,
Daikin,Non-Inverter R410A 2,Non-Inverter R410A 2,Non-Inverter,633.00,7131.00,11.52,4,1848.36,"2,711,544.12",119.002.4.08.104.16.0011,,,2,
Daikin,Non-Inverter R410A 3,Non-Inverter R410A 3,Non-Inverter,819.00,8939.00,10.51,4,2391.48,"3,508,301.16",119.002.4.09.104.16.0012,,,3,
Daikin,Non-Inverter R410A 4,Non-Inverter R410A 4,Non-Inverter,1063.00,11430.00,10.15,3,3103.96,"4,553,509.32",119.002.3.10.099.16.0013,,,4,
Daikin,Non-Inverter R410A 5,Non-Inverter R410A 5,Non-Inverter,1650.00,17742.00,10.16,3,4818.00,"7,068,006.00",119.002.3.11.099.16.0014,,,5,
Daikin,Non-Inverter R410A 6,Non-Inverter R410A 6,Non-Inverter,2032.00,21837.00,10.78,4,5933.44,"8,704,356.48",119.002.4.12.104.16.0015,,,6,
Daikin,Deluxe Non-Inverter R32 1,Deluxe Non-Inverter R32 1,Non-Inverter,722.00,8871.00,11.65,4,2108.24,"3,092,788.08",119.002.4.13.104.16.0016,,,7,
Daikin,Deluxe Non-Inverter R32 2,Deluxe Non-Inverter R32 2,Non-Inverter,1042.00,12624.00,11.63,4,3042.64,"4,463,552.88",119.002.4.14.104.16.0017,,,8,
Daikin,Deluxe Non-Inverter R32 3,Deluxe Non-Inverter R32 3,Non-Inverter,1493.00,18084.00,12.19,4,4359.56,"6,395,474.52",119.002.4.15.104.16.0018,,,9,
Daikin,Deluxe Non-Inverter R32 4,Deluxe Non-Inverter R32 4,Non-Inverter,1859.00,22519.00,11.90,4,5428.28,"7,963,286.76",119.002.4.16.104.16.0019,,,10,
Daikin,Deluxe Non-Inverter R32 5,Deluxe Non-Inverter R32 5,Non-Inverter,2182.00,24566.00,12.20,4,6371.44,"9,346,902.48",119.002.4.17.104.16.0020,,,11,
Polytron ,EAW055000(PAC 05LE;PAC 05VE;PAC 05VX;PAC 05VF;PAC 05VG),EAW055000(PAC 05LE;PAC 05VE;PAC 05VX;PAC 05VF;PAC 05VG),Non-Inverter,490.00,5000.00,12.53,4,1430.80,"2,098,983.60",011.003.4.01.104.16.0039,,,12,
Polytron ,EAW077200(PAC 07VE),EAW077200(PAC 07VE),Non-Inverter,725.00,8000.00,12.06,4,2117.00,"3,105,639.00",011.003.4.02.104.16.0040,,,13,
Polytron ,EAW109000(PAC 09LE;PAC 09VF;PAC 09VE;PAC 09VX;PAC 09VG),EAW109000(PAC 09LE;PAC 09VF;PAC 09VE;PAC 09VX;PAC 09VG),Non-Inverter,880.00,9500.00,11.31,4,2569.60,"3,769,603.20",011.003.4.03.104.16.0041,,,14,
Polytron ,EAW151000(PAC 12VE;PAC 12VX;PAC 12VF;PAC 12VG),EAW151000(PAC 12VE;PAC 12VX;PAC 12VF;PAC 12VG),Non-Inverter,1050.00,12000.00,11.95,4,3066.00,"4,497,822.00",011.003.4.04.104.16.0042,,,15,
Polytron ,EAW201600(PAC 18VE;PAC 18VX;PAC 18VF;PAC 18VG),EAW201600(PAC 18VE;PAC 18VX;PAC 18VF;PAC 18VG),Non-Inverter,1690.00,18000.00,12.06,4,4934.80,"7,239,351.60",011.003.4.05.104.16.0043,,,16,
LG,QS-C0566NKO(T05NWA;T05NLA;T05EG),QS-C0566NKO(T05NWA;T05NLA;T05EG),Non-Inverter,610.00,4600.00,10.98,4,1781.20,"2,613,020.40",118.004.4.01.104.16.0044,,,17,
LG,QS-C0564NAO,QS-C0564NAO,Non-Inverter,480.00,4300.00,12.14,4,1401.60,"2,056,147.20",118.004.4.02.104.16.0045,,,18,
Mitsubishi Electric,Indoor MS-HK 10 VA /Outdoor MU-HK 10 VA,Indoor MS-HK 10 VA /Outdoor MU-HK 10 VA,Non-Inverter,800.00,8405.46,10.48,4,2336.00,"3,426,912.00",119.005.4.01.104.16.0053,,,19,
Mitsubishi Electric,Indoor MS-HK 13 VA /Outdoor MU-HK 13 VA,Indoor MS-HK 13 VA /Outdoor MU-HK 13 VA,Non-Inverter,1160.00,12414.22,10.74,4,3387.20,"4,969,022.40",119.005.4.02.104.16.0054,,,20,
Mitsubishi Electric,Indoor MS-HK 18VA /Outdoor MS-HK 18 VA,Indoor MS-HK 18VA /Outdoor MS-HK 18 VA,Non-Inverter,1610.00,16108.73,10.02,3,4701.20,"6,896,660.40",119.005.3.03.099.16.0055,,,21,
Mitsubishi Electric,Indoor MS-HK 24VA /Outdoor MS-HK 24VA,Indoor MS-HK 24VA /Outdoor MS-HK 24VA,Non-Inverter,2180.00,21748.09,9.98,3,6365.60,"9,338,335.20",119.005.3.04.009.16.0056,,,22,
Daikin,FTV15AXV14 /RV15AXV14;FTV15BXV14 /RV15BXV14,FTV15AXV14 /RV15AXV14;FTV15BXV14 /RV15BXV14,Non-Inverter,393.67,5982.09,15.20,4,1149.52,"1,686,340.56",119.002.4.34.104.16.0061,,,23,
Daikin,FTV20AXV14 /RV20AXV14;FTV20BXV14 /RV20BXV14,FTV20AXV14 /RV20AXV14;FTV20BXV14 /RV20BXV14,Non-Inverter,627.10,6803.53,10.85,4,1831.13,"2,686,270.64",119.002.4.35.104.16.0062,,,24,
Daikin,FTV25AXV14 /RV25AXV14;FTV25BXV14 /RV25BXV14,FTV25AXV14 /RV25AXV14;FTV25BXV14 /RV25BXV14,Non-Inverter,784.30,8473.36,10.80,4,2290.16,"3,359,658.85",119.002.4.36.104.16.0063,,,25,
Daikin,FTV35AXV14 /RV35AXV14;FTV35BXV14 /RV35BXV14,FTV35AXV14 /RV35AXV14;FTV35BXV14 /RV35BXV14,Non-Inverter,1153.60,11604.21,10.06,3,3368.51,"4,941,607.10",119.002.3.37.099.16.0064,,,26,
Daikin,FTV50AXV14 /RV50AXV14;FTV50BXV14 /RV50BXV14,FTV50AXV14 /RV50AXV14;FTV50BXV14 /RV50BXV14,Non-Inverter,1813.70,17726.36,9.77,2,5296.00,"7,769,237.87",119.002.2.38.091.16.0065,,,27,
Panasonic ,CU/CS-YN5SKJ,CU/CS-YN5SKJ,Non-Inverter,411.90,4455.00,10.82,4,1202.75,"1,764,431.32",119.006.4.01.104.16.0066,,,28,
Panasonic ,CU/CS-PN5SKJ,CU/CS-PN5SKJ,Non-Inverter,382.40,4953.00,12.96,4,1116.61,"1,638,063.94",119.006.4.02.104.16.0067,,,29,
Panasonic ,CU/CS-KN5SKJCU/CS-XN5SKJ,CU/CS-KN5SKJCU/CS-XN5SKJ,Non-Inverter,363.10,4856.00,13.38,4,1060.25,"1,555,389.68",119.006.4.03.104.16.0068,,,30,
Panasonic ,CU/CS-YN7SKJ,CU/CS-YN7SKJ,Non-Inverter,644.90,6850.00,10.62,4,1883.11,"2,762,519.44",119.006.4.04.104.16.0069,,,31,
Panasonic ,CU/CS-PN7SKJ,CU/CS-PN7SKJ,Non-Inverter,599.90,6737.00,11.23,4,1751.71,"2,569,755.64",119.006.4.05.104.16.0070,,,32,
Panasonic ,CU/CS-KN7SKJCU/CS-XN7SKJ,CU/CS-KN7SKJCU/CS-XN7SKJ,Non-Inverter,587.70,6796.00,11.56,4,1716.08,"2,517,495.23",119.006.4.06.104.16.0071,,,33,
Panasonic ,CU/CS-YN9SKJ,CU/CS-YN9SKJ,Non-Inverter,801.10,8603.00,10.74,4,2339.21,"3,431,624.00",119.006.4.07.104.16.0072,,,34,
Panasonic ,CU/CS-PN9SKJ,CU/CS-PN9SKJ,Non-Inverter,719.20,8105.00,11.27,4,2100.06,"3,080,793.89",119.006.4.08.104.16.0073,,,35,
Panasonic ,CU/CS-KN9SKJCU/CS-XV9SKJ,CU/CS-KN9SKJCU/CS-XV9SKJ,Non-Inverter,707.30,8457.00,11.96,4,2065.32,"3,029,818.57",119.006.4.09.104.16.0074,,,36,
Panasonic ,CU/CS-PN12SKJ,CU/CS-PN12SKJ,Non-Inverter,1023.30,11078.00,10.83,4,2988.04,"4,383,448.81",119.006.4.10.104.16.0075,,,37,
Samsung,AR05KRFLAWKN /AR05KRFLAWKX,AR05KRFLAWKN /AR05KRFLAWKX,Non-Inverter,400.00,5080.50,12.70,4,1168.00,"1,713,456.00",118.001.4.12.104.16.0076,,,38,
Samsung,AR07KRFLAWKN /AR07KRFLAWKX,AR07KRFLAWKN /AR07KRFLAWKX,Non-Inverter,687.00,7595.10,11.00,4,2006.04,"2,942,860.68",118.001.4.13.104.16.0077,,,39,
Samsung,AR09KRFLAWKN /AR09KRFLAWKX,AR09KRFLAWKN /AR09KRFLAWKX,Non-Inverter,816.00,9127.10,11.00,4,2382.72,"3,495,450.24",118.001.4.14.104.16.0078,,,40,
Samsung,AR05KRFLBWKN /AR05KRFLBWKX,AR05KRFLBWKN /AR05KRFLBWKX,Non-Inverter,400.00,5080.50,12.70,4,1168.00,"1,713,456.00",118.001.4.15.104.16.0079,,,41,
Samsung,AR07KRFLBWKN /AR07KRFLBWKX,AR07KRFLBWKN /AR07KRFLBWKX,Non-Inverter,687.00,7595.10,11.00,4,2006.04,"2,942,860.68",118.001.4.16.104.16.0080,,,42,
Samsung,AR09KRFLBWKN /AR09KRFLBWKX,AR09KRFLBWKN /AR09KRFLBWKX,Non-Inverter,816.00,9127.10,11.00,4,2382.72,"3,495,450.24",118.001.4.17.104.16.0081,,,43,
Electrolux,VITA 05,VITA 05,Non-Inverter,300.00,4800.00,16.00,4,876.00,"1,285,092.00",118.007.4.01.104.16.0082,,,44,
Electrolux,VITA 07,VITA 07,Non-Inverter,500.00,6820.00,13.64,4,1460.00,"2,141,820.00",118.007.4.02.104.16.0083,,,45,
Electrolux,VITA 09,VITA 09,Non-Inverter,650.00,9000.00,13.85,4,1898.00,"2,784,366.00",118.007.4.03.104.16.0084,,,46,
Electrolux,VITA 12,VITA 12,Non-Inverter,900.00,12000.00,13.33,4,2628.00,"3,855,276.00",118.007.4.04.104.16.0085,,,47,
Electrolux,VITA 18,VITA 18,Non-Inverter,1530.00,18000.00,11.76,4,4467.60,"6,553,969.20",118.007.4.05.104.16.0086,,,48,
Sharp,AH-A24SEY /AU-A24SEY,AH-A24SEY /AU-A24SEY,Non-Inverter,2395.10,22613.37,9.45,2,6993.69,"10,259,746.16",118.008.2.03.091.16.0089,,,49,
Sharp,AH-A18SEY /AU-A18SEY;AH-A18UBY /AU-A18UBY;,AH-A18SEY /AU-A18SEY;AH-A18UBY /AU-A18UBY;,Non-Inverter,1887.60,18008.88,9.55,2,5511.79,"8,085,798.86",118.008.2.04.091.16.0090,,,50,
Sharp,AH-A5SEY /AU-A5SEY;AH-AP5SSY /AU-A5SSY;AH-A5UBY /AU-A5UBY;AH-A5UEY /AU-A5UEY;AH-A5SAY /AU-A5SAY;,AH-A5SEY /AU-A5SEY;AH-AP5SSY /AU-A5SSY;AH-A5UBY /AU-A5UBY;AH-A5UEY /AU-A5UEY;AH-A5SAY /AU-A5SAY;,Non-Inverter,434.70,4724.05,10.88,4,1269.32,"1,862,098.31",118.008.4.05.104.16.0091,,,51,
Sharp,AH-AP5SHL /AU-A5SHL;AH-AP5UHL /AU-A5UHL;,AH-AP5SHL /AU-A5SHL;AH-AP5UHL /AU-A5UHL;,Non-Inverter,377.20,4532.36,12.01,4,1101.42,"1,615,789.01",118.008.4.06.104.16.0092,,,52,
Sharp,AH-A5SDL /AU-A5SDL,AH-A5SDL /AU-A5SDL,Non-Inverter,374.70,4554.95,12.14,4,1094.12,"1,605,079.91",118.008.4.07.104.16.0093,,,53,
Sharp,AH-AP9SHL /AU-A9SHL,AH-AP9SHL /AU-A9SHL,Non-Inverter,784.40,8928.49,11.39,4,2290.45,"3,360,087.22",118.008.4.08.104.16.0094,,,54,
Sharp,AH-XP10SHY /AU-X10SHY,AH-XP10SHY /AU-X10SHY,Non-Inverter,814.00,7391.19,13.30,4,2376.88,"3,486,882.96",118.008.4.09.104.16.0095,,,55,
Sharp,AH-A12SEY /AU-A12SEY;AH-AP12SSY /AU-A12SSY;AH-A12UBY /AU-A12UBY;AH-A12SAY /AU-A12SAY;,AH-A12SEY /AU-A12SEY;AH-AP12SSY /AU-A12SSY;AH-A12UBY /AU-A12UBY;AH-A12SAY /AU-A12SAY;,Non-Inverter,1102.78,11730.20,10.64,4,3220.12,"4,723,912.52",118.008.4.10.104.16.0096,,,56,
Sharp,AH-AP12SHL /AU-A12SHL;AH-AP12UHL /AU-A12UHL,AH-AP12SHL /AU-A12SHL;AH-AP12UHL /AU-A12UHL,Non-Inverter,1006.28,11709.47,11.64,4,2938.34,"4,310,541.26",118.008.4.11.104.16.0097,,,57,
Sharp,AH-A9SDL /AU-A9SDL;AH-A9UDL /AU-A9UDL;AH-AP9UHL /AU-A9UHL,AH-A9SDL /AU-A9SDL;AH-A9UDL /AU-A9UDL;AH-AP9UHL /AU-A9UHL,Non-Inverter,767.06,8679.28,11.31,4,2239.82,"3,285,808.90",118.008.4.12.104.16.0098,,,58,
Sharp,AH-AP7SHL /AU-A7SHL,AH-AP7SHL /AU-A7SHL,Non-Inverter,587.15,6890.70,11.74,4,1714.48,"2,515,139.23",118.008.4.13.104.16.0099,,,59,
Sharp,AH-A7SDL /AU-A7SDL;AH-A7UDL /AU-A7UDL;AH-AP7UHL /AU-A7UHL,AH-A7SDL /AU-A7SDL;AH-A7UDL /AU-A7UDL;AH-AP7UHL /AU-A7UHL,Non-Inverter,584.53,6991.39,11.96,4,1706.83,"2,503,916.09",118.008.4.14.104.16.0100,,,60,
Sharp,AH-A9TEY /AU-A9TEY,AH-A9TEY /AU-A9TEY,Non-Inverter,909.52,8641.09,9.50,2,2655.80,"3,896,056.25",118.008.2.15.091.16.0101,,,61,
Sharp,AH-AP7SSY /AU-A7SSY;AH-A7SEY /AU-A7SEY;AH-A7SAY /AU-A7SAY;,AH-AP7SSY /AU-A7SSY;AH-A7SEY /AU-A7SEY;AH-A7SAY /AU-A7SAY;,Non-Inverter,660.08,6691.34,10.14,3,1927.43,"2,827,545.09",118.008.3.16.099.16.0102,,,62,
Sharp,AH-A5TEY /AU-A5TEY,AH-A5TEY /AU-A5TEY,Non-Inverter,526.64,5210.09,9.84,2,1537.79,"2,255,936.17",118.008.2.17.091.16.0103,,,63,
Sharp,AH-A7TEY /AU-A7TEY,AH-A7TEY /AU-A7TEY,Non-Inverter,678.48,6730.68,9.92,2,1981.16,"2,906,364.07",118.008.2.18.091.16.0104,,,64,
Daikin,FTNE15JEV14 /RNE15JEV14,FTNE15JEV14 /RNE15JEV14,Non-Inverter,323.50,4398.41,13.60,4,944.62,"1,385,757.54",119.002.4.39.104.16.0105,,,65,
Daikin,FTNE20JEV14 /RNE20JEV14,FTNE20JEV14 /RNE20JEV14,Non-Inverter,537.90,6114.65,11.37,4,1570.67,"2,304,169.96",119.002.4.40.104.16.0106,,,66,
Daikin,FTNE25JEV14 /RNE25JEV14,FTNE25JEV14 /RNE25JEV14,Non-Inverter,699.80,8018.89,11.46,4,2043.42,"2,997,691.27",119.002.4.41.104.16.0107,,,67,
Daikin,FTNE35JEV14 /RNE35JEV14,FTNE35JEV14 /RNE35JEV14,Non-Inverter,989.50,11211.83,11.33,4,2889.34,"4,238,661.78",119.002.4.42.104.16.0108,,,68,
Daikin,FTNE50JEV14 /RNE50JEV14,FTNE50JEV14 /RNE50JEV14,Non-Inverter,1611.00,16388.52,9.87,2,4704.12,"6,900,944.04",119.002.2.43.091.16.0109,,,69,
Daikin,FTNE60JEV14 /RNE60JEV15,FTNE60JEV14 /RNE60JEV15,Non-Inverter,1927.60,20477.12,10.38,3,5628.59,"8,257,144.46",119.002.3.44.099.16.0110,,,70,
Akari,Family 1,Family 1,Non-Inverter,409.00,5210.00,12.70,4,1194.28,"1,752,008.76",119.010.4.01.104.16.0118,,,71,
Akari,Family 2,Family 2,Non-Inverter,753.50,7142.00,9.49,2,2200.22,"3,227,722.74",119.010.2.02.091.16.0119,,,72,
Panasonic,CS-UV5SKP / CU-UV5SKP,CS-UV5SKP / CU-UV5SKP,Non-Inverter,431.00,5077.10,11.78,4,1258.52,"1,846,248.84",118.009.4.08.104.16.0120,,,73,
Panasonic,CS-UV9SKP / CU-UV9SKP,CS-UV9SKP / CU-UV9SKP,Non-Inverter,780.00,9099.80,11.66,4,2277.60,"3,341,239.20",118.009.4.09.104.16.0121,,,74,
LG,QS-C0766NK0,QS-C0766NK0,Non-Inverter,653.10,6769.10,10.36,3,1907.05,"2,797,645.28",118.004.3.03.099.16.0124,,,75,
LG,QS-C096QNK0,QS-C096QNK0,Non-Inverter,916.60,8303.70,9.06,2,2676.47,"3,926,384.42",118.004.2.04.091.16.0125,,,76,
Gree,GWC-07MOO/IGWC-07MOO/O,GWC-07MOO/IGWC-07MOO/O,Non-Inverter,731.00,6841.00,9.35,2,2134.52,"3,131,340.84",118.011.2.01.091.16.0126,,,77,
Electrolux,VITA PLUS 05,VITA PLUS 05,Non-Inverter,336.00,4773.40,14.21,4,981.12,"1,439,303.04",118.007.4.06.104.16.0127,,,78,
Electrolux,VITA PLUS 07,VITA PLUS 07,Non-Inverter,559.00,7073.00,12.65,4,1632.28,"2,394,554.76",118.007.4.07.104.16.0128,,,79,
Electrolux,VITA PLUS 09,VITA PLUS 09,Non-Inverter,718.00,8158.10,11.36,4,2096.56,"3,075,653.52",118.007.4.08.104.16.0129,,,80,
Haier,HSU-05ECO03/LW,HSU-05ECO03/LW,Non-Inverter,350.70,4388.00,12.50,4,1024.04,"1,502,272.55",119.012.4.01.104.16.0130,,,81,
Haier,HSU-12ECO03/LW,HSU-12ECO03/LW,Non-Inverter,1038.80,11828.00,11.39,4,3033.30,"4,449,845.23",119.012.4.02.104.16.0131,,,82,
Haier,HSU-18ECO03/LW,HSU-18ECO03/LW,Non-Inverter,1540.50,18240.00,11.84,4,4498.26,"6,598,947.42",119.012.4.03.104.16.0132,,,83,
Haier,HSU-05GTO03 & HSU-05GTR03,HSU-05GTO03 & HSU-05GTR03,Non-Inverter,503.90,5027.00,9.98,3,1471.39,"2,158,526.20",119.012.3.04.099.16.0133,,,84,
Haier,HSU-07GTO03 & HSU-07GTR03,HSU-07GTO03 & HSU-07GTR03,Non-Inverter,767.00,7070.00,9.22,2,2239.64,"3,285,551.88",119.012.2.05.091.16.0134,,,85,
Haier,HSU-09GTO03 & HSU-09GTR03,HSU-09GTO03 & HSU-09GTR03,Non-Inverter,891.80,8973.00,10.06,3,2604.06,"3,820,150.15",119.012.3.06.099.16.0135,,,86,
Haier,HSU-12GTO03 & HSU-12GTR03,HSU-12GTO03 & HSU-12GTR03,Non-Inverter,1143.00,11358.00,9.94,2,3337.56,"4,896,200.52",119.012.2.07.091.16.0136,,,87,
Haier,HSU-18GTO03 & HSU-18GTR03,HSU-18GTO03 & HSU-18GTR03,Non-Inverter,1758.00,16754.00,9.53,2,5133.36,"7,530,639.12",119.012.2.08.091.16.0137,,,88,
Haier,HSU-24GTO03 & HSU-24GTR03,HSU-24GTO03 & HSU-24GTR03,Non-Inverter,2290.40,22598.00,9.87,2,6687.97,"9,811,249.06",119.012.2.09.091.16.0138,,,89,
Sharp,AH-AP9SSY2 /AU-A9SSY2;AH-A9SEY2 /AU-A9SEY2;AH-A9UEY /AU-A9UEY;AH-A9UBY /AU-A9UBY;AH-A9SAY /AU-A9SAY;,AH-AP9SSY2 /AU-A9SSY2;AH-A9SEY2 /AU-A9SEY2;AH-A9UEY /AU-A9UEY;AH-A9UBY /AU-A9UBY;AH-A9SAY /AU-A9SAY;,Non-Inverter,847.74,8982.29,10.60,4,2475.40,"3,631,412.97",118.008.4.22.104.16.0150,,,90,
Midea,MSBL-09CRN1(I) /MSBL-09CRN1(O),MSBL-09CRN1(I) /MSBL-09CRN1(O),Non-Inverter,872.00,9591.00,11.00,4,2546.24,"3,735,334.08",118.013.4.01.104.16.0151,,,91,
Midea,MSBL-12CRN1(I) /MSBL-12CRN1(O),MSBL-12CRN1(I) /MSBL-12CRN1(O),Non-Inverter,1053.00,11474.00,10.90,4,3074.76,"4,510,672.92",118.013.4.02.104.16.0152,,,92,
Midea,MSBC-05CRN1(I) /MSBC-05CRN1(O),MSBC-05CRN1(I) /MSBC-05CRN1(O),Non-Inverter,395.00,4644.00,11.76,4,1153.40,"1,692,037.80",118.013.4.03.104.16.0153,,,93,
Midea,MSBC-07CRN1(I) /MSBC-07CRN1(O),MSBC-07CRN1(I) /MSBC-07CRN1(O),Non-Inverter,736.00,7036.00,9.60,2,2149.12,"3,152,759.04",118.013.2.04.091.16.0154,,,94,
Midea,MSBC-09CRN1(I) /MSBC-09CRN1(O),MSBC-09CRN1(I) /MSBC-09CRN1(O),Non-Inverter,694.00,8716.00,9.75,2,2026.48,"2,972,846.16",118.013.2.05.091.16.0155,,,95,
Midea,MSBC-12CRN1(I) /MSBC-12CRN1(O),MSBC-12CRN1(I) /MSBC-12CRN1(O),Non-Inverter,1184.00,11771.00,9.94,2,3457.28,"5,071,829.76",118.013.2.06.091.16.0156,,,96,
Midea,MSBC-18CRN1(I) /MSBC-18CRN1(O),MSBC-18CRN1(I) /MSBC-18CRN1(O),Non-Inverter,1715.00,17116.00,9.98,3,5007.80,"7,346,442.60",118.013.3.07.099.16.0157,,,97,
Midea,MSBC-24CRN1(I) /MSBC-24CRN1(O),MSBC-24CRN1(I) /MSBC-24CRN1(O),Non-Inverter,2367.00,22188.00,9.37,2,6911.64,"10,139,375.88",118.013.2.08.091.16.0158,,,98,
Midea,MSFC-05CRN1(I) /MSFC-05CRN1(O),MSFC-05CRN1(I) /MSFC-05CRN1(O),Non-Inverter,397.00,4607.00,11.60,4,1159.24,"1,700,605.08",118.013.4.09.104.16.0159,,,99,
Midea,MSFC-09CRN1(I) /MSFC-09CRN1(O),MSFC-09CRN1(I) /MSFC-09CRN1(O),Non-Inverter,887.00,9324.00,10.51,4,2590.04,"3,799,588.68",118.013.4.10.104.16.0160,,,100,
Midea,MSC4-05CRN1(I) /MSC4-05CRN1(O),MSC4-05CRN1(I) /MSC4-05CRN1(O),Non-Inverter,360.00,4272.00,11.67,4,1051.20,"1,542,110.40",118.013.4.11.104.16.0161,,,101,
Midea,MSC4-09CRN1(I) /MSC4-09CRN1(O),MSC4-09CRN1(I) /MSC4-09CRN1(O),Non-Inverter,703.00,7773.00,11.06,4,2052.76,"3,011,398.92",118.013.4.12.104.16.0162,,,102,
Midea,MSF-05CRN1(I) /MSF-05CRN1(O),MSF-05CRN1(I) /MSF-05CRN1(O),Non-Inverter,360.00,4272.00,11.57,4,1051.20,"1,542,110.40",118.013.4.13.104.16.0163,,,103,
Midea,MSF-09CRN1(I) /MSF-09CRN1(O),MSF-09CRN1(I) /MSF-09CRN1(O),Non-Inverter,703.00,7773.00,11.06,4,2052.76,"3,011,398.92",118.013.4.14.104.16.0164,,,104,
Midea,MSB2-05CRN1(I) /MSB2-05CRN1(O),MSB2-05CRN1(I) /MSB2-05CRN1(O),Non-Inverter,416.00,4470.00,10.75,4,1214.72,"1,781,994.24",118.013.4.15.104.16.0165,,,105,
Midea,MSB2-09CRN1(I) /MSB2-09CRN1(O),MSB2-09CRN1(I) /MSB2-09CRN1(O),Non-Inverter,917.00,8016.00,8.74,1,2677.64,"3,928,097.88",118.013.1.16.085.16.0166,,,106,
Midea,MSB2-12CRN1(I) /MSB2-12CRN1(O),MSB2-12CRN1(I) /MSB2-12CRN1(O),Non-Inverter,1095.00,10860.00,9.92,2,3197.40,"4,690,585.80",118.013.2.17.091.16.0167,,,107,
Gree,Indoor GWC-05MOO/I Outdoor GWC-05MOO/O,Indoor GWC-05MOO/I Outdoor GWC-05MOO/O,Non-Inverter,590.90,5327.50,9.02,2,1725.43,"2,531,202.88",118.011.2.02.091.16.0173,,,108,
Gree,Indoor GWC-09MOO/I Outdoor GWC-09MOO/O,Indoor GWC-09MOO/I Outdoor GWC-09MOO/O,Non-Inverter,887.10,8592.10,9.69,2,2590.33,"3,800,017.04",118.011.2.03.091.16.0174,,,109,
Gree,Indoor GWC-12MOO/I Outdoor GWC-12MOO/O,Indoor GWC-12MOO/I Outdoor GWC-12MOO/O,Non-Inverter,1055.00,11126.50,10.55,4,3080.60,"4,519,240.20",118.011.4.04.104.16.0175,,,110,
Gree,Indoor GWC-18MOO/I Outdoor GWC-18MOO/O,Indoor GWC-18MOO/I Outdoor GWC-18MOO/O,Non-Inverter,1721.00,17513.80,10.18,3,5025.32,"7,372,144.44",118.011.3.05.099.16.0176,,,111,
Gree,Indoor GWC-24MOO/I Outdoor GWC-24MOO/O,Indoor GWC-24MOO/I Outdoor GWC-24MOO/O,Non-Inverter,2078.00,21260.10,10.23,3,6067.76,"8,901,403.92",118.011.3.06.091.16.0177,,,112,
Gree,Indoor GWC-05COO/I Outdoor GWC-05COO/O,Indoor GWC-05COO/I Outdoor GWC-05COO/O,Non-Inverter,341.70,4531.00,13.26,4,997.76,"1,463,719.79",118.011.4.07.104.16.0178,,,113,
Gree,Indoor GWC-07COO/I Outdoor GWC-07COO/O,Indoor GWC-07COO/I Outdoor GWC-07COO/O,Non-Inverter,551.70,7002.50,12.69,4,1610.96,"2,363,284.19",118.011.4.08.104.16.0179,,,114,
Gree,Indoor GWC-09COO/I Outdoor GWC-09COO/O,Indoor GWC-09COO/I Outdoor GWC-09COO/O,Non-Inverter,710.90,8418.10,11.84,4,2075.83,"3,045,239.68",118.011.4.09.104.16.0180,,,115,
Gree,Indoor GWC-12COO/I Outdoor GWC-12COO/O,Indoor GWC-12COO/I Outdoor GWC-12COO/O,Non-Inverter,1044.00,12109.20,11.60,4,3048.48,"4,472,120.16",118.011.4.10.104.16.0181,,,116,
Gree,Indoor GWC-18COO/I Outdoor GWC-18COO/O,Indoor GWC-18COO/I Outdoor GWC-18COO/O,Non-Inverter,1549.00,17759.50,11.47,4,4523.08,"6,635,358.36",118.011.4.11.104.16.0182,,,117,
Toshiba,RAS-05S3KS-IDRAS-05S3AS-ID,RAS-05S3KS-IDRAS-05S3AS-ID,Non-Inverter,418.06,4831.19,11.56,4,1220.74,"1,790,818.54",118.014.4.01.104.16.0188,,,118,
Toshiba,RAS-07S3KS-IDRAS-07S3AS-ID,RAS-07S3KS-IDRAS-07S3AS-ID,Non-Inverter,632.39,6007.24,9.50,2,1846.58,"2,708,931.10",118.014.2.02.091.16.0189,,,119,
Toshiba,RAS-10S3KS-IDRAS-10S3AS-ID,RAS-10S3KS-IDRAS-10S3AS-ID,Non-Inverter,841.51,7914.61,9.41,2,2457.21,"3,604,725.90",118.014.2.03.091.16.0190,,,120,
Toshiba,RAS-13S3KS-IDRAS-13S3AS-ID,RAS-13S3KS-IDRAS-13S3AS-ID,Non-Inverter,1124.42,12165.49,10.82,4,3283.31,"4,816,610.49",118.014.4.04.104.16.0191,,,121,
Toshiba,RAS-18S3KS-IDRAS-18S3AS-ID,RAS-18S3KS-IDRAS-18S3AS-ID,Non-Inverter,1611.63,17048.98,10.58,4,4705.96,"6,903,642.73",118.014.4.05.104.16.0192,,,122,
Toshiba,RAS-24S3KS-IDRAS-24S3AS-ID,RAS-24S3KS-IDRAS-24S3AS-ID,Non-Inverter,2142.17,22526.64,10.52,4,6255.14,"9,176,285.10",118.014.4.06.104.16.0193,,,123,
Daikin,FTV60AXV14/ RV60AXV14;FTV60BXV14/ RV60BXV14,FTV60AXV14/ RV60AXV14;FTV60BXV14/ RV60BXV14,Non-Inverter,2012.60,20908.74,10.39,3,5876.79,"8,621,253.86",119.002.3.45.099.16.198,,,124,
McQuay,M5WM10L;M5WM10P /M5LC10F,M5WM10L;M5WM10P /M5LC10F,Non-Inverter,889.67,8999.39,10.12,3,2597.84,"3,811,026.00",119.016.3.01.099.16.0199,,,125,
McQuay,M5WM15L;M5WM15P /M5LC15F,M5WM15L;M5WM15P /M5LC15F,Non-Inverter,1089.22,10878.70,9.99,3,3180.52,"4,665,826.36",119.016.3.02.099.16.200,,,126,
McQuay,M5WM20L;M5WM20P /M5LC20CL,M5WM20L;M5WM20P /M5LC20CL,Non-Inverter,1752.69,16534.84,9.43,2,5117.85,"7,507,892.99",119.016.2.03.091.16.201,,,127,
McQuay,M5WM25L;M5WM25P /M5LC25CL,M5WM25L;M5WM25P /M5LC25CL,Non-Inverter,2007.30,20014.62,9.97,3,5861.32,"8,598,550.57",119.016.3.04.099.16.202,,,128,
Sanken,EL-06R4DEL-06R4L,EL-06R4DEL-06R4L,Non-Inverter,338.00,4500.00,13.30,4,986.96,"1,447,870.32",118.017.4.01.104.16.0203,,,129,
Sanken,EL-P06R4DEL-P06R4L,EL-P06R4DEL-P06R4L,Non-Inverter,338.00,4500.00,13.30,4,986.96,"1,447,870.32",118.017.4.02.104.16.0204,,,130,
Sanken,EL-10R4DEL-10R4L,EL-10R4DEL-10R4L,Non-Inverter,722.00,8100.00,11.20,4,2108.24,"3,092,788.08",118.017.4.03.104.16.0205,,,131,
Sanken,EL-P10R4DEL-P10R4L,EL-P10R4DEL-P10R4L,Non-Inverter,722.00,8100.00,11.20,4,2108.24,"3,092,788.08",118.017.4.04.104.16.0206,,,132,
Sanken,EC-05R4DEC-05R4L,EC-05R4DEC-05R4L,Non-Inverter,416.00,4470.00,10.75,4,1214.72,"1,781,994.24",118.017.4.05.104.16.0207,,,133,
Sanken,EC-09R4DEC-09R4L,EC-09R4DEC-09R4L,Non-Inverter,917.00,8750.00,9.54,2,2677.64,"3,928,097.88",118.017.2.06.091.16.0208,,,134,
Mitsubishi Heavy Industries,5000 BTU/h (SRK/C05CR-S3),5000 BTU/h (SRK/C05CR-S3),Non-Inverter,490.00,4511.53,10.63,4,1430.80,"2,098,983.60",011.015.4.04.104.16.0212,,,135,
Mitsubishi Heavy Industries,8530 BTU/h,8530 BTU/h,Non-Inverter,925.00,7889.21,9.05,2,2701.00,"3,962,367.00",011.015.2.05.091.16.0213,,,136,
Mitsubishi Heavy Industries,9213 BTU/h (SRK/C10CRS-S3),9213 BTU/h (SRK/C10CRS-S3),Non-Inverter,740.00,8589.04,11.80,4,2160.80,"3,169,893.60",011.015.4.06.104.16.0214,,,137,
Mitsubishi Heavy Industries,11771 BTU/h (SRK/C12CR-S3),11771 BTU/h (SRK/C12CR-S3),Non-Inverter,1120.00,11194.69,10.13,3,3270.40,"4,797,676.80",011.015.3.07.099.16.0215,,,138,
Mitsubishi Heavy Industries,9000 BTU/h (SRK/C09CRR-S3),9000 BTU/h (SRK/C09CRR-S3),Non-Inverter,868.00,8122.67,10.03,3,2534.56,"3,718,199.52",011.015.3.08.099.16.0216,,,139,
Mitsubishi Heavy Industries,12283 BTU/h (SRK/C13CRS-S3),12283 BTU/h (SRK/C13CRS-S3),Non-Inverter,1000.00,11391.94,11.25,4,2920.00,"4,283,640.00",011.015.4.09.104.16.0217,,,140,
Mitsubishi Heavy Industries,17413 - 18425 BTU/h (SRK/C18CS-S3),17413 - 18425 BTU/h (SRK/C18CS-S3),Non-Inverter,1460.00,17742.79,11.90,4,4263.20,"6,254,114.40",011.015.4.10.104.16.0218,,,141,
Mitsubishi Heavy Industries,24266 - 25249 BTU/h (SRK/C24CS-S3),24266 - 25249 BTU/h (SRK/C24CS-S3),Non-Inverter,2605.00,24878.95,11.97,4,7606.60,"11,158,882.20",011.015.4.11.104.16.0219,,,142,
Sharp,AH-A5UDL /AU-A5UDL,AH-A5UDL /AU-A5UDL,Non-Inverter,365.34,4682.46,12.82,4,1066.79,"1,564,985.04",118.008.4.23.104.16.0220,,,143,
Denpoo,DDS-05 CNI,DDS-05 CNI,Non-Inverter,398.90,4601.95,11.54,4,1164.79,"1,708,744.00",119.018.4.01.104.16.0223,,,144,
Denpoo,DDS-05 CI,DDS-05 CI,Non-Inverter,392.95,4418.58,11.25,4,1147.41,"1,683,256.34",119.018.4.02.104.16.0224,,,145,
Denpoo,DDS-09 CNI,DDS-09 CNI,Non-Inverter,860.80,9102.57,10.57,4,2513.54,"3,687,357.31",119.018.4.03.104.16.0225,,,146,
Denpoo,DDS-12 CNI,DDS-12 CNI,Non-Inverter,1060.90,11210.59,10.57,4,3097.83,"4,544,513.68",119.018.4.04.104.16.0226,,,147,
Denpoo,DDS-18 CNI,DDS-18 CNI,Non-Inverter,1714.98,17964.06,10.47,4,5007.74,"7,346,356.93",119.018.4.05.104.16.0227,,,148,
Denpoo,DDS-199 CI,DDS-199 CI,Non-Inverter,688.25,7307.88,10.62,4,2009.69,"2,948,215.23",119.018.4.06.104.16.0228,,,149,
Gree,GWC-07MOO/IGWC-07MOO/O,GWC-07MOO/IGWC-07MOO/O,Non-Inverter,731.00,6841.00,9.35,2,2134.52,"3,131,340.84",118.019.2.01.091.16.0229,,,150,
Gree,Indoor GWC-09MOO/I Outdoor GWC-09MOO/O,Indoor GWC-09MOO/I Outdoor GWC-09MOO/O,Non-Inverter,887.10,8592.10,9.69,2,2590.33,"3,800,017.04",118.019.2.02.091.16.0230,,,151,
Gree,Indoor GWC-12MOO/I Outdoor GWC-12MOO/O,Indoor GWC-12MOO/I Outdoor GWC-12MOO/O,Non-Inverter,1055.00,11126.50,10.55,4,3080.60,"4,519,240.20",118.019.4.03.104.16.0231,,,152,
Gree,Indoor GWC-18MOO/I Outdoor GWC-18MOO/O,Indoor GWC-18MOO/I Outdoor GWC-18MOO/O,Non-Inverter,1721.00,17513.80,10.18,3,5025.32,"7,372,144.44",118.019.3.04.099.16.0232,,,153,
Gree,Indoor GWC-24MOO/I Outdoor GWC-24MOO/O,Indoor GWC-24MOO/I Outdoor GWC-24MOO/O,Non-Inverter,2078.00,21260.10,10.23,3,6067.76,"8,901,403.92",118.019.3.05.099.16.0233,,,154,
Gree,Indoor GWC-05MOO/I Outdoor GWC-05MOO/O,Indoor GWC-05MOO/I Outdoor GWC-05MOO/O,Non-Inverter,590.90,5327.50,9.02,2,1725.43,"2,531,202.88",118.019.2.06.091.16.0234,,,155,
Gree,Indoor GWC-18COO/I Outdoor GWC-18COO/O,Indoor GWC-18COO/I Outdoor GWC-18COO/O,Non-Inverter,1549.00,17759.50,11.47,4,4523.08,"6,635,358.36",118.019.4.07.104.16.0235,,,156,
Gree,Indoor GWC-05COO/I Outdoor GWC-05COO/O,Indoor GWC-05COO/I Outdoor GWC-05COO/O,Non-Inverter,341.70,4531.00,13.26,4,997.76,"1,463,719.79",118.019.4.08.104.16.0236,,,157,
Gree,Indoor GWC-09COO/I Outdoor GWC-09COO/O,Indoor GWC-09COO/I Outdoor GWC-09COO/O,Non-Inverter,710.90,8416.10,11.84,4,2075.83,"3,045,239.68",118.019.4.09.104.16.0237,,,158,
Gree,Indoor GWC-12COO/I Outdoor GWC-12COO/O,Indoor GWC-12COO/I Outdoor GWC-12COO/O,Non-Inverter,1044.00,12109.20,11.60,4,3048.48,"4,472,120.16",118.019.4.10.104.16.0238,,,159,
Gree,Indoor GWC-07COO/I Outdoor GWC-07COO/O,Indoor GWC-07COO/I Outdoor GWC-07COO/O,Non-Inverter,551.70,7002.50,12.69,4,1610.96,"2,363,284.19",118.019.4.11.104.16.0239,,,160,
Fujiaire,Wall Mounted 1 PK(FW10CIJ-2A1V;FL10CIJ-2A1N),Wall Mounted 1 PK(FW10CIJ-2A1V;FL10CIJ-2A1N),Non-Inverter,884.10,8801.00,10.47,4,2581.57,"3,787,166.12",119.020.4.01.104.16.0243,,,161,
Fujiaire,"Wall Mounted 1,5 PK(FW15CIJ-2A1V;FL15CIJ-2A1N)","Wall Mounted 1,5 PK(FW15CIJ-2A1V;FL15CIJ-2A1N)",Non-Inverter,1089.00,11962.00,10.98,4,3179.88,"4,664,883.96",119.020.4.02.104.16.0244,,,162,
Fujiaire,Wall Mounted 2 PK(FW20CIJ-2A1V;FL20CIJ-2A1N),Wall Mounted 2 PK(FW20CIJ-2A1V;FL20CIJ-2A1N),Non-Inverter,1845.00,18489.00,10.02,3,5387.40,"7,903,315.80",119.020.3.03.099.16.0245,,,163,
Fujiaire,"Wall Mounted 2,5 PK(FW25CIJ-2A1V;FL25CIJ-2A1N)","Wall Mounted 2,5 PK(FW25CIJ-2A1V;FL25CIJ-2A1N)",Non-Inverter,2143.00,22435.00,10.47,4,6257.56,"9,179,840.52",119.020.4.04.104.16.0246,,,164,
Aqua,AQA-KC105AGC6,AQA-KC105AGC6,Non-Inverter,343.30,4189.54,12.20,4,1002.44,"1,470,573.61",119.021.4.01.104.16.0247,,,165,
Aqua,AQA-KC105AG6,AQA-KC105AG6,Non-Inverter,575.90,5341.94,9.28,2,1681.63,"2,466,948.28",119.021.2.02.091.16.0248,,,166,
Aqua,AQA-KC109AG6,AQA-KC109AG6,Non-Inverter,977.50,8753.75,10.13,3,2854.30,"4,187,258.10",119.021.3.03.099.16.0249,,,167,
Aqua,AQA-KC112AG6,AQA-KC112AG6,Non-Inverter,1063.10,10862.29,10.21,3,3104.25,"4,553,937.68",119.021.3.04.099.16.0250,,,168,
Aqua,AQA-KC118AG6,AQA-KC118AG6,Non-Inverter,1715.70,16841.14,9.81,2,5009.84,"7,349,441.15",119.021.2.05.091.16.0251,,,169,
Gree,GWC05NAS,GWC05NAS,Non-Inverter,547.00,5179.42,9.17,2,1597.24,"2,343,151.08",011.022.2.01.091.16.0252,,,170,
Gree,GWC07NAS,GWC07NAS,Non-Inverter,720.00,7194.80,9.85,2,2102.40,"3,084,220.80",011.022.2.02.091.16.0253,,,171,
Gree,GWC09NAS,GWC09NAS,Non-Inverter,850.00,8528.13,9.99,3,2482.00,"3,641,094.00",011.022.3.03.099.16.0254,,,172,
Gree,GWC12NAS,GWC12NAS,Non-Inverter,1070.00,10753.77,9.89,2,3124.40,"4,583,494.80",011.022.2.04.091.16.0255,,,173,
Gree,GWC18NAS,GWC18NAS,Non-Inverter,1832.00,17691.44,10.41,4,5349.44,"7,847,628.48",011.022.4.05.104.16.0256,,,174,
Gree,GWC24NAS,GWC24NAS,Non-Inverter,2140.00,21226.90,10.04,3,6248.80,"9,166,989.60",011.022.3.06.099.16.0257,,,175,
Gree,GWC05LWS,GWC05LWS,Non-Inverter,320.00,4359.56,13.26,4,934.40,"1,370,764.80",011.022.4.07.104.16.0258,,,176,
Gree,GWC07LWS,GWC07LWS,Non-Inverter,520.00,6413.86,12.17,4,1518.40,"2,227,492.80",011.022.4.08.104.16.0259,,,177,
Gree,GWC09LWS,GWC09LWS,Non-Inverter,680.00,8740.83,12.42,4,1985.60,"2,912,875.20",011.022.4.09.104.16.0260,,,178,
Gree,Indoor GWC-24COO/I Outdoor GWC-24COO/O,Indoor GWC-24COO/I Outdoor GWC-24COO/O,Non-Inverter,2338.70,23058.20,9.86,2,6829.00,"10,018,148.87",118.011.2.16.091.16.0264,,,179,
Honshu,HSM93,HSM93,Non-Inverter,945.00,8161.50,8.63,1,2759.40,"4,048,039.80",118.024.1.01.085.16.0269,,,180,
Honshu,HSD6000,HSD6000,Non-Inverter,416.00,4510.60,10.84,4,1214.72,"1,781,994.24",118.024.4.02.104.16.0270,,,181,
Honshu,HSD6006,HSD6006,Non-Inverter,365.00,4531.10,12.41,4,1065.80,"1,563,528.60",118.024.4.03.104.16.0271,,,182,
Honshu,HSD7006,HSD7006,Non-Inverter,671.75,6844.40,10.19,3,1961.51,"2,877,535.17",118.024.3.04.099.16.0272,,,183,
Honshu,HSD9000,HSD9000,Non-Inverter,800.77,8096.60,10.11,3,2338.25,"3,430,210.40",118.024.3.05.099.16.0273,,,184,
Honshu,HSD9006,HSD9006,Non-Inverter,733.78,8097.60,11.01,4,2142.64,"3,143,249.36",118.024.4.06.104.16.0274,,,185,
Honshu,HSD12006,HSD12006,Non-Inverter,1185.74,11942.00,10.07,3,3462.36,"5,079,283.29",118.024.3.07.099.16.0275,,,186,
Honshu,HSD18006,HSD18006,Non-Inverter,1770.62,17820.80,10.06,3,5170.21,"7,584,698.66",118.024.3.08.099.16.0276,,,187,
Honshu,HSD23006,HSD23006,Non-Inverter,2368.70,23643.00,10.06,3,6916.60,"10,146,658.07",118.024.3.09.099.16.0277,,,188,
AUX,ASW-05B4/FOR1,ASW-05B4/FOR1,Non-Inverter,350.00,5000.00,11.18,4,1022.00,"1,499,274.00",104.025.4.01.104.16.0278,,,189,
AUX,ASW-05A4/FAR1,ASW-05A4/FAR1,Non-Inverter,540.00,5000.00,10.52,4,1576.80,"2,313,165.60",104.025.4.02.104.16.0279,,,190,
AUX,ASW-07A4/FAR1,ASW-07A4/FAR1,Non-Inverter,720.00,7000.00,10.44,4,2102.40,"3,084,220.80",104.025.4.03.104.16.0280,,,191,
AUX,ASW-09A4/FAR1,ASW-09A4/FAR1,Non-Inverter,900.00,9000.00,10.50,4,2628.00,"3,855,276.00",104.025.4.04.104.16.0281,,,192,
AUX,ASW-18A4/FAR1,ASW-18A4/FAR1,Non-Inverter,1800.00,18000.00,10.47,4,5256.00,"7,710,552.00",104.025.4.05.104.16.0282,,,193,
Elba,EA 60 A,EA 60 A,Non-Inverter,398.06,4460.81,11.20,4,1162.34,"1,705,145.74",119.026.4.01.104.16.0283,,,194,
Elba,EA 80 A,EA 80 A,Non-Inverter,886.90,7654.85,8.63,1,2589.75,"3,799,160.32",119.026.1.02.085.16.0284,,,195,
Haier,HSU-09ECO03/LW,HSU-09ECO03/LW,Non-Inverter,741.60,8143.00,10.98,4,2165.47,"3,176,747.42",119.012.4.10.104.16.0285,,,196,
Electrolux,Everest 05,Everest 05,Non-Inverter,396.00,4776.00,12.06,4,1156.32,"1,696,321.44",118.007.4.09.104.16.0286,,,197,
Electrolux,Polar 05,Polar 05,Non-Inverter,396.00,4776.00,12.06,4,1156.32,"1,696,321.44",118.007.4.10.104.16.0287,,,198,
Electrolux,Everest 09,Everest 09,Non-Inverter,793.00,8656.00,10.92,4,2315.56,"3,396,926.52",118.007.4.11.104.16.0288,,,199,
Electrolux,Polar 09,Polar 09,Non-Inverter,793.00,8656.00,10.92,4,2315.56,"3,396,926.52",118.007.4.12.104.16.0289,,,200,
Electrolux,Polar 12,Polar 12,Non-Inverter,1030.00,11321.00,10.99,4,3007.60,"4,412,149.20",118.007.4.13.104.16.0290,,,201,
Electrolux,Polar 18,Polar 18,Non-Inverter,1553.00,16865.00,10.86,4,4534.76,"6,652,492.92",118.007.4.14.104.16.0291,,,202,
Toshiba,RAS-05BKS-ID / RAS-05BAS-ID,RAS-05BKS-ID / RAS-05BAS-ID,Non-Inverter,389.00,4695.00,12.07,4,1135.88,"1,666,335.96",118.014.4.11.104.16.0292,,,203,
Toshiba,RAS-07BKS-ID / RAS-07BAS-ID,RAS-07BKS-ID / RAS-07BAS-ID,Non-Inverter,690.00,7482.00,10.84,4,2014.80,"2,955,711.60",118.014.4.12.104.16.0293,,,204,
Toshiba,RAS-10BKS-ID / RAS-10BAS-ID,RAS-10BKS-ID / RAS-10BAS-ID,Non-Inverter,807.00,8892.00,11.02,4,2356.44,"3,456,897.48",118.014.4.13.104.16.0294,,,205,
Toshiba,RAS-13BKS-ID / RAS-13BAS-ID,RAS-13BKS-ID / RAS-13BAS-ID,Non-Inverter,1029.00,11464.00,11.14,4,3004.68,"4,407,865.56",118.014.4.14.104.16.0295,,,206,
Toshiba,RAS-18BKS-ID / RAS-18BAS-ID,RAS-18BKS-ID / RAS-18BAS-ID,Non-Inverter,1708.00,17776.50,10.40,4,4987.36,"7,316,457.12",118.014.4.15.104.16.0296,,,207,
Toshiba,RAS-24BKS-ID / RAS-24BAS-ID,RAS-24BKS-ID / RAS-24BAS-ID,Non-Inverter,2022.00,22522.00,11.14,4,5904.24,"8,661,520.08",118.014.4.16.104.16.0297,,,208,
Carrier,42KHD005N16 / 38KHD005N16,42KHD005N16 / 38KHD005N16,Non-Inverter,389.00,4695.00,12.07,4,1135.88,"1,666,335.96",118.014.4.17.104.16.0298,,,209,
Carrier,42KHD007N16 / 38KHD007N16,42KHD007N16 / 38KHD007N16,Non-Inverter,690.00,7482.00,10.84,4,2014.80,"2,955,711.60",118.014.4.18.104.16.0299,,,210,
Carrier,42KHD009N16 / 38KHD009N16,42KHD009N16 / 38KHD009N16,Non-Inverter,807.00,8892.00,11.02,4,2356.44,"3,456,897.48",118.014.4.19.104.16.0300,,,211,
Carrier,42KHD012N16 / 38KHD012N16,42KHD012N16 / 38KHD012N16,Non-Inverter,1029.00,11464.00,11.14,4,3004.68,"4,407,865.56",118.014.4.20.104.16.0301,,,212,
Carrier,42KHD018N16 / 38KHD018N16,42KHD018N16 / 38KHD018N16,Non-Inverter,1708.00,17776.50,10.40,4,4987.36,"7,316,457.12",118.014.4.21.104.16.0302,,,213,
Carrier,42KHD024N16 / 38KHD024N16,42KHD024N16 / 38KHD024N16,Non-Inverter,2022.00,22522.00,11.14,4,5904.24,"8,661,520.08",118.014.4.22.104.16.0303,,,214,
TECO,LS05401IDW / LT05401IDW,LS05401IDW / LT05401IDW,Non-Inverter,410.00,4387.00,10.70,4,1197.20,"1,756,292.40",119.028.4.01.104.16.0304,,,215,
TECO,LS09401ID / LT09401ID,LS09401ID / LT09401ID,Non-Inverter,741.70,8182.00,11.02,4,2165.76,"3,177,175.79",119.028.4.02.104.16.0305,,,216,
TECO,LS09401IDW / LT09401IDW,LS09401IDW / LT09401IDW,Non-Inverter,745.30,8227.00,11.05,4,2176.28,"3,192,596.89",119.028.4.03.104.16.0306,,,217,
TECO,LS12401ID / LT12401ID,LS12401ID / LT12401ID,Non-Inverter,1281.80,11714.00,9.10,2,3742.86,"5,490,769.75",119.028.2.04.091.16.0307,,,218,
TECO,LS18401ID / LT18401ID,LS18401ID / LT18401ID,Non-Inverter,1935.40,17883.00,9.20,2,5651.37,"8,290,556.86",119.028.2.05.091.16.0308,,,219,
Sanken,ESA-05D/ESA-05L,ESA-05D/ESA-05L,Non-Inverter,397.00,4607.00,11.60,4,1159.24,"1,700,605.08",118.017.4.07.104.16.0309,,,220,
Sanken,ESA-07D/ESA-07L,ESA-07D/ESA-07L,Non-Inverter,733.00,7060.00,9.63,2,2140.36,"3,139,908.12",118.017.2.08.091.16.0310,,,221,
Sanken,ESA-09D/ESA-09L,ESA-09D/ESA-09L,Non-Inverter,887.00,9324.00,10.51,4,2590.04,"3,799,588.68",118.017.4.09.104.16.0311,,,222,
Sanken,ESA-12D/ESA-12L,ESA-12D/ESA-12L,Non-Inverter,1043.00,11368.00,10.90,4,3045.56,"4,467,836.52",118.017.4.10.104.16.0312,,,223,
Sanken,ESA-18D/ESA-18L,ESA-18D/ESA-18L,Non-Inverter,1747.00,16864.00,9.65,2,5101.24,"7,483,519.08",118.017.4.11.091.16.0313,,,224,
Gree,GWC-09UCR/I & GWC-09UCR/O,GWC-09UCR/I & GWC-09UCR/O,Non-Inverter,687.70,9015.10,17.21,4,2008.08,"2,945,859.23",118.019.4.14.104.16.0315,,,225,
Changhong,CSC-05,CSC-05,Non-Inverter,389.00,4857.60,12.50,4,1135.88,"1,666,335.96",118.029.4.01.104.16.0318,,,226,
Changhong,CSC-09,CSC-09,Non-Inverter,784.00,9253.30,11.80,4,2289.28,"3,358,373.76",118.029.4.02.104.16.0319,,,227,
TCL,TAC-05CSA/BY,TAC-05CSA/BY,Non-Inverter,412.93,4565.88,11.06,4,1205.76,"1,768,843.47",118.031.4.01.104.17.0001,,,228,
TCL,TAC-09CSA/BY,TAC-09CSA/BY,Non-Inverter,840.08,8687.06,10.58,4,2453.03,"3,598,600.29",118.031.4.02.104.17.0002,,,229,
TCL,TAC-06CSA/KA,TAC-06CSA/KA,Non-Inverter,365.29,4780.18,13.08,4,1066.65,"1,564,770.86",118.031.4.03.104.17.0003,,,230,
TCL,TAC-09CSA/KA,TAC-09CSA/KA,Non-Inverter,766.90,8516.55,11.11,4,2239.35,"3,285,123.52",118.031.4.04.104.17.0004,,,231,
Aqua,AQA-KC105AGE6,AQA-KC105AGE6,Non-Inverter,358.00,4056.39,11.33,4,1045.36,"1,533,543.12",119.021.4.06.104.17.0005,,,232,
Aqua,AQA-KC205AGE3,AQA-KC205AGE3,Non-Inverter,358.00,4056.39,11.33,4,1045.36,"1,533,543.12",119.021.4.07.104.17.0006,,,233,
Akari,AC-91200GLWi/k,AC-91200GLWi/k,Non-Inverter,1099.50,9550.01,8.70,1,3210.54,"4,709,862.18",119.010.1.03.085.17.0007,,,234,
Akari,AC-91800GLWi/k,AC-91800GLWi/k,Non-Inverter,1540.80,14753.25,9.58,2,4499.14,"6,600,232.51",119.010.2.04.091.17.0008,,,235,
COOCAA,SMFC05A-1AA1NB /SMFC05A-2AA1NB,SMFC05A-1AA1NB /SMFC05A-2AA1NB,Non-Inverter,335.00,4441.72,12.38,4,978.20,"1,435,019.40",011.022.4.13.104.17.0009,,,236,
COOCAA,SMFC07A-2AA1NB /SMFC07A-1AA1NA,SMFC07A-2AA1NB /SMFC07A-1AA1NA,Non-Inverter,500.00,6373.93,12.10,4,1460.00,"2,141,820.00",011.022.4.14.104.17.0010,,,237,
COOCAA,SMFC09A-1AA1NA /SMFC09A-2AA1NB,SMFC09A-1AA1NA /SMFC09A-2AA1NB,Non-Inverter,970.00,8539.74,10.09,3,2832.40,"4,155,130.80",011.022.3.15.099.17.0011,,,238,
COOCAA,SMFC12A-3AA1NA,SMFC12A-3AA1NA,Non-Inverter,1279.00,11642.89,9.89,2,3734.68,"5,478,775.56",011.022.2.16.091.17.0012,,,239,
COOCAA,SMFC18A-4AA1NA,SMFC18A-4AA1NA,Non-Inverter,1918.00,17386.77,10.19,3,5600.56,"8,216,021.52",011.022.3.17.099.17.0013,,,240,
COOCAA,SMFC24A-4AA1NA,SMFC24A-4AA1NA,Non-Inverter,2220.00,21390.13,10.19,3,6482.40,"9,509,680.80",011.022.3.18.099.17.0014,,,241,
Changhong,CSC-12,CSC-12,Non-Inverter,1100.00,11860.10,10.78,4,3212.00,"4,712,004.00",118.029.4.03.104.17.0015,,,242,
Changhong,CSC-18,CSC-18,Non-Inverter,1545.50,16227.50,10.50,4,4512.86,"6,620,365.62",118.029.4.04.104.17.0016,,,243,
Changhong,CSC-07,CSC-07,Non-Inverter,642.00,7765.00,12.10,4,1874.64,"2,750,096.88",118.029.4.05.104.17.0025,,,244,
Gree,Indoor GWC-05MOO2/I Outdoor GWC-05MOO2/O,Indoor GWC-05MOO2/I Outdoor GWC-05MOO2/O,Non-Inverter,351.00,4245.00,12.10,4,1024.92,"1,503,557.64",118.011.4.17.104.17.0028,,,245,
Midea,MSOC-05CRLN2 (I) /MSOC-05CRLN2 (O),MSOC-05CRLN2 (I) /MSOC-05CRLN2 (O),Non-Inverter,329.00,4445.00,13.51,4,960.68,"1,409,317.56",118.013.4.23.104.17.0029,,,246,
Midea,MSBM-05CRLN2(I) /MSBM-05CRLN2(O),MSBM-05CRLN2(I) /MSBM-05CRLN2(O),Non-Inverter,329.00,4445.00,13.51,4,960.68,"1,409,317.56",118.013.4.24.104.17.0030,,,247,
Midea,MSFO-05CRLN2(I) /MSFO-05CRLN2(O),MSFO-05CRLN2(I) /MSFO-05CRLN2(O),Non-Inverter,331.00,4330.00,13.08,4,966.52,"1,417,884.84",118.013.4.25.104.17.0031,,,248,
Haier,AQA-K107AG6 /AQA-C107AG6,AQA-K107AG6 /AQA-C107AG6,Non-Inverter,747.60,7407.46,9.91,2,2182.99,"3,202,449.26",119.021.2.08.091.17.0032,,,249,
Haier,AQA-K109AGC6 /AQA-C109AGC6,AQA-K109AGC6 /AQA-C109AGC6,Non-Inverter,709.80,8796.01,12.39,4,2072.62,"3,040,527.67",119.021.4.09.104.17.0033,,,250,
Midea,MSOC-09CRLN2(I) /MSOC-09CRLN2(O),MSOC-09CRLN2(I) /MSOC-09CRLN2(O),Non-Inverter,688.00,8851.00,12.86,4,2008.96,"2,947,144.32",118.013.4.26.104.17.0034,,,251,
Midea,MSBM-09CRLN2(I) /MSBM-09CRLN2(O),MSBM-09CRLN2(I) /MSBM-09CRLN2(O),Non-Inverter,688.00,8851.00,12.86,4,2008.96,"2,947,144.32",118.013.4.27.104.17.0035,,,252,
Midea,MSFO-09CRLN2(I) /MSFO-09CRLN2(O),MSFO-09CRLN2(I) /MSFO-09CRLN2(O),Non-Inverter,689.00,8649.00,12.55,4,2011.88,"2,951,427.96",118.013.4.28.104.17.0036,,,253,
Midea,MSBN-05CRN1 (I) /MSBN-05CRN1 (O),MSBN-05CRN1 (I) /MSBN-05CRN1 (O),Non-Inverter,395.00,4644.00,11.76,4,1153.40,"1,692,037.80",118.013.4.26.104.17.0039,,,254,
Midea,MSBN-09CRN1 (I) /MSBN-09CRN1 (O),MSBN-09CRN1 (I) /MSBN-09CRN1 (O),Non-Inverter,894.00,8716.00,9.75,2,2610.48,"3,829,574.16",118.013.2.27.091.17.0040,,,255,
Midea,MSBN-18CRN1 (I) /MSBN-18CRN1 (O),MSBN-18CRN1 (I) /MSBN-18CRN1 (O),Non-Inverter,1715.00,17116.00,9.98,2,5007.80,"7,346,442.60",118.013.2.28.091.17.0041,,,256,
DR Kuhler ,GWC12NAS ,GWC12NAS ,Non-Inverter,1070.00,11003.96,10.82,4,3124.40,"4,583,494.80",011.030.4.01.104.17.0042,,,257,
DR Kuhler ,GWC18NAS,GWC18NAS,Non-Inverter,1832.00,17573.94,10.55,4,5349.44,"7,847,628.48",011.030.4.02.104.17.0043,,,258,
Gree,Indoor GWC-05C3/IOutdoor GWC-05C3/O,Indoor GWC-05C3/IOutdoor GWC-05C3/O,Non-Inverter,320.00,4451.60,13.90,4,934.40,"1,370,764.80",118.011.4.18.104.17.0044,,,259,
Gree,Indoor GWC-09C3/IOutdoor GWC-09C3/O,Indoor GWC-09C3/IOutdoor GWC-09C3/O,Non-Inverter,692.00,8150.00,11.78,4,2020.64,"2,964,278.88",118.011.4.18.104.17.0045,,,260,
Aqua,AQA-KC205AGC3,AQA-KC205AGC3,Non-Inverter,333.77,4392.17,13.16,4,974.61,"1,429,750.52",118.021.4.10.104.17.0046,,,261,
Aqua,AQA-KC205AG3,AQA-KC205AG3,Non-Inverter,574.30,5264.42,9.18,2,1676.96,"2,460,094.45",118.021.2.11.104.17.0047,,,262,
Aqua,AQA-KC209AG3,AQA-KC209AG3,Non-Inverter,855.50,8818.26,10.30,3,2498.06,"3,664,654.02",118.021.3.12.104.17.0048,,,263,
Elba,EA 90 A,EA 90 A,Non-Inverter,886.90,8308.15,9.36,2,2589.75,"3,799,160.32",119.026.2.03.091.16.0049,,,264,
Elba,EA 120 A,EA 120 A,Non-Inverter,1125.30,11749.00,10.44,4,3285.88,"4,820,380.09",119.026.4.04.104.16.0050,,,265,
Elba,EA 180 A,EA 180 A,Non-Inverter,1894.70,17290.97,9.12,2,5532.52,"8,116,212.71",119.026.2.05.091.16.0051,,,266,
Sharp,AH-A5UCY /AU-A5UCY;AH-A5VEY /AU-A5VEY;,AH-A5UCY /AU-A5UCY;AH-A5VEY /AU-A5VEY;,Non-Inverter,327.90,4369.30,13.33,4,957.47,"1,404,605.56",118.008.4.30.104.17.0052,,,267,
Sharp,AH-A7UCY /AU-A7UCY;AH-A7VEY /AU-A7VEY,AH-A7UCY /AU-A7UCY;AH-A7VEY /AU-A7VEY,Non-Inverter,522.40,6074.60,11.63,4,1525.41,"2,237,773.54",118.008.4.31.104.17.0053,,,268,
Sharp,AH-A9UCY /AU-A9UCY;AH-A9VEY /AU-A9VEY,AH-A9UCY /AU-A9UCY;AH-A9VEY /AU-A9VEY,Non-Inverter,689.50,7962.20,11.55,4,2013.34,"2,953,569.78",118.008.4.32.104.17.0054,,,269,
Sharp,AH-A12UCY /AU-A12UCY;AH-A12VEY /AU-A12VEY,AH-A12UCY /AU-A12UCY;AH-A12VEY /AU-A12VEY,Non-Inverter,1010.90,12311.70,12.18,4,2951.83,"4,330,331.68",118.008.4.33.104.17.0055,,,270,
Sharp,AH-A18UCY /AU-A18UCY,AH-A18UCY /AU-A18UCY,Non-Inverter,1551.00,18046.07,11.64,4,4528.92,"6,643,925.64",118.008.4.34.104.17.0056,,,271,
Sharp,AH-A24UCY /AU-A24UCY,AH-A24UCY /AU-A24UCY,Non-Inverter,2137.70,23981.10,11.22,4,6242.08,"9,157,137.23",118.008.4.35.104.17.0057,,,272,
Gree,GWC-07C3/I /GWC-07C3/O,GWC-07C3/I /GWC-07C3/O,Non-Inverter,499.10,6378.40,12.80,4,1457.37,"2,137,964.72",118.011.4.20.104.17.0060,,,273,
Gree,GWC-12C3/I /GWC-12C3/O,GWC-12C3/I /GWC-12C3/O,Non-Inverter,1010.90,12311.50,12.10,4,2951.83,"4,330,331.68",118.011.4.21.104.17.0061,,,274,
Gree,GWC-18C3/I / GWC-18C3/O,GWC-18C3/I / GWC-18C3/O,Non-Inverter,1540.00,17605.92,11.43,4,4496.80,"6,596,805.60",118.011.4.22.104.17.0062,,,275,
Gree,GWC-24C3/I /GWC-24C3/O,GWC-24C3/I /GWC-24C3/O,Non-Inverter,2137.70,23981.20,11.20,4,6242.08,"9,157,137.23",118.011.4.23.104.17.0063,,,276,
TCL,TAC-05CSA/LE,TAC-05CSA/LE,Non-Inverter,400.00,5000.00,10.94,4,1168.00,"1,713,456.00",118.031.4.05.104.17.0067,,,277,
TCL,TAC-09CSA/LE,TAC-09CSA/LE,Non-Inverter,840.00,9000.00,10.60,4,2452.80,"3,598,257.60",118.031.4.06.104.17.0068,,,278,
TCL,TAC-06CSA/JE,TAC-06CSA/JE,Non-Inverter,360.00,5500.00,12.40,4,1051.20,"1,542,110.40",118.031.4.07.104.17.0069,,,279,
TCL,TAC-09CSA/JE,TAC-09CSA/JE,Non-Inverter,680.00,9500.00,11.72,4,1985.60,"2,912,875.20",118.031.4.08.104.17.0070,,,280,
TCL,TAC-12CSA/JE,TAC-12CSA/JE,Non-Inverter,1000.00,12000.00,11.25,4,2920.00,"4,283,640.00",118.031.4.09.104.17.0071,,,281,
TCL,TAC-18CSA/JE,TAC-18CSA/JE,Non-Inverter,1400.00,18000.00,10.95,4,4088.00,"5,997,096.00",118.031.4.10.104.17.0072,,,282,
TCL,TAC-24CSA/JE,TAC-24CSA/JE,Non-Inverter,1800.00,23000.00,10.93,4,5256.00,"7,710,552.00",118.031.4.11.104.17.0073,,,283,
Gree,GWC05LWS,GWC05LWS,Non-Inverter,320.00,4356.10,13.17,4,934.40,"1,370,764.80",011.030.4.03.104.17.0074,,,284,
Gree,GWC07LWS,GWC07LWS,Non-Inverter,520.00,6799.58,12.91,4,1518.40,"2,227,492.80",011.030.4.04.104.17.0075,,,285,
Gree,GWC09LWS,GWC09LWS,Non-Inverter,600.00,8415.01,11.92,4,1752.00,"2,570,184.00",011.030.4.05.104.17.0076,,,286,
Gree,GWC05NAS,GWC05NAS,Non-Inverter,547.00,5219.73,9.05,1,1597.24,"2,343,151.08",011.030.1.06.085.17.0077,,,287,
Gree,GWC07NAS,GWC07NAS,Non-Inverter,720.00,6694.98,9.54,2,2102.40,"3,084,220.80",011.030.2.07.091.17.0078,,,288,
Gree,GWC09NAS,GWC09NAS,Non-Inverter,850.00,8402.69,9.74,2,2482.00,"3,641,094.00",011.030.2.08.091.17.0079,,,289,
Gree,GWC12NAS,GWC12NAS,Non-Inverter,1034.00,10986.23,10.73,4,3019.28,"4,429,283.76",011.030.4.09.104.17.0080,,,290,
Gree,GWC18NAS,GWC18NAS,Non-Inverter,1832.00,17574.02,10.30,3,5349.44,"7,847,628.48",011.030.3.10.099.17.0081,,,291,
Gree,GWC24NAS,GWC24NAS,Non-Inverter,2140.00,21648.14,10.24,3,6248.80,"9,166,989.60",011.030.3.11.099.17.0082,,,292,
Akari,AC-0909GLWi/k,AC-0909GLWi/k,Non-Inverter,749.93,7810.07,10.41,4,2189.80,"3,212,430.15",119.010.4.05.104.17.0086,,,293,
Trane,4MCW0530HB00AA / 4TTK0530HB00AA,4MCW0530HB00AA / 4TTK0530HB00AA,Non-Inverter,3160.00,29637.00,9.38,2,9227.20,"13,536,302.40",104.027.2.01.091.17.0087,,,294,
Trane,4MCW0522HB00AA / 4TTK0522HB00AA,4MCW0522HB00AA / 4TTK0522HB00AA,Non-Inverter,2169.00,21231.00,9.79,2,6333.48,"9,291,215.16",104.027.2.02.091.17.0088,,,295,
Trane,4MCW0518HB00AA / 4TTK0518HB00AA,4MCW0518HB00AA / 4TTK0518HB00AA,Non-Inverter,1685.00,16853.00,10.00,3,4920.20,"7,217,933.40",104.027.3.03.099.17.0089,,,296,
Trane,4MCW0509HB00AA / 4TTK0509HB00AA,4MCW0509HB00AA / 4TTK0509HB00AA,Non-Inverter,833.00,8566.00,10.28,3,2432.36,"3,568,272.12",104.027.3.04.099.17.0090,,,297,
Trane,4MCW0512HB00AA / 4TTK0512HB00AA,4MCW0512HB00AA / 4TTK0512HB00AA,Non-Inverter,1047.00,10806.00,10.33,3,3057.24,"4,484,971.08",104.027.3.05.099.17.0091,,,298,
Trane,4MCW3505HB00AA / 4TTK3505HB00AA,4MCW3505HB00AA / 4TTK3505HB00AA,Non-Inverter,396.00,4106.00,10.35,3,1156.32,"1,696,321.44",104.027.3.06.099.17.0092,,,299,
Trane,4MCW3507HB00AA / 4TTK3507HB00AA,4MCW3507HB00AA / 4TTK3507HB00AA,Non-Inverter,598.00,6535.00,10.92,4,1746.16,"2,561,616.72",104.027.4.07.104.17.0093,,,300,
Uchida,MP-S6EF / MP-S6CMP-S6EE / MP-S6CMP-S6EXE / MP-S6CMP-S6EBP / MP-S6CMP-S7EFL / MP-S6C,MP-S6EF / MP-S6CMP-S6EE / MP-S6CMP-S6EXE / MP-S6CMP-S6EBP / MP-S6CMP-S7EFL / MP-S6C,Non-Inverter,590.00,6010.00,9.10,2,1722.80,"2,527,347.60",011.032.2.01.091.17.0094,,,301,
Uchida,MP-S9EFL / MP-S9LWMP-S7EE / MP-S7CMP-S7EXE / MP-S7CMP-S7EBP / MP-S7CMP-S7EF / MP-S7CMP-S9LGM / MP-S9LWMP-S9LGU / MP-S9LWMP-S9LGT / MP-S9LWMP-S9LGV / MP-S9LW,MP-S9EFL / MP-S9LWMP-S7EE / MP-S7CMP-S7EXE / MP-S7CMP-S7EBP / MP-S7CMP-S7EF / MP-S7CMP-S9LGM / MP-S9LWMP-S9LGU / MP-S9LWMP-S9LGT / MP-S9LWMP-S9LGV / MP-S9LW,Non-Inverter,690.00,8600.00,9.56,2,2014.80,"2,955,711.60",011.032.2.02.091.17.0095,,,302,
Uchida,MP-S5LGV / MP-S5LWMP-S5EFL / MP-S5LWMP-S5LGM / MP-S5LWMP-S5LGT / MP-S5LWMP-S5LGU / MP-S5LWMP-S5SGT / MP-S5LWMP-S5SGM / MP-S5LW,MP-S5LGV / MP-S5LWMP-S5EFL / MP-S5LWMP-S5LGM / MP-S5LWMP-S5LGT / MP-S5LWMP-S5LGU / MP-S5LWMP-S5SGT / MP-S5LWMP-S5SGM / MP-S5LW,Non-Inverter,390.00,5000.00,10.02,3,1138.80,"1,670,619.60",011.032.3.03.099.17.0096,,,303,
Uchida,MP-S16EE / MP-S16C,MP-S16EE / MP-S16C,Non-Inverter,1700.00,17180.00,8.57,1,4964.00,"7,282,188.00",011.032.1.04.085.17.0097,,,304,
Uchida,MP-S9EE / MP-S9CMP-S9EXE / MP-S9CMP-S9EBP / MP-S9CMP-S9EF / MP-S9C,MP-S9EE / MP-S9CMP-S9EXE / MP-S9CMP-S9EBP / MP-S9CMP-S9EF / MP-S9C,Non-Inverter,840.00,8600.00,9.32,2,2452.80,"3,598,257.60",011.032.2.05.091.17.0098,,,305,
Uchida,MP-S12EE / MP-S12C,MP-S12EE / MP-S12C,Non-Inverter,1100.00,12000.00,10.52,4,3212.00,"4,712,004.00",011.032.4.06.104.17.0099,,,306,
Uchida,MP-S5EC / MP-S5CE ,MP-S5EC / MP-S5CE ,Non-Inverter,345.00,5000.00,11.85,4,1007.40,"1,477,855.80",011.032.4.07.104.17.0100,,,307,
BESTLIFE,BAC-05BX2,BAC-05BX2,Non-Inverter,380.00,4422.00,11.62,4,1109.60,"1,627,783.20",104.025.4.06.104.17.0101,,,308,
BESTLIFE,BAC-09BX2,BAC-09BX2,Non-Inverter,860.00,8880.00,9.44,2,2511.20,"3,683,930.40",104.025.2.07.091.17.0102,,,309,
BESTLIFE,BAC-12BX2,BAC-12BX2,Non-Inverter,1053.00,10721.00,10.17,3,3074.76,"4,510,672.92",104.025.3.08.099.17.0103,,,310,
BESTLIFE,BAC-18BX2,BAC-18BX2,Non-Inverter,1758.00,17296.00,9.83,2,5133.36,"7,530,639.12",104.025.2.09.091.17.0104,,,311,
AUX,ASW-12A4/FAR1,ASW-12A4/FAR1,Non-Inverter,1060.00,11121.00,10.48,4,3095.20,"4,540,658.40",104.025.4.10.104.17.0105,,,312,
Mitsubishi Electric,Indoor MS-HP10VF Outdoor MU-HP10VF,Indoor MS-HP10VF Outdoor MU-HP10VF,Non-Inverter,805.50,9740.00,12.09,4,2352.06,"3,450,472.02",119.005.4.09.104.17.0106,,,313,
Mitsubishi Electric,Indoor MS-HP13VF Outdoor MU-HP13VF,Indoor MS-HP13VF Outdoor MU-HP13VF,Non-Inverter,1124.90,12898.00,11.46,4,3284.71,"4,818,666.64",119.005.4.10.104.17.0107,,,314,
Mitsubishi Electric,Indoor MS-HP18VF Outdoor MU-HP18VF,Indoor MS-HP18VF Outdoor MU-HP18VF,Non-Inverter,1627.80,18419.00,11.31,4,4753.18,"6,972,909.19",119.005.4.11.104.17.0108,,,315,
Mitsubishi Electric,Indoor MS-HP24VF Outdoor MU-HP24VF,Indoor MS-HP24VF Outdoor MU-HP24VF,Non-Inverter,1882.20,23025.00,12.23,4,5496.02,"8,062,667.21",119.005.4.12.104.17.0109,,,316,
LG,S4-Q07WA5AA (T08EV),S4-Q07WA5AA (T08EV),Non-Inverter,626.40,7308.30,12.14,4,1829.09,"2,683,272.10",118.004.4.21.104.17.0110,,,317,
LG,S4-Q09WA5AA (T10EV),S4-Q09WA5AA (T10EV),Non-Inverter,913.80,9488.70,11.53,4,2668.30,"3,914,390.23",118.004.4.22.104.17.0111,,,318,
Electrolux,Polar 07(ESM07CRK-B2I;ESM07CRK-B2E),Polar 07(ESM07CRK-B2I;ESM07CRK-B2E),Non-Inverter,687.00,7322.00,10.66,4,2006.04,"2,942,860.68",118.007.4.15.104.17.0114,,,319,
Haier,HSU-09GTZ03;HSU-09GTX03;HSU-09IMX03,HSU-09GTZ03;HSU-09GTX03;HSU-09IMX03,Non-Inverter,881.20,8975.90,10.19,3,2573.10,"3,774,743.57",118.012.3.11.099.17.0122,,,320,
Haier,HSU-12GTZ03;HSU-12GTX03;HSU-12IMX03,HSU-12GTZ03;HSU-12GTX03;HSU-12IMX03,Non-Inverter,1168.40,11911.00,10.19,3,3411.73,"5,005,004.98",118.012.3.12.099.17.0123,,,321,
Haier,HSU-18GTZ03;HSU-18GTX03;HSU-18IMX03,HSU-18GTZ03;HSU-18GTX03;HSU-18IMX03,Non-Inverter,1766.90,17875.80,10.12,3,5159.35,"7,568,763.52",118.012.3.13.099.17.0124,,,322,
Haier,HSU-24GTZ03;HSU-24GTX03;HSU-24IMX03,HSU-24GTZ03;HSU-24GTX03;HSU-24IMX03,Non-Inverter,2248.00,22600.10,10.05,3,6564.16,"9,629,622.72",118.012.3.14.099.17.0125,,,323,
Haier,HSU-05LXX03,HSU-05LXX03,Non-Inverter,516.80,5266.80,10.19,3,1509.06,"2,213,785.15",118.012.3.19.099.17.0130,,,324,
Haier,HSU-05GTZ03;HSU-05GTX03;HSU-05IMX03,HSU-05GTZ03;HSU-05GTX03;HSU-05IMX03,Non-Inverter,527.50,5860.80,11.11,4,1540.30,"2,259,620.10",118.012.4.20.104.17.0131,,,325,
Haier,HSU-07GTZ03;HSU-07GTX03;HSU-07IMX03,HSU-07GTZ03;HSU-07GTX03;HSU-07IMX03,Non-Inverter,687.70,7255.30,10.55,4,2008.08,"2,945,859.23",118.012.4.21.104.17.0132,,,326,
Sanken,ELA-06D / ELA-06L,ELA-06D / ELA-06L,Non-Inverter,336.00,4350.30,12.95,4,981.12,"1,439,303.04",118.017.4.13.104.17.0135,,,327,
Sanken,EL-06ELAD / EL-06ELAL,EL-06ELAD / EL-06ELAL,Non-Inverter,336.00,4350.30,12.95,4,981.12,"1,439,303.04",118.017.4.14.104.17.0136,,,328,
Sanken,ELA-10D / ELA-10L,ELA-10D / ELA-10L,Non-Inverter,887.00,9324.00,10.51,4,2590.04,"3,799,588.68",118.017.4.15.104.17.0137,,,329,
Sanken,EL-10ELAD / EL-10ELAL,EL-10ELAD / EL-10ELAL,Non-Inverter,887.00,9324.00,10.51,4,2590.04,"3,799,588.68",118.017.4.16.104.17.0138,,,330,
Sanken,ESA-05D / ESA-05L,ESA-05D / ESA-05L,Non-Inverter,397.00,4607.00,11.60,4,1159.24,"1,700,605.08",118.017.4.17.104.17.0139,,,331,
Sanken,ESA-07D / ESA-07L,ESA-07D / ESA-07L,Non-Inverter,733.00,7060.00,9.63,2,2140.36,"3,139,908.12",118.017.2.18.091.17.0140,,,332,
Sanken,ESA-09D / ESA-09L,ESA-09D / ESA-09L,Non-Inverter,887.00,9324.00,10.51,4,2590.04,"3,799,588.68",118.017.4.19.104.17.0141,,,333,
Panasonic,CU/CS-YN5TKJ;CU/CS-YN5TKJ-1,CU/CS-YN5TKJ;CU/CS-YN5TKJ-1,Non-Inverter,420.30,4692.00,11.16,4,1227.28,"1,800,413.89",119.006.4.11.104.17.0142,,,334,
Panasonic,CU/CS-PN5TKJ,CU/CS-PN5TKJ,Non-Inverter,391.50,5079.00,12.97,4,1143.18,"1,677,045.06",119.006.4.12.104.17.0143,,,335,
Panasonic,CU/CS-KN5TKJ;CU/CS-XN5TKJ,CU/CS-KN5TKJ;CU/CS-XN5TKJ,Non-Inverter,375.00,5041.00,13.44,4,1095.00,"1,606,365.00",119.006.4.13.104.17.0144,,,336,
Panasonic,CU/CS-YN7TKJ;CU/CS-YN7TKJ-1,CU/CS-YN7TKJ;CU/CS-YN7TKJ-1,Non-Inverter,665.40,7179.00,10.79,4,1942.97,"2,850,334.06",119.006.4.14.104.17.0145,,,337,
Panasonic,CU/CS-PN7TKJ,CU/CS-PN7TKJ,Non-Inverter,597.60,6714.00,11.24,4,1744.99,"2,559,903.26",119.006.4.15.104.17.0146,,,338,
Panasonic,CU/CS-KN7TKJ;CU/CS-XN7TKJ,CU/CS-KN7TKJ;CU/CS-XN7TKJ,Non-Inverter,582.40,6795.00,11.67,4,1700.61,"2,494,791.94",119.006.4.16.104.17.0147,,,339,
Panasonic,CU/CS-YN9TKJ;CU/CS-YN9TKJ-1,CU/CS-YN9TKJ;CU/CS-YN9TKJ-1,Non-Inverter,789.10,8499.00,10.77,4,2304.17,"3,380,220.32",119.006.4.17.104.17.0148,,,340,
Panasonic,CU/CS-PN9TKJ,CU/CS-PN9TKJ,Non-Inverter,754.00,8532.00,11.32,4,2201.68,"3,229,864.56",119.006.4.18.104.17.0149,,,341,
Panasonic,CU/CS-KN9TKJ;CU/CS-XN9TKJ,CU/CS-KN9TKJ;CU/CS-XN9TKJ,Non-Inverter,734.20,8778.00,11.96,4,2143.86,"3,145,048.49",119.006.4.19.104.17.0150,,,342,
Panasonic,CU/CSPN12TKJ,CU/CSPN12TKJ,Non-Inverter,1005.90,11414.00,11.35,4,2937.23,"4,308,913.48",119.006.4.20.104.17.0151,,,343,
Panasonic,CU/CS-YN12TKJ,CU/CS-YN12TKJ,Non-Inverter,1050.90,11273.00,10.73,4,3068.63,"4,501,677.28",119.006.4.21.104.17.0152,,,344,
Panasonic,CS-UV5RKP / CU-UV5RKP,CS-UV5RKP / CU-UV5RKP,Non-Inverter,410.00,4961.00,12.10,4,1197.20,"1,756,292.40",118.009.4.20.104.17.0153,,,345,
Panasonic,CS-UV9RKP / CU-UV9RKP,CS-UV9RKP / CU-UV9RKP,Non-Inverter,853.60,5819.70,9.98,3,2492.51,"3,656,515.10",118.009.3.21.099.17.0154,,,346,
Premiere Air,PKSH-10NF / PUSH-10NF,PKSH-10NF / PUSH-10NF,Non-Inverter,825.50,8506.00,10.30,3,2410.46,"3,536,144.82",118.037.3.01.099.17.0159,,,347,
Premiere Air,PKSH-13NF / PUSH-13NF,PKSH-13NF / PUSH-13NF,Non-Inverter,1049.00,10798.00,10.00,3,3063.08,"4,493,538.36",118.037.3.02.099.17.0160,,,348,
Premiere Air,PKSH-20NF / PUSH-20NF,PKSH-20NF / PUSH-20NF,Non-Inverter,1587.60,17145.00,10.79,3,4635.79,"6,800,706.86",118.037.3.03.099.17.0161,,,349,
Premiere Air,PKSH-25NF / PUSH-25NF,PKSH-25NF / PUSH-25NF,Non-Inverter,1709.40,19141.00,11.20,4,4991.45,"7,322,454.22",118.037.4.04.104.17.0162,,,350,
Panasonic,CS-PN18TKP / CU-PN18TKP;CS-YN18TKP / CU-YN18TKP,CS-PN18TKP / CU-PN18TKP;CS-YN18TKP / CU-YN18TKP,Non-Inverter,1567.10,17504.92,11.17,4,4575.93,"6,712,892.24",118.009.4.22.104.17.0166,,,351,
Panasonic,CS-PN24TKP / CU-PN24TKP;CS-YN24TKP / CU-YN24TKP,CS-PN24TKP / CU-PN24TKP;CS-YN24TKP / CU-YN24TKP,Non-Inverter,2101.50,22627.70,10.77,4,6136.38,"9,002,069.46",118.009.4.23.104.17.0167,,,352,
Daewoo,DSB-05TGL,DSB-05TGL,Non-Inverter,429.08,4656.42,10.85,4,1252.91,"1,838,024.25",119.034.4.01.104.18.0007,,,353,
Daewoo,DSB-09TGL,DSB-09TGL,Non-Inverter,778.36,8279.66,10.64,4,2272.81,"3,334,214.03",119.034.4.02.104.18.0008,,,354,
Daewoo,DSB-12TGL,DSB-12TGL,Non-Inverter,1053.41,11237.87,10.67,4,3075.96,"4,512,429.21",119.034.4.03.104.18.0009,,,355,
Daewoo,DSB-18TGL,DSB-18TGL,Non-Inverter,1526.48,16846.34,11.05,4,4457.32,"6,538,890.79",119.034.4.04.104.18.0010,,,356,
Panasonic,CU/CS-LN5TKJ,CU/CS-LN5TKJ,Non-Inverter,410.80,4733.00,11.52,4,1199.54,"1,759,719.31",119.006.4.22.104.18.0011,,,357,
Panasonic,CU/CS-LN9TKJ,CU/CS-LN9TKJ,Non-Inverter,731.10,8237.00,11.27,4,2134.81,"3,131,769.20",119.006.4.23.104.18.0012,,,358,
Daikin,FTC15NV14/RC15NV14,FTC15NV14/RC15NV14,Non-Inverter,373.10,4848.11,12.99,4,1089.45,"1,598,226.08",119.002.4.52.104.18.0022,,,359,
Daikin,FTC20NV14/RC20NV14,FTC20NV14/RC20NV14,Non-Inverter,619.60,6837.65,11.04,4,1809.23,"2,654,143.34",119.002.4.53.104.18.0023,,,360,
Daikin,FTC25NV14/RC25NV14,FTC25NV14/RC25NV14,Non-Inverter,802.60,9334.55,11.63,4,2343.59,"3,438,049.46",119.002.4.54.104.18.0024,,,361,
Daikin,FTC35NV14/RC35NV14,FTC35NV14/RC35NV14,Non-Inverter,902.80,10958.32,12.14,4,2636.18,"3,867,270.19",119.002.4.55.104.18.0025,,,362,
Daikin,FTC50NV14/RC50NV14,FTC50NV14/RC50NV14,Non-Inverter,1501.50,16607.57,11.06,4,4384.38,"6,431,885.46",119.002.4.56.104.18.0026,,,363,
Daikin,FTC60NV14/RC60NV14,FTC60NV14/RC60NV14,Non-Inverter,1874.40,21539.27,11.49,4,5473.25,"8,029,254.82",119.002.4.57.104.18.0027,,,364,
Carrier,42KHC009DS38KHC009DS,42KHC009DS38KHC009DS,Non-Inverter,773.00,9229.00,14.81,4,2257.16,"3,311,253.72",118.014.4.23.104.18.0042,,,365,
Carrier,42KHC012DS38KHC012DS,42KHC012DS38KHC012DS,Non-Inverter,1093.00,11724.00,13.52,4,3191.56,"4,682,018.52",118.014.4.24.104.18.0043,,,366,
Carrier,42KHC018DS38KHC018DS,42KHC018DS38KHC018DS,Non-Inverter,1666.00,18090.00,14.22,4,4864.72,"7,136,544.24",118.014.4.25.104.18.0044,,,367,
Carrier,42KHC022DS38KHC022DS,42KHC022DS38KHC022DS,Non-Inverter,1911.00,21963.00,15.02,4,5580.12,"8,186,036.04",118.014.4.26.104.18.0045,,,368,
Changhong,CSC-05(CSC-05NVB2; CSC-05NVS2),CSC-05(CSC-05NVB2; CSC-05NVS2),Non-Inverter,431.00,4883.00,11.33,4,1258.52,"1,846,248.84",118.029.4.06.104.18.0050,,,369,
Changhong,CSC-09 (CSC-09NVB2; CSC-09NVS2),CSC-09 (CSC-09NVB2; CSC-09NVS2),Non-Inverter,777.67,8223.00,10.57,4,2270.80,"3,331,258.32",118.029.4.07.104.18.0051,,,370,
Aqua,AQA-KCR5ANE(AQA-KR5ANE; AQA-CR5ANE),AQA-KCR5ANE(AQA-KR5ANE; AQA-CR5ANE),Non-Inverter,361.00,6257.61,17.33,4,1054.12,"1,546,394.04",118.021.4.19.104.18.0057,,,371,
Aqua,AQA-KCR9ANS(AQA-KR9ANS; AQA-CR9ANS),AQA-KCR9ANS(AQA-KR9ANS; AQA-CR9ANS),Non-Inverter,892.00,8949.68,10.03,3,2604.64,"3,821,006.88",118.021.3.20.099.18.0058,,,372,
Aqua,AQA-KCR5ANC(AQA-KR5ANC; AQA-CR5ANC),AQA-KCR5ANC(AQA-KR5ANC; AQA-CR5ANC),Non-Inverter,358.00,5527.44,15.44,4,1045.36,"1,533,543.12",118.021.4.21.104.18.0059,,,373,
Aqua,AQA-KCR9ANC(AQA-KR9ANC; AQA-CR9ANC),AQA-KCR9ANC(AQA-KR9ANC; AQA-CR9ANC),Non-Inverter,709.00,7922.66,11.17,4,2070.28,"3,037,100.76",118.021.4.22.104.18.0060,,,374,
DAST ,DAS05LWA,DAS05LWA,Non-Inverter,344.00,1860.92,18.46,4,1004.48,"1,473,572.16",119.036.4.01.104.18.0061,,,375,
DAST ,DAS05FA,DAS05FA,Non-Inverter,477.00,2021.92,14.40,4,1392.84,"2,043,296.28",119.036.4.02.104.18.0062,,,376,
DAST ,DAS09LWA,DAS09LWA,Non-Inverter,710.00,2849.88,13.72,4,2073.20,"3,041,384.40",119.036.4.03.104.18.0063,,,377,
DAST ,DAS09FA,DAS09FA,Non-Inverter,832.00,3200.87,13.14,4,2429.44,"3,563,988.48",119.036.4.04.104.18.0064,,,378,
DAST ,DAS12FA,DAS12FA,Non-Inverter,1726.30,5191.98,14.18,4,5040.80,"7,394,847.73",119.036.4.05.104.18.0065,,,379,
DAST ,DAS18FA,DAS18FA,Non-Inverter,2181.20,5974.25,14.03,4,6369.10,"9,343,475.57",119.036..4.06.104.18.0066,,,380,
IKEDA,IAS05LWA,IAS05LWA,Non-Inverter,344.00,6349.73,18.46,4,1004.48,"1,473,572.16",119.036.4.07.104.18.0067,,,381,
IKEDA,IAS05FA,IAS05FA,Non-Inverter,477.00,6868.36,14.40,4,1392.84,"2,043,296.28",119.036.4.08.104.18.0068,,,382,
IKEDA,IAS09LWA,IAS09LWA,Non-Inverter,710.00,9724.20,13.72,4,2073.20,"3,041,384.40",119.036.4.09.104.18.0069,,,383,
IKEDA,IAS09FA,IAS09FA,Non-Inverter,832.00,10921.81,13.14,4,2429.44,"3,563,988.48",119.036.4.10.104.18.0070,,,384,
IKEDA,IAS12FA,IAS12FA,Non-Inverter,1084.00,14122.27,14.18,4,3165.28,"4,643,465.76",119.036.4.11.104.18.0071,,,385,
IKEDA,IAS18FA,IAS18FA,Non-Inverter,1477.00,20045.50,14.03,4,4312.84,"6,326,936.28",119.036.4.12.104.18.0072,,,386,
Midea,MSBE-05CRN1 (I) /MSBE-05CRN1 (O),MSBE-05CRN1 (I) /MSBE-05CRN1 (O),Non-Inverter,4644.00,395.00,11.76,4,13560.48,"19,893,224.16",118.013.4.29.104.18.0067,,,387,
Midea,MSBE-07CRN1 (I) /MSBE-07CRN1 (O),MSBE-07CRN1 (I) /MSBE-07CRN1 (O),Non-Inverter,7063.00,736.00,9.60,2,20623.96,"30,255,349.32",118.013.2.30.091.18.0068,,,388,
Midea,MSBE-18CRN1 (I) /MSBE-18CRN1 (O),MSBE-18CRN1 (I) /MSBE-18CRN1 (O),Non-Inverter,17486.00,1880.00,9.82,2,51059.12,"74,903,729.04",118.013.2.31.091.18.0069,,,389,
Midea,MSBE-09CRN1 (I) /MSBE-09CRN1 (O);MSBD-09CRN1 (I) /MSBD-09CRN1 (O),MSBE-09CRN1 (I) /MSBE-09CRN1 (O);MSBD-09CRN1 (I) /MSBD-09CRN1 (O),Non-Inverter,8512.00,890.00,9.56,2,24855.04,"36,462,343.68",118.013.2.32.091.18.0070,,,390,
Midea,MSBE-12CRN1 (I) /MSBE-12CRN1 (O);MSBD-12CRN1 (I) /MSBD-12CRN1 (O),MSBE-12CRN1 (I) /MSBE-12CRN1 (O);MSBD-12CRN1 (I) /MSBD-12CRN1 (O),Non-Inverter,11160.00,1026.00,10.88,4,32587.20,"47,805,422.40",118.013.4.33.104.18.0071,,,391,
Midea,MSBE-24CRN1 (I) /MSBE-24CRN1 (O);MSBD-24CRN1 (I) /MSBD-24CRN1 (O),MSBE-24CRN1 (I) /MSBE-24CRN1 (O);MSBD-24CRN1 (I) /MSBD-24CRN1 (O),Non-Inverter,20400.00,1870.00,10.91,4,59568.00,"87,386,256.00",118.013.4.34.104.18.0072,,,392,
Midea,MSOE-05CRLN2 (I) /MSOE-05CRLN2 (O),MSOE-05CRLN2 (I) /MSOE-05CRLN2 (O),Non-Inverter,4510.00,328.00,13.75,4,13169.20,"19,319,216.40",118.013.4.35.104.18.0073,,,393,
Midea,MSOD-09CRLN2 (I) /MSOD-09CRLN2 (O);MSOE-09CRLN2 (I) /MSOE-09CRLN2 (O),MSOD-09CRLN2 (I) /MSOD-09CRLN2 (O);MSOE-09CRLN2 (I) /MSOE-09CRLN2 (O),Non-Inverter,8274.00,709.00,11.67,4,24160.08,"35,442,837.36",118.013.4.36.104.18.0074,,,394,
BESTLIFE,BAC-05BX5,BAC-05BX5,Non-Inverter,412.93,4565.88,11.06,4,1205.76,"1,768,843.47",118.025.4.11.104.18.0078,,,395,
BESTLIFE,BAC-09BX5,BAC-09BX5,Non-Inverter,840.08,8687.06,10.58,4,2453.03,"3,598,600.29",118.025.4.12.104.18.0079,,,396,
BESTLIFE,BAC-12BX5,BAC-12BX5,Non-Inverter,1000.51,11250.80,11.25,4,2921.49,"4,285,824.66",118.025.4.13.104.18.0080,,,397,
BESTLIFE,BAC-18BX5,BAC-18BX5,Non-Inverter,1506.56,16499.11,10.95,4,4399.16,"6,453,560.68",118.025.4.14.104.18.0081,,,398,
BESTLIFE,BAC-05BW5,BAC-05BW5,Non-Inverter,365.29,4780.18,13.08,4,1066.65,"1,564,770.86",118.025.4.15.104.18.0082,,,399,
BESTLIFE,BAC-09BW5,BAC-09BW5,Non-Inverter,766.90,8516.55,11.11,4,2239.35,"3,285,123.52",118.025.4.16.104.18.0083,,,400,
Akari,AC-91212GLWi/k,AC-91212GLWi/k,Non-Inverter,1058.78,11454.09,10.82,4,3091.64,"4,535,432.36",119.010.4.06.104.18.0084,,,401,
Akari,AC-91818GLWi/k,AC-91818GLWi/k,Non-Inverter,1481.84,16445.84,11.09,4,4326.97,"6,347,669.10",119.010.4.07.104.18.0085,,,402,
Gree,GWC05C1,GWC05C1,Non-Inverter,315.00,4327.34,13.40,4,919.80,"1,349,346.60",011.030.4.18.104.18.0090,,,403,
Gree,GWC07C1,GWC07C1,Non-Inverter,480.00,6627.81,12.83,4,1401.60,"2,056,147.20",011.030.4.19.104.18.0091,,,404,
Gree,GWC09C1,GWC09C1,Non-Inverter,655.00,8137.00,11.64,4,1912.60,"2,805,784.20",011.030.4.20.104.18.0092,,,405,
Gree,GWC12C1,GWC12C1,Non-Inverter,1034.00,11707.43,11.39,4,3019.28,"4,429,283.76",011.030.4.21.104.18.0093,,,406,
Gree,GWC18C1,GWC18C1,Non-Inverter,1550.00,17773.94,11.74,4,4526.00,"6,639,642.00",011.030.4.22.104.18.0094,,,407,
Gree,GWC-05C3E/I;GWC-05C3E/O,GWC-05C3E/I;GWC-05C3E/O,Non-Inverter,320.00,4451.60,13.90,4,934.40,"1,370,764.80",118.011.4.29.104.18.0100,,,408,
Gree,GWC-07C3E/I;GWC-07C3E/O,GWC-07C3E/I;GWC-07C3E/O,Non-Inverter,499.10,6378.40,12.80,4,1457.37,"2,137,964.72",118.011.4.30.104.18.0101,,,409,
Gree,GWC-09C3E/I;GWC-09C3E/O,GWC-09C3E/I;GWC-09C3E/O,Non-Inverter,692.00,8150.00,11.78,4,2020.64,"2,964,278.88",118.011.4.31.104.18.0102,,,410,
Gree,GWC-12C3E/I;GWC-12C3E/O,GWC-12C3E/I;GWC-12C3E/O,Non-Inverter,1010.90,12311.50,12.10,4,2951.83,"4,330,331.68",118.011.4.32.104.18.0103,,,411,
Gree,GWC-18C3E/I;GWC-18C3E/O,GWC-18C3E/I;GWC-18C3E/O,Non-Inverter,1540.00,17605.92,11.43,4,4496.80,"6,596,805.60",118.011.4.33.104.18.0104,,,412,
Gree,GWC-24C3E/I;GWC-24C3E/O,GWC-24C3E/I;GWC-24C3E/O,Non-Inverter,2137.70,23981.20,11.20,4,6242.08,"9,157,137.23",118.011.4.34.104.18.0105,,,413,
Panasonic,CS-ZV5UKP /CU-ZV5UKP,CS-ZV5UKP /CU-ZV5UKP,Non-Inverter,400.00,5401.20,13.50,4,1168.00,"1,713,456.00",118.009.4.32.104.18.0057,,,414,
Panasonic,CS-RS9UKP /CU-RS9UKP,CS-RS9UKP /CU-RS9UKP,Non-Inverter,734.00,9331.81,14.41,4,2143.28,"3,144,191.76",118.009.4.33.104.18.0058,,,415,
Aqua,AQA-KCR5ANS(AQA-KR5ANS;AQA-CR5ANS),AQA-KCR5ANS(AQA-KR5ANS;AQA-CR5ANS),Non-Inverter,540.00,7083.31,13.12,4,1576.80,"2,313,165.60",118.021.4.23.104.18.0106,,,416,
Aqua,AQA-KCR7ANS(AQA-KR7ANS;AQA-CR7ANS),AQA-KCR7ANS(AQA-KR7ANS;AQA-CR7ANS),Non-Inverter,892.00,9017.92,12.98,4,2604.64,"3,821,006.88",118.021.4.24.104.18.0107,,,417,
Aqua,AQA-KCR12ANS(AQA-KR12ANS;AQA-CR12ANS),AQA-KCR12ANS(AQA-KR12ANS;AQA-CR12ANS),Non-Inverter,1177.00,11791.87,10.02,3,3436.84,"5,041,844.28",118.021.3.25.099.18.0108,,,418,
Aqua,AQA-KCR18ANS(AQA-KR18ANS;AQA-CR18ANS),AQA-KCR18ANS(AQA-KR18ANS;AQA-CR18ANS),Non-Inverter,1662.00,17189.66,10.34,3,4853.04,"7,119,409.68",118.021.3.26.099.18.0109,,,419,
Samsung,AR05NRFLDWKN /AR05NRFLDWKX,AR05NRFLDWKN /AR05NRFLDWKX,Non-Inverter,399.00,5046.35,12.64,4,1165.08,"1,709,172.36",118. 001.4.18.104.18.0110,,,420,
Samsung,AR09NRFLDWKN /AR09NRFLDWKX,AR09NRFLDWKN /AR09NRFLDWKX,Non-Inverter,802.00,8874.60,11.07,4,2341.84,"3,435,479.28",118. 001.4.19.104.18.0111,,,421,
Mitsubishi Heavy Industries,SRK/C12CT-S3,SRK/C12CT-S3,Non-Inverter,1093.00,12009.57,10.98,4,3191.56,"4,682,018.52",011.015.4.12.104.18.0112,,,422,
Mitsubishi Heavy Industries,SRK/C09CTR-S3,SRK/C09CTR-S3,Non-Inverter,841.10,9192.37,10.92,4,2456.01,"3,602,969.60",011.015.4.13.104.18.0113,,,423,
Daikin,FTV15BXV149/RV15BXV149,FTV15BXV149/RV15BXV149,Non-Inverter,395.80,4348.25,10.99,4,1155.74,"1,695,464.71",119.002.4.63.104.18.0114,,,424,
Daikin,FTV25BXV149/RV25BXV149,FTV25BXV149/RV25BXV149,Non-Inverter,785.80,8709.47,11.08,4,2294.54,"3,366,084.31",119.002.4.64.104.18.0115,,,425,
Daikin,FTV35BXV149/RV35BXV149,FTV35BXV149/RV35BXV149,Non-Inverter,1176.60,11878.19,10.63,4,3435.67,"5,040,130.82",119.002.4.65.104.18.0116,,,426,
Elba,EA 60 SLW,EA 60 SLW,Non-Inverter,380.00,5472.85,14.40,4,1109.60,"1,627,783.20",118.026.4.06.104.18.0117,,,427,
Elba,EA 60 S,EA 60 S,Non-Inverter,409.00,4449.25,10.88,4,1194.28,"1,752,008.76",118.026.4.07.104.18.0118,,,428,
Elba,EA 90 SLW,EA 90 SLW,Non-Inverter,680.00,8410.58,12.37,4,1985.60,"2,912,875.20",118.026.4.08.104.18.0119,,,429,
Elba,EA 90 S,EA 90 S,Non-Inverter,830.00,10365.66,12.49,4,2423.60,"3,555,421.20",118.026.4.09.104.18.0120,,,430,
Elba,EA 120 S,EA 120 S,Non-Inverter,1070.00,11129.94,10.40,3,3124.40,"4,583,494.80",118.026.3.10.099.18.0121,,,431,
Elba,EA 180 S,EA 180 S,Non-Inverter,1607.00,16810.92,10.46,4,4692.44,"6,883,809.48",118.026.4.11.104.18.0122,,,432,
BESTLIFE,BAC 05 BX3,BAC 05 BX3,Non-Inverter,468.00,5779.93,12.35,4,1366.56,"2,004,743.52",118.039.4.01.104.18.0127,,,433,
BESTLIFE,BAC 09 BX3,BAC 09 BX3,Non-Inverter,754.00,8949.68,11.87,4,2201.68,"3,229,864.56",118.039.4.02.104.18.0128,,,434,
BESTLIFE,BAC 12 BX3,BAC 12 BX3,Non-Inverter,1072.00,11849.88,11.05,4,3130.24,"4,592,062.08",118.039.4.03.104.18.0129,,,435,
BESTLIFE,BAC 18 BX3,BAC 18 BX3,Non-Inverter,1531.00,17196.48,11.23,4,4470.52,"6,558,252.84",118.039.4.04.104.18.0130,,,436,
BESTLIFE,BAC 05 BW5,BAC 05 BW5,Non-Inverter,339.00,3882.86,11.45,4,989.88,"1,452,153.96",118.039.4.05.104.18.0131,,,437,
BESTLIFE,BAC 09 BW5,BAC 09 BW5,Non-Inverter,690.00,8553.88,12.39,4,2014.80,"2,955,711.60",118.039.4.06.104.18.0132,,,438,
AUX,ASW-05A4/FHR1,ASW-05A4/FHR1,Non-Inverter,468.00,5779.93,12.35,4,1366.56,"2,004,743.52",118.039.4.07.104.18.0133,,,439,
AUX,ASW-12A4/FHR1;ASW-12A4/JAR1,ASW-12A4/FHR1;ASW-12A4/JAR1,Non-Inverter,1072.00,11849.88,11.05,4,3130.24,"4,592,062.08",118.039.4.08.104.18.0134,,,440,
AUX,ASW-05A4/FAR3,ASW-05A4/FAR3,Non-Inverter,464.00,4868.92,10.49,4,1354.88,"1,987,608.96",118.039.4.09.104.18.0135,,,441,
AUX,ASW-09A4/FFR3,ASW-09A4/FFR3,Non-Inverter,468.00,8581.18,11.44,4,1366.56,"2,004,743.52",118.039.4.10.104.18.0136,,,442,
AUX,ASW-09A4/FHR1;ASW-09A4/JAR1,ASW-09A4/FHR1;ASW-09A4/JAR1,Non-Inverter,754.00,8949.68,11.87,4,2201.68,"3,229,864.56",118.039.4.11.104.18.0137,,,443,
AUX,ASW-09A4/FOR1,ASW-09A4/FOR1,Non-Inverter,690.00,8553.88,12.39,4,2014.80,"2,955,711.60",118.039.4.12.104.18.0138,,,444,
AUX,ASW-07A4/FHR1,ASW-07A4/FHR1,Non-Inverter,690.00,8553.88,12.39,4,2014.80,"2,955,711.60",118.039.4.13.104.18.0139,,,445,
AUX,ASW-18A4/FAR3,ASW-18A4/FAR3,Non-Inverter,1450.00,17551.33,12.10,4,4234.00,"6,211,278.00",118.039.4.14.104.18.0140,,,446,
AUX,ASW-18A4/FHR1;ASW-18A4/JAR1,ASW-18A4/FHR1;ASW-18A4/JAR1,Non-Inverter,1531.00,17196.48,11.23,4,4470.52,"6,558,252.84",118.039.4.15.104.18.0141,,,447,
AUX,ASW-09A4/FAR3,ASW-09A4/FAR3,Non-Inverter,809.00,8642.60,10.68,4,2362.28,"3,465,464.76",118.039.4.16.104.18.0142,,,448,
AUX,ASW-12A4/FAR3,ASW-12A4/FAR3,Non-Inverter,1056.00,11348.31,10.74,4,3083.52,"4,523,523.84",118.039.4.17.104.18.0143,,,449,
AUX,ASW-05B4/FOR1,ASW-05B4/FOR1,Non-Inverter,339.00,3882.86,11.45,4,989.88,"1,452,153.96",118.039.4.18.104.18.0144,,,450,
AUX,ASW-05A4/FFR3,ASW-05A4/FFR3,Non-Inverter,366.00,3858.97,10.54,4,1068.72,"1,567,812.24",118.039.4.19.104.18.0145,,,451,
Gree,GWC-05MOO3/I;GWC-05MOO3/O,GWC-05MOO3/I;GWC-05MOO3/O,Non-Inverter,395.90,3950.70,9.98,3,1156.03,"1,695,893.08",118.011.3.35.099.18.0146,,,452,
Gree,GWC-07MOO3/I;GWC-07MOO3/O,GWC-07MOO3/I;GWC-07MOO3/O,Non-Inverter,594.10,5580.80,9.96,3,1734.77,"2,544,910.52",118.011.3.36.099.18.0147,,,453,
Gree,GWC-09MOO3/I;GWC-09MOO3/O,GWC-09MOO3/I;GWC-09MOO3/O,Non-Inverter,768.40,7867.60,10.24,3,2243.73,"3,291,548.98",118.011.3.37.099.18.0148,,,454,
Samsung,AR12NRFLDWKN (I);AR12NRFLDWKX (O),AR12NRFLDWKN (I);AR12NRFLDWKX (O),Non-Inverter,1130.40,11817.10,10.45,4,3300.77,"4,842,226.66",118.001.4.20.104.19.0149,,,455,
Samsung,AR18NRFLDWKN (I);AR18NRFLDWKX (O),AR18NRFLDWKN (I);AR18NRFLDWKX (O),Non-Inverter,1706.80,17852.00,10.46,4,4983.86,"7,311,316.75",118.001.4.21.104.19.0150,,,456,
Changhong,CSC-05(CSC-05NVC; CSC-05CSD),CSC-05(CSC-05NVC; CSC-05CSD),Non-Inverter,426.00,4481.00,10.52,4,1243.92,"1,824,830.64",104.029.4.08.104.19.0164,,,457,
Changhong,CSC-09(CSC-09NVC; CSC-09CSD),CSC-09(CSC-09NVC; CSC-09CSD),Non-Inverter,784.00,8170.00,10.41,4,2289.28,"3,358,373.76",104.029.4.09.104.19.0165,,,458,
Changhong,CSC-07NVB2,CSC-07NVB2,Non-Inverter,652.00,6960.00,10.68,4,1903.84,"2,792,933.28",104.029.4.10.104.19.0166,,,459,
Changhong,CSC-12NVB2,CSC-12NVB2,Non-Inverter,1037.00,10817.00,10.43,4,3028.04,"4,442,134.68",104.029.4.11.104.19.0167,,,460,
Changhong,CSC-05RDX,CSC-05RDX,Non-Inverter,356.00,4260.00,11.97,4,1039.52,"1,524,975.84",104.029.4.12.104.19.0168,,,461,
Changhong,CSC-09RDX,CSC-09RDX,Non-Inverter,690.00,7759.00,11.24,4,2014.80,"2,955,711.60",104.029.4.13.104.19.0169,,,462,
Mitsubishi Electric,MS-JR10VF-NE1;MU-JR10VF-NE1,MS-JR10VF-NE1;MU-JR10VF-NE1,Non-Inverter,830.89,9215.06,11.09,4,2426.20,"3,559,233.64",118.005.4.20.104.19.171,,,463,
Mitsubishi Electric,MS-JR13VF-NE1;MU-JR13VF-NE1,MS-JR13VF-NE1;MU-JR13VF-NE1,Non-Inverter,1115.61,12125.09,10.87,4,3257.58,"4,778,871.62",118.005.4.21.104.19.172,,,464,
Mitsubishi Electric,MS-JR18VF-NE1;MU-JR18VF-NE1,MS-JR18VF-NE1;MU-JR18VF-NE1,Non-Inverter,1607.39,17007.59,10.58,4,4693.58,"6,885,480.10",118.005.4.22.104.19.173,,,465,
Mitsubishi Electric,MS-JR24VF-NE1;MU-JR24VF-NE1,MS-JR24VF-NE1;MU-JR24VF-NE1,Non-Inverter,1936.93,22180.05,11.45,4,5655.84,"8,297,110.83",118.005.4.23.104.20.174,,,466,
Aqua,AQA-KR5ANC1;AQA-CR5ANC1,AQA-KR5ANC1;AQA-CR5ANC1,Non-Inverter,384.50,4236.49,10.98,4,1122.74,"1,647,059.58",118.021.4.27.104.19.0179,,,467,
Aqua,AQA-KR5ANE2;AQA-CR5ANE2,AQA-KR5ANE2;AQA-CR5ANE2,Non-Inverter,351.20,4054.08,11.49,4,1025.50,"1,504,414.37",118.021.4.28.104.19.0180,,,468,
Aqua,AQA-KR9ANS2;AQA-CR9ANS2,AQA-KR9ANS2;AQA-CR9ANS2,Non-Inverter,871.30,8440.69,9.67,2,2544.20,"3,732,335.53",118.021.2.29.104.19.0181,,,469,
Midea,MSAF-09CRN2(I) /MSAF-09CRN2(O),MSAF-09CRN2(I) /MSAF-09CRN2(O),Non-Inverter,801.10,8925.60,11.14,4,2339.21,"3,431,624.00",118.013.4.40.104.19.0185,,,470,
Midea,MSFC-09CRN1-32(I) /MSFC-09CRN1-32(O),MSFC-09CRN1-32(I) /MSFC-09CRN1-32(O),Non-Inverter,801.10,8925.60,11.14,4,2339.21,"3,431,624.00",118.013.4.41.104.19.0186,,,471,
Midea,MSAF-12CRN2(I) /MSAF-12CRN2(O),MSAF-12CRN2(I) /MSAF-12CRN2(O),Non-Inverter,1053.90,11509.90,10.92,4,3077.39,"4,514,528.20",118.013.4.42.104.19.0187,,,472,
Midea,MSFO-09CRLN2-32(I) /MSFO-09CRLN2-32(O),MSFO-09CRLN2-32(I) /MSFO-09CRLN2-32(O),Non-Inverter,706.30,9012.20,12.76,4,2062.40,"3,025,534.93",118.013.4.43.104.19.0188,,,473,
Polytron ,EAW055000(PAC05VG; PAC05VX-M),EAW055000(PAC05VG; PAC05VX-M),Non-Inverter,450.00,6000.00,10.85,4,1314.00,"1,927,638.00",011.003.4.06.104.19.0189,,,474,
Polytron ,EAW077200,EAW077200,Non-Inverter,690.00,7000.00,11.38,4,2014.80,"2,955,711.60",011.003.4.07.104.19.0190,,,475,
Polytron ,EAW109000(PAC 09VX-M ;PAC 09VG),EAW109000(PAC 09VX-M ;PAC 09VG),Non-Inverter,880.00,9500.00,10.59,4,2569.60,"3,769,603.20",011.003.4.08.104.19.0191,,,476,
Polytron ,EAW 151000(PAC12VX-M; PAC 12VG),EAW 151000(PAC12VX-M; PAC 12VG),Non-Inverter,1000.00,12000.00,10.70,4,2920.00,"4,283,640.00",011.003.4.09.104.19.0192,,,477,
Polytron ,EAW 201600(PAC 18VX-M; PAC 18VG; PAC 18VG-M),EAW 201600(PAC 18VX-M; PAC 18VG; PAC 18VG-M),Non-Inverter,1690.00,18000.00,11.26,4,4934.80,"7,239,351.60",011.003.4.10.104.19.0193,,,478,
Daikin,DAMA Non-Inverter R32 C Series 1(FTV15CXV14;RV15CXV14),DAMA Non-Inverter R32 C Series 1(FTV15CXV14;RV15CXV14),Non-Inverter,395.80,4348.25,10.99,4,1155.74,"1,695,464.71",119.002.4.73.104.19.0195,,,479,
Daikin,DAMA Non-Inverter R32 C Series 2(FTV20CXV14;RV20CXV14),DAMA Non-Inverter R32 C Series 2(FTV20CXV14;RV20CXV14),Non-Inverter,627.10,6803.53,10.85,4,1831.13,"2,686,270.64",119.002.4.74.104.19.0196,,,480,
Daikin,DAMA Non-Inverter R32 C Series 3(FTV25CXV14;RV25CXV14),DAMA Non-Inverter R32 C Series 3(FTV25CXV14;RV25CXV14),Non-Inverter,785.80,8709.47,11.08,4,2294.54,"3,366,084.31",119.002.4.75.104.19.0197,,,481,
Daikin,DAMA Non-Inverter R32 C Series 4(FTV35CXV14;RV35CXV14),DAMA Non-Inverter R32 C Series 4(FTV35CXV14;RV35CXV14),Non-Inverter,1117.60,11878.20,10.63,4,3263.39,"4,787,396.06",119.002.4.76.104.19.0198,,,482,
Panasonic,CU-PN18UKJ;CS-PN18UKJ,CU-PN18UKJ;CS-PN18UKJ,Non-Inverter,1591.90,17733.00,11.14,4,4648.35,"6,819,126.52",119.006.4.24.104.19.0199,,,483,
Panasonic,CU-LN18UKJ;CS-LN18UKJ,CU-LN18UKJ;CS-LN18UKJ,Non-Inverter,1591.90,17733.00,11.14,4,4648.35,"6,819,126.52",119.006.4.25.104.19.0200,,,484,
Panasonic,CU-YN18TKJ;CS-YN18TKJ,CU-YN18TKJ;CS-YN18TKJ,Non-Inverter,1631.50,17479.00,10.71,4,4763.98,"6,988,758.66",119.006.4.26.104.19.0201,,,485,
Panasonic,CU-PN24UKJ;CS-PN24UKJ,CU-PN24UKJ;CS-PN24UKJ,Non-Inverter,2113.40,22945.00,10.86,4,6171.13,"9,053,044.78",119.006.4.27.104.19.0202,,,486,
Panasonic,CU-LN24UKJ;CS-LN24UKJ,CU-LN24UKJ;CS-LN24UKJ,Non-Inverter,2113.40,22945.00,10.86,4,6171.13,"9,053,044.78",119.006.4.28.104.19.0203,,,487,
Panasonic,CU-YN24TKJ;CS-YN24TKJ,CU-YN24TKJ;CS-YN24TKJ,Non-Inverter,2111.80,22543.00,10.68,4,6166.46,"9,046,190.95",119.006.4.29.104.19.0204,,,488,
Midea,MSFO-05CRLN2-32 (I)/(O)MSFC-05CRN1-32 (I)/(O)MSAF-05CRN2 (I)/(O),MSFO-05CRLN2-32 (I)/(O)MSFC-05CRN1-32 (I)/(O)MSAF-05CRN2 (I)/(O),Non-Inverter,359.30,4213.10,11.72,4,1049.16,"1,539,111.85",118.013.4.44.104.19.0205,,,489,
Gree,GWC-05SE/I;GWC-05SE/O;,GWC-05SE/I;GWC-05SE/O;,Non-Inverter,400.90,4354.50,10.86,4,1170.63,"1,717,311.28",118.011.4.38.104.19.0206,,,490,
Gree,GWC-09SE/I;GWC-09SE/O;,GWC-09SE/I;GWC-09SE/O;,Non-Inverter,803.40,8030.00,10.00,3,2345.93,"3,441,476.38",118.011.3.39.099.19.0207,,,491,
Gree,GWC-05MOO3/I;GWC-05MOO3/O,GWC-05MOO3/I;GWC-05MOO3/O,Non-Inverter,400.90,4354.50,10.86,4,1170.63,"1,717,311.28",118.011.4.40.104.19.0208,,,492,
Gree,GWC-07MOO3/I;GWC-07MOO3/O,GWC-07MOO3/I;GWC-07MOO3/O,Non-Inverter,592.60,6020.00,10.16,3,1730.39,"2,538,485.06",118.011.3.41.099.19.0209,,,493,
Gree,GWC-09MOO3/I;GWC-09MOO3/O,GWC-09MOO3/I;GWC-09MOO3/O,Non-Inverter,803.40,8030.00,10.00,3,2345.93,"3,441,476.38",118.011.4.42.104.19.0210,,,494,
Sansui,L 05 S1 /LO 05 S1,L 05 S1 /LO 05 S1,Non-Inverter,405.24,5030.20,12.41,4,1183.30,"1,735,902.27",118.015.4.14.104.19.0211,,,495,
Sansui,L 09 S1 /LO 09 S1,L 09 S1 /LO 09 S1,Non-Inverter,790.05,8320.30,10.53,4,2306.95,"3,384,289.78",118.015.4.15.104.19.0212,,,496,
Sansui,L 12 S1 /LO 12 S1,L 12 S1 /LO 12 S1,Non-Inverter,1066.30,11350.20,10.64,4,3113.60,"4,567,645.33",118.015.4.16.104.19.0213,,,497,
Sansui,L 18 S1 /LO 18 S1,L 18 S1 /LO 18 S1,Non-Inverter,1510.43,16220.10,10.74,4,4410.46,"6,470,138.37",118.015.4.17.104.19.0214,,,498,
Sansui,L 24 S1 /LO 24 S1,L 24 S1 /LO 24 S1,Non-Inverter,2348.50,23420.50,9.97,3,6857.62,"10,060,128.54",118.015.3.18.099.19.0215,,,499,
Cawang,EU/EP-SN-5SGM,EU/EP-SN-5SGM,Non-Inverter,413.50,4621.00,11.18,4,1207.42,"1,771,285.14",119.041.4.01.104.19.0216,,,500,
Cawang,EU/EP-SN-7SGM,EU/EP-SN-7SGM,Non-Inverter,672.30,7144.00,10.63,4,1963.12,"2,879,891.17",119.041.4.02.104.19.0217,,,501,
Cawang,EU/EP-SN-9SGM,EU/EP-SN-9SGM,Non-Inverter,776.50,8256.00,10.63,4,2267.38,"3,326,246.46",119.041.4.03.104.19.0218,,,502,
Cawang,EU/EP-SN-12SGM,EU/EP-SN-12SGM,Non-Inverter,1027.20,11160.00,10.86,4,2999.42,"4,400,155.01",119.041.4.04.104.19.0219,,,503,
Sansui,X 05 X1 /XO 05 S1,X 05 X1 /XO 05 S1,Non-Inverter,465.10,5168.40,11.11,4,1358.09,"1,992,320.96",118.015.4.19.104.19.0220,,,504,
Sansui,X 09 S1 /XO 09 S1,X 09 S1 /XO 09 S1,Non-Inverter,827.90,9925.80,11.99,4,2417.47,"3,546,425.56",118.015.4.20.104.19.0221,,,505,
Sansui,X12 S1 /XO 12 S1,X12 S1 /XO 12 S1,Non-Inverter,1109.00,12837.80,11.58,4,3238.28,"4,750,556.76",118.015.4.21.104.19.0222,,,506,
Sansui,X 18 S1 /XO 18 S1,X 18 S1 /XO 18 S1,Non-Inverter,1539.00,17983.10,11.68,4,4493.88,"6,592,521.96",118.015.4.22.104.19.0223,,,507,
Sansui,X 05 D1 /XO 05 D1,X 05 D1 /XO 05 D1,Non-Inverter,359.20,3896.90,10.85,4,1048.86,"1,538,683.49",118.015.4.23.104.19.0224,,,508,
Sansui,X 09 D1 /XO 09 D1,X 09 D1 /XO 09 D1,Non-Inverter,739.60,8133.30,11.00,4,2159.63,"3,168,180.14",118.015.4.24.104.19.0225,,,509,
Carrier,42KHA005N8FS/38KHA005N8FS,42KHA005N8FS/38KHA005N8FS,Non-Inverter,357.50,5689.60,15.91,4,1043.90,"1,531,401.30",118.014.4.34.104.19.0226,,,510,
Carrier,42KHA009N8FS/38KHA009N8FS,42KHA009N8FS/38KHA009N8FS,Non-Inverter,821.90,8681.60,10.56,4,2399.95,"3,520,723.72",118.014.4.35.104.19.0227,,,511,
Carrier,42KHA012N8FS/38KHA012N8FS,42KHA012N8FS/38KHA012N8FS,Non-Inverter,1054.60,13134.80,12.45,4,3079.43,"4,517,526.74",118.014.4.36.104.19.0228,,,512,
Carrier,42KHA018N8FS/38KHA018N8FS,42KHA018N8FS/38KHA018N8FS,Non-Inverter,1565.40,18467.40,11.80,4,4570.97,"6,705,610.06",118.014.4.37.104.19.0229,,,513,
TCL,IndoorTAC-05CSA/X5; TAC-05CSA/X6OutdoorTAC-05CSA/XO,IndoorTAC-05CSA/X5; TAC-05CSA/X6OutdoorTAC-05CSA/XO,Non-Inverter,400.05,5020.60,12.55,4,1168.15,"1,713,670.18",118.031.4.12.104.19.0230,,,514,
TCL,IndoorTAC-09CSA/X5; TAC-09CSA/X6OutdoorTAC-09CSA/XO,IndoorTAC-09CSA/X5; TAC-09CSA/X6OutdoorTAC-09CSA/XO,Non-Inverter,790.50,8330.50,10.54,4,2308.26,"3,386,217.42",118.031.4.13.104.19.0231,,,515,
TCL,IndoorTAC-12CSA/X5; TAC-12CSA/X6OutdoorTAC-12CSA/XO,IndoorTAC-12CSA/X5; TAC-12CSA/X6OutdoorTAC-12CSA/XO,Non-Inverter,1065.20,11350.20,10.66,4,3110.38,"4,562,933.33",118.031.4.14.104.19.0232,,,516,
TCL,IndoorTAC-18CSA/X5; TAC-18CSA/X6OutdoorTAC-18CSA/XO,IndoorTAC-18CSA/X5; TAC-18CSA/X6OutdoorTAC-18CSA/XO,Non-Inverter,1530.50,16240.10,10.61,4,4469.06,"6,556,111.02",118.031.4.15.104.19.0233,,,517,
Samsung,AR07NRFLDWKN (I) /AR07NFRLDWKX (O),AR07NRFLDWKN (I) /AR07NFRLDWKX (O),Non-Inverter,622.20,6537.20,10.45,4,1816.82,"2,665,280.81",118.001.4.25.104.19.0234,,,518,
Sharp,AH-AP7SSY /AU-A7SSY;AH-A7SAY /AU-A7SAY;,AH-AP7SSY /AU-A7SSY;AH-A7SAY /AU-A7SAY;,Non-Inverter,671.20,7046.36,10.49,4,1959.90,"2,875,179.17",118.008.4.46.104.19.0235,,,519,
Gree,GWC-05MOO3S/I;GWC-05MOO3S/O,GWC-05MOO3S/I;GWC-05MOO3S/O,Non-Inverter,360.60,4153.30,11.52,4,1052.95,"1,544,680.58",118.011.4.43.104.19.0236,,,520,
Gree,GWC-09MOO3S/I;GWC-09MOO3S/O,GWC-09MOO3S/I;GWC-09MOO3S/O,Non-Inverter,744.30,8043.00,10.81,4,2173.36,"3,188,313.25",118.011.4.44.104.19.0237,,,521,
Gree,GWC-05C3E/I;GWC-05C3E/O,GWC-05C3E/I;GWC-05C3E/O,Non-Inverter,360.60,4153.30,11.52,4,1052.95,"1,544,680.58",118.011.4.45.104.19.0238,,,522,
Gree,GWC-07C3E/I;GWC-07C3E/O,GWC-07C3E/I;GWC-07C3E/O,Non-Inverter,547.10,6085.40,11.12,4,1597.53,"2,343,579.44",118.011.4.46.104.19.0239,,,523,
Akari,A-05D3LWi/k;A-05D5PLWi/k;A-05D35LWi/k,A-05D3LWi/k;A-05D5PLWi/k;A-05D35LWi/k,Non-Inverter,400.20,5020.40,12.55,4,1168.58,"1,714,312.73",118.010.4.08.104.19.0243,,,524,
Akari,A-09D3LWi/k;A-09D5PLWi/k;A-09D39LWi/k,A-09D3LWi/k;A-09D5PLWi/k;A-09D39LWi/k,Non-Inverter,780.50,8350.20,10.70,4,2279.06,"3,343,381.02",118.010.4.09.104.19.0244,,,525,
Akari,A-18D7LWi/k,A-18D7LWi/k,Non-Inverter,1510.50,16250.10,10.76,4,4410.66,"6,470,438.22",118.010.4.10.104.19.0245,,,526,
Toshiba,RAS-05BKS-ID /RAS-05BAS-ID,RAS-05BKS-ID /RAS-05BAS-ID,Non-Inverter,399.50,4866.77,12.09,4,1166.54,"1,711,314.18",118.040.4.01.104.19.0246,,,527,
Toshiba,RAS-07BKS-ID /RAS-07BAS-ID,RAS-07BKS-ID /RAS-07BAS-ID,Non-Inverter,675.30,7554.89,11.14,4,1971.88,"2,892,742.09",118.040.4.02.104.19.0247,,,528,
Toshiba,RAS-10BKS-ID /RAS-10BAS-ID,RAS-10BKS-ID /RAS-10BAS-ID,Non-Inverter,815.10,9048.63,11.06,4,2380.09,"3,491,594.96",118.040.4.03.104.19.0248,,,529,
Fuji AC,FAW05;FOW05,FAW05;FOW05,Non-Inverter,408.20,5020.10,12.30,4,1191.94,"1,748,581.85",118.043.4.01.104.19.0249,,,530,
Fuji AC,FAW09;FOW09,FAW09;FOW09,Non-Inverter,789.10,8330.30,10.55,4,2304.17,"3,380,220.32",118.043.4.02.104.19.0250,,,531,
Fuji AC,FAW12;FOW12,FAW12;FOW12,Non-Inverter,1060.30,11340.10,10.70,4,3096.08,"4,541,943.49",118.043.4.03.104.19.0251,,,532,
Fuji AC,FAW18;FOW18,FAW18;FOW18,Non-Inverter,1520.20,16230.20,10.68,4,4438.98,"6,511,989.53",118.043.4.04.104.19.0252,,,533,
Fuji AC,FAW24;FOW24,FAW24;FOW24,Non-Inverter,2348.60,23410.20,9.97,3,6857.91,"10,060,556.90",118.043.4.05.099.19.0253,,,534,
TECO,LS05FCID1 / LT05FCID1,LS05FCID1 / LT05FCID1,Non-Inverter,400.28,5044.04,12.60,4,1168.82,"1,714,655.42",118.028.4.06.104.19.0254,,,535,
TECO,LS09FCID1 / LT09FCID1,LS09FCID1 / LT09FCID1,Non-Inverter,784.42,8300.76,10.58,4,2290.51,"3,360,172.89",118.028.4.07.104.19.0255,,,536,
TECO,LS12FCID1 / LT12FCID1,LS12FCID1 / LT12FCID1,Non-Inverter,1066.08,11362.18,10.66,4,3112.95,"4,566,702.93",118.028.4.08.104.19.0256,,,537,
TECO,LS18FCID1 / LT18FCID1,LS18FCID1 / LT18FCID1,Non-Inverter,1500.43,16200.43,10.80,4,4381.26,"6,427,301.97",118.028.4.09.104.19.0257,,,538,
TECO,LS24FCID1 / LT24FCID1,LS24FCID1 / LT24FCID1,Non-Inverter,2348.59,23419.05,9.97,3,6857.88,"10,060,514.07",118.028.3.10.099.19.0258,,,539,
Electrolux,ESM05CRR-C1,ESM05CRR-C1,Non-Inverter,480.40,5219.85,10.83,4,1402.77,"2,057,860.66",118.007.4.16.104.19.0259,,,540,
Electrolux,ESM09CRR-C1,ESM09CRR-C1,Non-Inverter,761.50,9476.14,12.42,4,2223.58,"3,261,991.86",118.007.4.17.104.19.0260,,,541,
Electrolux,ESM12CRR-C1,ESM12CRR-C1,Non-Inverter,1028.20,11962.76,11.62,4,3002.34,"4,404,438.65",118.007.4.18.104.19.0261,,,542,
Electrolux,ESM18CRR-C1,ESM18CRR-C1,Non-Inverter,1506.70,18241.77,12.09,4,4399.56,"6,454,160.39",118.007.4.19.104.19.0262,,,543,
Midea,MSBC-05CRN1 (I)/(O),MSBC-05CRN1 (I)/(O),Non-Inverter,383.40,4875.91,12.66,4,1119.53,"1,642,347.58",118.013.4.45.104.19.0263,,,544,
Aicool,AI/AO-WMF05SPCA,AI/AO-WMF05SPCA,Non-Inverter,406.90,5002.00,12.29,4,1188.15,"1,743,013.12",119.038.4.01.104.19.0263,,,545,
Aicool,AI/AO-WMF09SPCA,AI/AO-WMF09SPCA,Non-Inverter,788.20,9174.00,11.64,4,2301.54,"3,376,365.05",119.038.4.02.104.19.0264,,,546,
Aicool,AI/AO-WMF12SPCA,AI/AO-WMF12SPCA,Non-Inverter,1002.10,11851.00,11.83,4,2926.13,"4,292,635.64",119.038.4.03.104.19.0265,,,547,
Midea,MSBC-07CRN1(I) /MSBC-07CRN1(O),MSBC-07CRN1(I) /MSBC-07CRN1(O),Non-Inverter,740.30,7316.47,9.86,2,2161.68,"3,171,178.69",118.013.2.46.091.19.0267,,,548,
Midea,MSBC-18CRN1(I) /MSBC-18CRN1(O),MSBC-18CRN1(I) /MSBC-18CRN1(O),Non-Inverter,1749.70,17544.62,10.02,3,5109.12,"7,495,084.91",118.013.3.47.099.19.0268,,,549,
Gree,GWC-12MOO3/I;GWC-12MOO3/O,GWC-12MOO3/I;GWC-12MOO3/O,Non-Inverter,1012.50,12904.00,12.74,4,2956.50,"4,337,185.50",118.011.4.50.104.19.0269,,,550,
Gree,GWC-18MOO3/I;GWC-18MOO3/O,GWC-18MOO3/I;GWC-18MOO3/O,Non-Inverter,1531.90,17660.50,11.53,4,4473.15,"6,562,108.12",118.011.4.51.104.19.0270,,,551,
Gree,GWC-24MOO3/I;GWC-24MOO3/O,GWC-24MOO3/I;GWC-24MOO3/O,Non-Inverter,2273.70,23376.70,10.27,3,6639.20,"9,739,712.27",118.011.3.52.099.19.0271,,,552,
Midea,MSFC-05CRN1(I) /MSFC-05CRN1(O),MSFC-05CRN1(I) /MSFC-05CRN1(O),Non-Inverter,406.90,5033.42,12.32,4,1188.15,"1,743,013.12",118.013.4.48.104.19.0272,,,553,
Midea,MSFC-09CRN1(I) /MSFC-09CRN1(O),MSFC-09CRN1(I) /MSFC-09CRN1(O),Non-Inverter,889.00,10028.91,11.26,4,2595.88,"3,808,155.96",118.013.4.49.104.19.0273,,,554,
Toshiba,RAS-05S3KS-ID /RAS-05S3AS-ID,RAS-05S3KS-ID /RAS-05S3AS-ID,Non-Inverter,409.00,5003.71,12.18,4,1194.28,"1,752,008.76",118.040.4.04.104.19.0276,,,555,
Toshiba,RAS-07S3KS-ID /RAS-07S3AS-ID,RAS-07S3KS-ID /RAS-07S3AS-ID,Non-Inverter,622.60,6049.84,9.69,2,1817.99,"2,666,994.26",118.040.2.05.091.19.0277,,,556,
Toshiba,RAS-10S3KS-ID /RAS-10S3AS-ID,RAS-10S3KS-ID /RAS-10S3AS-ID,Non-Inverter,838.60,8262.27,9.83,2,2448.71,"3,592,260.50",118.040.2.06.091.19.0278,,,557,
Beko,BSFSA 050 /BSFSA 051,BSFSA 050 /BSFSA 051,Non-Inverter,358.00,5203.00,14.54,4,1045.36,"1,533,543.12",104.044.4.01.104.19.0279,,,558,
Beko,BSFSA 090 /BSFSA 091,BSFSA 090 /BSFSA 091,Non-Inverter,711.00,9448.00,13.28,4,2076.12,"3,045,668.04",104.044.4.02.104.19.0280,,,559,
Beko,BSFSA 120 /BSFSA 121,BSFSA 120 /BSFSA 121,Non-Inverter,1090.00,12019.00,11.03,4,3182.80,"4,669,167.60",104.044.4.03.104.19.0281,,,560,
Midea,MSFO-05CRLN2(I) /MSFO-05RCLN2(O),MSFO-05CRLN2(I) /MSFO-05RCLN2(O),Non-Inverter,359.30,4213.10,11.72,4,1049.16,"1,539,111.85",118.013.4.50.104.19.0282,,,561,
Carrier,RAS-13S3KS-ID/RAS-13S3AS-ID,RAS-13S3KS-ID/RAS-13S3AS-ID,Non-Inverter,1100.00,11686.46,10.61,4,3212.00,"4,712,004.00",118.014.4.38.104.19.0283,,,562,
Carrier,RAS-18S3KS-ID/RAS-18S3AS-ID,RAS-18S3KS-ID/RAS-18S3AS-ID,Non-Inverter,1598.20,16827.94,10.52,4,4666.74,"6,846,113.45",118.014.4.39.104.19.0284,,,563,
Carrier,RAS-24S3KS-ID/RAS-24S3AS-ID,RAS-24S3KS-ID/RAS-24S3AS-ID,Non-Inverter,2120.50,22440.27,10.57,4,6191.86,"9,083,458.62",118.014.4.40.104.19.0285,,,564,
Midea,MSFO-09CRLN2(I) /MSFO-09CRLN2(O),MSFO-09CRLN2(I) /MSFO-09CRLN2(O),Non-Inverter,706.30,9012.20,12.76,4,2062.40,"3,025,534.93",118.013.4.51.104.19.0286,,,565,
Sanken,ESA-12D/L,ESA-12D/L,Non-Inverter,1064.50,11854.34,11.12,4,3108.34,"4,559,934.78",118.017.4.20.104.19.0291,,,566,
Sanken,ESA-18D/L,ESA-18D/L,Non-Inverter,1672.60,17212.20,10.28,3,4883.99,"7,164,816.26",118.017.3.21.099.19.0292,,,567,
Sanken,ESA-05D/L;EC-05ESAD/L,ESA-05D/L;EC-05ESAD/L,Non-Inverter,392.20,4937.78,12.54,4,1145.22,"1,680,043.61",118.017.4.22.104.19.0293,,,568,
Sanken,ESA-09D/L;EC-09ESAD/L,ESA-09D/L;EC-09ESAD/L,Non-Inverter,881.00,9742.83,11.04,4,2572.52,"3,773,886.84",118.017.4.23.104.19.0294,,,569,
Denpoo,DDS-05 CNI,DDS-05 CNI,Non-Inverter,394.20,4494.58,11.35,4,1151.06,"1,688,610.89",118.018.4.07.104.19.0295,,,570,
Denpoo,DDS-09 CNI,DDS-09 CNI,Non-Inverter,888.00,8680.00,9.76,2,2592.96,"3,803,872.32",118.018.2.08.104.19.0296,,,571,
Denpoo,DDS-155 CI,DDS-155 CI,Non-Inverter,388.20,4264.73,10.94,4,1133.54,"1,662,909.05",118.018.4.09.104.19.0297,,,572,
Denpoo,DDS-199 CI,DDS-199 CI,Non-Inverter,708.40,6754.16,9.51,2,2068.53,"3,034,530.58",118.018.2.10.104.19.0298,,,573,
Maspion,MAC-05ESLW / MAC-05CSLW,MAC-05ESLW / MAC-05CSLW,Non-Inverter,350.00,5000.00,11.91,4,1022.00,"1,499,274.00",011.032.4.08.104.19.0299,,,574,
Aqua,AQA-KCR5ANR(AQA-KR5ANR; AQA-CR5ANR)(AQA-KR5ANR1; AQA-CR5ANR1)(AQA-KR5ANR2; AQA-CR5ANR2),AQA-KCR5ANR(AQA-KR5ANR; AQA-CR5ANR)(AQA-KR5ANR1; AQA-CR5ANR1)(AQA-KR5ANR2; AQA-CR5ANR2),Non-Inverter,411.50,5095.88,12.33,4,1201.58,"1,762,717.86",118.021.4.34.104.19.0309,,,575,
Aqua,AQA-KCR9ANR(AQA-KR9ANR; AQA-CR9ANR)(AQA-KR9ANR1; AQA-CR9ANR1)(AQA-KR9ANR2; AQA-CR9ANR2),AQA-KCR9ANR(AQA-KR9ANR; AQA-CR9ANR)(AQA-KR9ANR1; AQA-CR9ANR1)(AQA-KR9ANR2; AQA-CR9ANR2),Non-Inverter,786.60,8890.92,11.28,4,2296.87,"3,369,511.22",118.021.4.35.104.19.0310,,,576,
Panasonic,CS-ZN5WKPCU-ZN5WKP,CS-ZN5WKPCU-ZN5WKP,Non-Inverter,328.10,4551.28,13.80,4,958.05,"1,405,462.28",118.009.4.39.104.19.0311,,,577,
Panasonic,CS-ZN9WKPCU-ZN9WKP,CS-ZN9WKPCU-ZN9WKP,Non-Inverter,751.20,9104.21,12.09,4,2193.50,"3,217,870.37",118.009.4.40.104.19.0312,,,578,
Toshiba,RAS-05S3KS-ID /RAS-05S3AS-ID,RAS-05S3KS-ID /RAS-05S3AS-ID,Non-Inverter,401.40,4773.57,11.84,4,1172.09,"1,719,453.10",118.014.4.41.104.19.0313,,,579,
Toshiba,RAS-07S3KS-ID /RAS-07S3AS-ID,RAS-07S3KS-ID /RAS-07S3AS-ID,Non-Inverter,634.00,6146.30,9.67,2,1851.28,"2,715,827.76",118.014.2.42.091.19.0314,,,580,
Toshiba,RAS-10S3KS-ID /RAS-10S3AS-ID,RAS-10S3KS-ID /RAS-10S3AS-ID,Non-Inverter,856.60,8342.15,9.72,2,2501.27,"3,669,366.02",118.014.2.43.091.19.0315,,,581,
Daikin,DAMA Non-Inverter R32 C Series 5(FTV50CXV14;RV25CXV14),DAMA Non-Inverter R32 C Series 5(FTV50CXV14;RV25CXV14),Non-Inverter,1632.06,18015.36,10.69,4,4765.62,"6,991,157.50",119.002.4.77.104.19.0316,,,582,
Daikin,DAMA Non-Inverter R32 C Series 6(FTV60CXV14;RV60CXV14),DAMA Non-Inverter R32 C Series 6(FTV60CXV14;RV60CXV14),Non-Inverter,2167.30,23475.57,10.83,4,6328.52,"9,283,932.97",119.002.4.78.104.19.0317,,,583,
Daikin,DAMA Entry Non-Inverter R32 Series 1(FTP15AV14;RP15AV14),DAMA Entry Non-Inverter R32 Series 1(FTP15AV14;RP15AV14),Non-Inverter,395.26,1416.96,12.23,4,1154.16,"1,693,151.55",119.002.4.79.104.19.0318,,,584,
Daikin,DAMA Entry Non-Inverter R32 Series 2(FTP25AV14;RP25AV14),DAMA Entry Non-Inverter R32 Series 2(FTP25AV14;RP25AV14),Non-Inverter,777.74,8377.54,10.77,4,2271.00,"3,331,558.17",119.002.4.80.104.19.0319,,,585,
Denpoo,DDS - 05 CTL ,DDS - 05 CTL ,Non-Inverter,441.40,4789.34,10.81,4,1288.89,"1,890,798.70",118.018.4.11.104.19.0321,,,586,
Denpoo,DDS - 09 CTL ,DDS - 09 CTL ,Non-Inverter,783.40,7582.80,9.66,2,2287.53,"3,355,803.58",118.018.2.12.091.19.0322,,,587,
Polytron,EAW109000(PAC 09VX-1),EAW109000(PAC 09VX-1),Non-Inverter,908.00,10081.00,11.10,4,2651.36,"3,889,545.12",118.046.4.01.104.19.0001,,,588,
Polytron,EAW055000(PAC 05VX-1),EAW055000(PAC 05VX-1),Non-Inverter,492.00,6689.00,13.61,4,1436.64,"2,107,550.88",118.046.4.02.104.19.0326,,,589,
Polytron,EAW151000(PAC 12VX-1),EAW151000(PAC 12VX-1),Non-Inverter,1103.00,12740.00,11.55,4,3220.76,"4,724,854.92",118.046.4.03.104.19.0327,,,590,
Polytron,EAW201600(PAC 18VX-1),EAW201600(PAC 18VX-1),Non-Inverter,1675.20,17639.80,10.53,4,4891.58,"7,175,953.73",118.046.4.04.104.19.0328,,,591,
Bestlife,BAC 05 CX,BAC 05 CX,Non-Inverter,485.60,5447.80,11.22,4,1417.95,"2,080,135.58",135.039.4.20.104.19.0328,,,592,
Bestlife,BAC 18 CX,BAC 18 CX,Non-Inverter,1681.40,16741.20,9.96,3,4909.69,"7,202,512.30",135.039.3.21.099.19.0329,,,593,
Midea,MSAF-18CRN2(I) /MSAF-18CRN2(O),MSAF-18CRN2(I) /MSAF-18CRN2(O),Non-Inverter,1471.60,17327.81,11.76,4,4297.07,"6,303,804.62",118.013.4.52.104.19.0330,,,594,
Midea,MSAF-24CRN2(I) /MSAF-24CRN2(O),MSAF-24CRN2(I) /MSAF-24CRN2(O),Non-Inverter,2014.00,23459.56,11.64,4,5880.88,"8,627,250.96",118.013.4.53.104.19.0331,,,595,
Bestlife,BAC 09 CX,BAC 09 CX,Non-Inverter,806.40,8781.50,10.89,4,2354.69,"3,454,327.30",135.039.4.22.104.20.0007,,,596,
Bestlife,BAC 12 CX,BAC 12 CX,Non-Inverter,1051.10,11159.20,10.62,4,3069.21,"4,502,534.00",135.039.4.23.104.20.0008,,,597,
Polytron,EAW055000(PAC 05VG-1),EAW055000(PAC 05VG-1),Non-Inverter,495.00,5732.00,11.58,4,1445.40,"2,120,401.80",118.046.4.05.104.20.0009,,,598,
Polytron,EAW109000(PAC 09VG-1),EAW109000(PAC 09VG-1),Non-Inverter,859.00,9607.00,11.18,4,2508.28,"3,679,646.76",118.046.4.06.104.20.0010,,,599,
Polytron,EAW151000(PAC 12VG-1),EAW151000(PAC 12VG-1),Non-Inverter,1178.70,12927.30,10.97,4,3441.80,"5,049,126.47",118.046.4.07.104.20.0011,,,600,
Polytron,EAW201600(PAC 18VG-1),EAW201600(PAC 18VG-1),Non-Inverter,1675.50,18389.50,10.98,4,4892.46,"7,177,238.82",118.046.4.08.104.20.0012,,,601,
Honshu,HSWS05ES/HSWS05ES,HSWS05ES/HSWS05ES,Non-Inverter,400.28,5044.04,12.60,4,1168.82,"1,714,655.42",118.024.4.10.104.20.0017,,,602,
Honshu,HSWS09ES/HSWS09ES,HSWS09ES/HSWS09ES,Non-Inverter,784.42,8300.76,10.58,4,2290.51,"3,360,172.89",118.024.4.11.104.20.0018,,,603,
Honshu,HSWS12ES/HSWS12ES,HSWS12ES/HSWS12ES,Non-Inverter,1066.08,11362.18,10.66,4,3112.95,"4,566,702.93",118.024.4.12.104.20.0019,,,604,
Honshu,HSWS18ES/HSWS18ES,HSWS18ES/HSWS18ES,Non-Inverter,1500.43,16200.43,10.80,4,4381.26,"6,427,301.97",118.024.4.13.104.20.0020,,,605,
Honshu,HSWS24ES/HSWS24ES,HSWS24ES/HSWS24ES,Non-Inverter,2348.59,23419.05,9.97,3,6857.88,"10,060,514.07",118.024.3.14.099.20.0021,,,606,
Samsung,AR05TGHQASINSE /AR05TGHQASIXSE,AR05TGHQASINSE /AR05TGHQASIXSE,Non-Inverter,337.80,4454.02,13.13,4,986.38,"1,447,013.59",118.001.4.32.104.20.0022,,,607,
Samsung,AR09TGHQASINSE /AR09TGHQASIXSE,AR09TGHQASINSE /AR09TGHQASIXSE,Non-Inverter,770.10,8268.24,10.71,4,2248.69,"3,298,831.16",118.001.4.33.104.20.0023,,,608,
Samsung,AR12TGHQASINSE /AR12TGHQASIXSE,AR12TGHQASINSE /AR12TGHQASIXSE,Non-Inverter,991.00,11477.85,11.56,4,2893.72,"4,245,087.24",118.001.4.34.104.20.0024,,,609,
Samsung,AR18TGHQASINSE /AR18TGHQASIXSE,AR18TGHQASINSE /AR18TGHQASIXSE,Non-Inverter,1499.10,16925.04,11.28,4,4377.37,"6,421,604.72",118.001.4.35.104.20.0025,,,610,
Mitsubishi Heavy Industries,SRK10YW-W3/SRC10YW-W3,SRK10YW-W3/SRC10YW-W3,Non-Inverter,745.00,8530.00,11.87,4,2175.40,"3,191,311.80",113.015.4.25.104.20.0026,,,611,
Mitsubishi Heavy Industries,SRK13YW-W3/SRC13YW-W3,SRK13YW-W3/SRC13YW-W3,Non-Inverter,1055.00,10912.00,10.78,4,3080.60,"4,519,240.20",113.015.4.26.104.20.0027,,,612,
Mitsubishi Heavy Industries,SRK18YW-W3/SRC18YW-W3,SRK18YW-W3/SRC18YW-W3,Non-Inverter,1470.00,17055.00,11.29,4,4292.40,"6,296,950.80",113.015.4.27.104.20.0028,,,613,
Fujitsu,ASAG09JLCA /AOAG09JLCA,ASAG09JLCA /AOAG09JLCA,Non-Inverter,726.00,9103.22,16.64,4,2119.92,"3,109,922.64",119.036.4.13.104.20.0029,,,614,
Fujitsu,ASAG12JLCA /AOAG12JLCA,ASAG12JLCA /AOAG12JLCA,Non-Inverter,1044.00,11825.99,16.06,4,3048.48,"4,472,120.16",119.036.4.14.104.20.0030,,,615,
Fujitsu,ASAA18JCC /AOAR18JCC,ASAA18JCC /AOAR18JCC,Non-Inverter,1264.00,16855.28,15.02,4,3690.88,"5,414,520.96",119.036.4.15.104.20.0031,,,616,
Carrier,42KHA005N8FS38KHA005N8FS,42KHA005N8FS38KHA005N8FS,Non-Inverter,357.50,5689.60,15.91,4,1043.90,"1,531,401.30",118.014.4.44.104.20.0032,,,617,
Carrier,42KHA009N8FS38KHA009N8FS,42KHA009N8FS38KHA009N8FS,Non-Inverter,821.90,8681.60,10.56,4,2399.95,"3,520,723.72",118.014.4.45.104.20.0033,,,618,
Carrier,42KHA012N8FS38KHA012N8FS,42KHA012N8FS38KHA012N8FS,Non-Inverter,1054.60,13134.80,12.45,4,3079.43,"4,517,526.74",118.014.4.46.104.20.0034,,,619,
Carrier,42KHA018N8FS38KHA018N8FS,42KHA018N8FS38KHA018N8FS,Non-Inverter,1565.40,18467.40,11.80,4,4570.97,"6,705,610.06",118.014.4.47.104.20.0035,,,620,
Carrier,42KHA024N8FS38KHA024N8FS,42KHA024N8FS38KHA024N8FS,Non-Inverter,2013.60,23761.94,11.79,4,5879.71,"8,625,537.50",118.014.4.48.104.20.0036,,,621,
Hitachi,RAS-EJ10CKN /RAC-EJ10CKN,RAS-EJ10CKN /RAC-EJ10CKN,Non-Inverter,804.30,8554.80,10.61,4,2348.56,"3,445,331.65",119.048.4.01.104.20.0037,,,622,
Hitachi,RAS-EJ13CKN /RAC-EJ13CKN,RAS-EJ13CKN /RAC-EJ13CKN,Non-Inverter,981.60,11398.80,11.60,4,2866.27,"4,204,821.02",119.048.4.02.104.20.0038,,,623,
Hitachi,RAS-EJ18CKN /RAC-EJ18CKN,RAS-EJ18CKN /RAC-EJ18CKN,Non-Inverter,1882.00,18044.20,9.59,2,5495.44,"8,061,810.48",119.048.2.03.091.20.0039,,,624,
Hitachi,RAS-EJ24CKN /RAC-EJ24CKN,RAS-EJ24CKN /RAC-EJ24CKN,Non-Inverter,1962.60,22205.90,11.33,4,5730.79,"8,407,071.86",119.048.4.04.104.20.0040,,,625,
Samsung,AR07NRFLDWKN /AR07NRFLDWKX,AR07NRFLDWKN /AR07NRFLDWKX,Non-Inverter,635.40,7272.38,11.41,4,1855.37,"2,721,824.86",118.001.4.36.104.20.0045,,,626,
Fujiaire,FW05L1H-2A1N /FL05L1H-2A1N,FW05L1H-2A1N /FL05L1H-2A1N,Non-Inverter,385.00,4577.88,11.90,4,1124.20,"1,649,201.40",119.020.4.05.104.20.0046,,,627,
Fujiaire,FW07L1H-2A1N /FL07L1H-2A1N,FW07L1H-2A1N /FL07L1H-2A1N,Non-Inverter,572.00,7257.33,12.69,4,1670.24,"2,450,242.08",119.020.4.06.104.20.0047,,,628,
Fujiaire,FW10C1H-2A1N /FL10C1H-2A1N,FW10C1H-2A1N /FL10C1H-2A1N,Non-Inverter,887.00,8617.00,9.72,2,2590.04,"3,799,588.68",119.020.2.07.091.20.0048,,,629,
Fujiaire,FW15C1H-2A1N /FL15C1H-2A1N,FW15C1H-2A1N /FL15C1H-2A1N,Non-Inverter,1030.00,10556.73,10.25,3,3007.60,"4,412,149.20",119.020.3.08.099.20.0049,,,630,
Fujiaire,FW20C1H-2A1N /FL20C1H-2A1N,FW20C1H-2A1N /FL20C1H-2A1N,Non-Inverter,1630.00,15910.16,9.76,2,4759.60,"6,982,333.20",119.020.2.09.091.20.0050,,,631,
Fujiaire,FW25C1H-2A1N /FL25C1H-2A1N,FW25C1H-2A1N /FL25C1H-2A1N,Non-Inverter,2000.00,22768.27,11.38,4,5840.00,"8,567,280.00",119.020.4.10.104.20.0051,,,632,
Toshiba,RAS-05J2KG-ID (I) / RAS-05J2AG-ID (O),RAS-05J2KG-ID (I) / RAS-05J2AG-ID (O),Non-Inverter,353.60,4617.23,12.99,4,1032.51,"1,514,695.10",118.040.4.10.104.20.0052,,,633,
Toshiba,RAS-09J2KG-ID (I) / RAS-09J2AG-ID (O),RAS-09J2KG-ID (I) / RAS-09J2AG-ID (O),Non-Inverter,780.10,8591.32,10.99,4,2277.89,"3,341,667.56",118.040.4.11.104.20.0053,,,634,
Toshiba,RAS-012J2KG-ID (I) / RAS-012J2AG-ID (O),RAS-012J2KG-ID (I) / RAS-012J2AG-ID (O),Non-Inverter,1080.50,11934.34,11.03,4,3155.06,"4,628,473.02",118.040.4.12.104.20.0054,,,635,
Toshiba,RAS-018J2KG-ID (I) / RAS-018J2AG-ID (O),RAS-018J2KG-ID (I) / RAS-018J2AG-ID (O),Non-Inverter,1500.60,17071.55,11.36,4,4381.75,"6,428,030.18",118.040.4.13.104.20.0055,,,636,
Panasonic,CU/CS-XN5WKJ; CU/CS-KN5WKJ,CU/CS-XN5WKJ; CU/CS-KN5WKJ,Non-Inverter,375.20,5045.00,13.44,4,1095.58,"1,607,221.73",119.006.4.30.104.20.0056,,,637,
Panasonic,CU/CS-PN5WKJ; CU/CS-LN5WKJ; CU/CS-YN5WKJ,CU/CS-PN5WKJ; CU/CS-LN5WKJ; CU/CS-YN5WKJ,Non-Inverter,413.70,4770.00,11.53,4,1208.00,"1,772,141.87",119.006.4.31.104.20.0057,,,638,
Panasonic,CU/CS-XN7WKJ; CU/CS-KN7WKJ,CU/CS-XN7WKJ; CU/CS-KN7WKJ,Non-Inverter,593.20,6928.00,11.67,4,1732.14,"2,541,055.25",119.006.4.32.104.20.0058,,,639,
Panasonic,CU/CS-PN7WKJ; CU/CS-LN7WKJ,CU/CS-PN7WKJ; CU/CS-LN7WKJ,Non-Inverter,597.10,6719.00,11.25,4,1743.53,"2,557,761.44",119.006.4.33.104.20.0059,,,640,
Panasonic,CU/CS-YN7WKJ,CU/CS-YN7WKJ,Non-Inverter,664.90,7173.00,10.79,4,1941.51,"2,848,192.24",119.006.4.34.104.20.0060,,,641,
Panasonic,CU/CS-XN9WKJ; CU/CS-KN9WKJ,CU/CS-XN9WKJ; CU/CS-KN9WKJ,Non-Inverter,729.40,8726.00,11.96,4,2129.85,"3,124,487.02",119.006.4.35.104.20.0061,,,642,
Panasonic,CU/CS-PN9WKJ; CU/CS-LN9WKJ,CU/CS-PN9WKJ; CU/CS-LN9WKJ,Non-Inverter,726.90,8204.00,11.28,4,2122.55,"3,113,777.92",119.006.4.36.104.20.0062,,,643,
Panasonic,CU/CS-YN9WKJ,CU/CS-YN9WKJ,Non-Inverter,781.00,8421.00,10.78,4,2280.52,"3,345,522.84",119.006.4.37.104.20.0063,,,644,
Panasonic,CU/CS-PN12WKJ; CU/CS-LN12WKJ,CU/CS-PN12WKJ; CU/CS-LN12WKJ,Non-Inverter,1018.10,11563.00,11.35,4,2972.85,"4,361,173.88",119.006.4.38.104.20.0064,,,645,
Panasonic,CU/CS-YN12WKJ,CU/CS-YN12WKJ,Non-Inverter,1034.20,11100.00,10.73,4,3019.86,"4,430,140.49",119.006.4.39.104.20.0065,,,646,
Panasonic,CU/CS-PN18WKJ; CU/CS-LN18WKJ,CU/CS-PN18WKJ; CU/CS-LN18WKJ,Non-Inverter,1594.90,17733.00,11.14,4,4657.11,"6,831,977.44",119.006.4.40.104.20.0066,,,647,
Panasonic,CU/CS-YN18WKJ,CU/CS-YN18WKJ,Non-Inverter,1634.50,17479.00,10.71,4,4772.74,"7,001,609.58",119.006.4.41.104.20.0067,,,648,
Panasonic,CU/CS-PN24WKJ; CU/CS-LN24WKJ,CU/CS-PN24WKJ; CU/CS-LN24WKJ,Non-Inverter,2113.40,22945.00,10.86,4,6171.13,"9,053,044.78",119.006.4.42.104.20.0068,,,649,
Panasonic,CU/CS-YN24WKJ,CU/CS-YN24WKJ,Non-Inverter,2111.80,22543.00,10.68,4,6166.46,"9,046,190.95",119.006.4.43.104.20.0069,,,650,
Gree,GWC05NAS/I;GWC05NAS/O,GWC05NAS/I;GWC05NAS/O,Non-Inverter,374.90,4604.20,12.28,4,1094.71,"1,605,936.64",113.030.4.23.104.20.0070,,,651,
Gree,GWC07NAS/I;GWC07NAS/O,GWC07NAS/I;GWC07NAS/O,Non-Inverter,580.90,6670.94,11.50,4,1696.23,"2,488,366.48",113.030.4.24.104.20.0071,,,652,
Gree,GWC09NAS/I;GWC09NAS/O,GWC09NAS/I;GWC09NAS/O,Non-Inverter,773.30,8655.96,11.19,4,2258.04,"3,312,538.81",113.030.4.25.104.20.0072,,,653,
Gree,GWC12NAS/I;GWC12NAS/O,GWC12NAS/I;GWC12NAS/O,Non-Inverter,1053.90,11799.70,11.19,4,3077.39,"4,514,528.20",113.030.4.26.104.20.0073,,,654,
Gree,GWC18NAS/I;GWC18NAS/O,GWC18NAS/I;GWC18NAS/O,Non-Inverter,1671.70,17490.10,10.48,4,4881.36,"7,160,960.99",113.030.4.27.104.20.0074,,,655,
Gree,GWC24NAS/I;GWC24NAS/O,GWC24NAS/I;GWC24NAS/O,Non-Inverter,2061.40,21473.00,10.41,4,6019.29,"8,830,295.50",113.030.4.28.104.20.0075,,,656,
Gree,GWC05LWS/I;GWC05LWS/O,GWC05LWS/I;GWC05LWS/O,Non-Inverter,328.90,4526.10,13.75,4,960.39,"1,408,889.20",113.030.4.29.104.20.0076,,,657,
Gree,GWC07LWS/I;GWC07LWS/O,GWC07LWS/I;GWC07LWS/O,Non-Inverter,542.60,6605.50,12.18,4,1584.39,"2,324,303.06",113.030.4.30.104.20.0077,,,658,
Gree,GWC09LWS/I;GWC09LWS/O,GWC09LWS/I;GWC09LWS/O,Non-Inverter,703.50,8412.40,11.94,4,2054.22,"3,013,540.74",113.030.4.31.104.20.0078,,,659,
Akari,A-12D7LWi / A-12D7LWk,A-12D7LWi / A-12D7LWk,Non-Inverter,1050.20,11360.10,10.82,4,3066.58,"4,498,678.73",119.010.4.11.104.20.0081,,,660,
Sharp,AH-A9UCY /AU-A9UCY;AH-A9VEY /AU-A9VEY,AH-A9UCY /AU-A9UCY;AH-A9VEY /AU-A9VEY,Non-Inverter,719.30,9239.03,12.81,4,2100.36,"3,081,222.25",118.008.4.48.104.20.0082,,,661,
Changhong,CSC-05NVB2,CSC-05NVB2,Non-Inverter,440.20,5117.70,11.62,4,1285.38,"1,885,658.33",135.029.4.16.104.20.0083,,,662,
Changhong,CHOL-05L,CHOL-05L,Non-Inverter,440.20,5117.70,11.62,4,1285.38,"1,885,658.33",135.029.4.17.104.20.0084,,,663,
Changhong,CSC-09NVB2,CSC-09NVB2,Non-Inverter,818.80,8975.80,10.96,4,2390.90,"3,507,444.43",135.029.4.18.104.20.0085,,,664,
Toshiba,RAS-05J2KG-ID (I)RAS-05J2AG-ID (O),RAS-05J2KG-ID (I)RAS-05J2AG-ID (O),Non-Inverter,353.60,4617.23,12.99,4,1032.51,"1,514,695.10",118.040.4.14.104.20.0086,,,665,
Toshiba,RAS-09J2KG-ID (I)RAS-09J2AG-ID (O),RAS-09J2KG-ID (I)RAS-09J2AG-ID (O),Non-Inverter,780.10,8591.32,10.99,4,2277.89,"3,341,667.56",118.040.4.15.104.20.0087,,,666,
Toshiba,RAS-012J2KG-ID (I)RAS-012J2AG-ID (O),RAS-012J2KG-ID (I)RAS-012J2AG-ID (O),Non-Inverter,1080.50,11934.34,11.03,4,3155.06,"4,628,473.02",118.040.4.16.104.20.0088,,,667,
Toshiba,RAS-018J2KG-ID (I)RAS-018J2AG-ID (O),RAS-018J2KG-ID (I)RAS-018J2AG-ID (O),Non-Inverter,1500.60,17071.55,11.36,4,4381.75,"6,428,030.18",118.040.4.17.104.20.0089,,,668,
TCL,TAC-12CSA,TAC-12CSA,Non-Inverter,1113.60,11234.00,10.09,3,3251.71,"4,770,261.50",118.050.3.01.099.20.0090,,,669,
TCL,TAC-18CSA,TAC-18CSA,Non-Inverter,1546.50,17173.40,11.10,4,4515.78,"6,624,649.26",118.050.4.02.104.20.0091,,,670,
DR Kuhler ,GWC12NAS/I;GWC12NAS/O,GWC12NAS/I;GWC12NAS/O,Non-Inverter,1060.80,11696.80,11.02,4,3097.54,"4,544,085.31",113.030.4.32.104.20.0092,,,671,
DR Kuhler ,GWC18NAS/I;GWC18NAS/O,GWC18NAS/I;GWC18NAS/O,Non-Inverter,1691.00,17721.50,10.48,4,4937.72,"7,243,635.24",113.030.4.33.104.20.0093,,,672,
Samsung,AR05NRFLDWKNSE/AR05NRFLDWKXSE,AR05NRFLDWKNSE/AR05NRFLDWKXSE,Non-Inverter,389.70,5015.71,12.82,4,1137.92,"1,669,334.51",118.051.4.01.104.20.0094,,,673,
Samsung,AR09NRFLDWKNSE/AR09NRFLDWKXSE ,AR09NRFLDWKNSE/AR09NRFLDWKXSE ,Non-Inverter,831.50,8953.29,10.74,4,2427.98,"3,561,846.66",118.051.4.02.104.20.0095,,,674,
Samsung, AR12NRFLDWKNSE/AR12NRFLDWKXSE, AR12NRFLDWKNSE/AR12NRFLDWKXSE,Non-Inverter,1088.60,11981.61,10.99,4,3178.71,"4,663,170.50",118.051.4.03.104.20.0096,,,675,
Samsung,AR07NRFLDWKNSE/AR07NRFLDWKXSE ,AR07NRFLDWKNSE/AR07NRFLDWKXSE ,Non-Inverter,643.30,6922.85,10.73,4,1878.44,"2,755,665.61",118.051.4.04.104.20.0097,,,676,
Samsung, AR18NRFLDWKNSE/AR18NRFLDWKXSE, AR18NRFLDWKNSE/AR18NRFLDWKXSE,Non-Inverter,1637.60,18171.20,11.08,4,4781.79,"7,014,888.86",118.051.4.05.104.20.0098,,,677,
Samsung,AR05TGHQASINSE / AR05TGHQASIXSE,AR05TGHQASINSE / AR05TGHQASIXSE,Non-Inverter,345.60,4543.01,13.08,4,1009.15,0.00,118.051.4.06.104.20.0103,,,678,
Samsung,AR09TGHQASINSE / AR09TGHQASIXSE,AR09TGHQASINSE / AR09TGHQASIXSE,Non-Inverter,767.10,9039.69,11.76,4,2239.93,"3,236,029.76",118.051.4.07.104.20.0104,,,679,
Samsung,AR12TGHQASINSE / AR12TGHQASIXSE,AR12TGHQASINSE / AR12TGHQASIXSE,Non-Inverter,1016.00,11537.07,11.34,4,2966.72,"4,286,020.38",118.051.4.08.104.20.0105,,,680,
Samsung,AR18TGHQASINSE / AR18TGHQASIXSE,AR18TGHQASINSE / AR18TGHQASIXSE,Non-Inverter,1483.70,17040.21,10.79,4,4332.40,"6,259,024.06",118.051.4.09.104.20.0106,,,681,
Panasonic,CS/CU-ZN7WKP,CS/CU-ZN7WKP,Non-Inverter,674.50,7278.50,10.79,4,1969.54,"2,845,394.44",118.009.4.41.104.20.0107,,,682,
Hisense,AN05CEG AN05CDG,AN05CEG AN05CDG,Non-Inverter,423.10,5014.78,11.80,4,1235.45,"1,784,857.50",118.049.4.01.104.20.0108,,,683,
Hisense,AN09CDG,AN09CDG,Non-Inverter,825.30,8973.93,10.85,4,2409.88,"3,481,547.86",118.049.4.02.104.20.0109,,,684,
Hisense,AN12CDG,AN12CDG,Non-Inverter,979.00,11529.53,11.76,4,2858.68,"4,129,935.00",118.049.4.03.104.20.0110,,,685,
Hisense,AN18CDG,AN18CDG,Non-Inverter,1631.60,11766.87,10.88,4,4764.27,"6,882,943.76",118.049.4.04.104.20.0111,,,686,
TCL,TAC-05CSA,TAC-05CSA,Non-Inverter,439.10,4845.80,11.04,4,1282.17,"1,852,353.89",118.050.4.03.104.20.0115,,,687,
TCL,TAC-09CSA,TAC-09CSA,Non-Inverter,764.30,8433.77,10.89,4,2231.76,"3,224,217.89",118.050.4.04.104.20.0119,,,688,
Gree,GWC-12MOO/I; GWC-12MOO/O,GWC-12MOO/I; GWC-12MOO/O,Non-Inverter,1109.10,11534.99,10.38,3,3238.57,0.00,118.011.3.55.099.20.0118,,,689,
Midea,MSAF-07CRN2(I)/(O),MSAF-07CRN2(I)/(O),Non-Inverter,581.80,7359.93,10.77,4,1698.86,"2,454,337.26",118.013.4.59.104.20.0120,,,690,
Sharp,AH-A18SAY2 / AU-A18SAY2,AH-A18SAY2 / AU-A18SAY2,Non-Inverter,1722.00,17628.85,10.23,3,5028.24,"7,264,298.33",118.008.3.49.099.20.0121,,,691,
Gree,GWC-05MOO5/I; GWC-05MOO5/O,GWC-05MOO5/I; GWC-05MOO5/O,Non-Inverter,381.80,4733.24,12.34,4,1114.86,"1,610,632.46",118.011.4.56.104.20.0122,,,692,
Gree,GWC-07MOO5/I; GWC-07MOO5/O,GWC-07MOO5/I; GWC-07MOO5/O,Non-Inverter,594.60,6570.55,11.02,4,1736.23,"2,508,334.37",118.011.4.57.104.20.0123,,,693,
Gree,GWC-09MOO5/I; GWC-09MOO5/O,GWC-09MOO5/I; GWC-09MOO5/O,Non-Inverter,757.00,8273.32,10.90,4,2210.44,"3,193,422.67",118.011.4.58.104.20.0124,,,694,
Gree,GWC-12MOO5/I; GWC-12MOO5/O,GWC-12MOO5/I; GWC-12MOO5/O,Non-Inverter,1039.30,12057.50,11.58,4,3034.76,"4,384,311.99",118.011.4.59.104.20.0125,,,695,
Gree,GWC-18MOO5/I; GWC-18MOO5/O,GWC-18MOO5/I; GWC-18MOO5/O,Non-Inverter,1606.00,17490.72,10.88,4,4689.52,"6,774,949.54",118.011.4.60.104.20.0126,,,696,
Gree,GWC-24MOO5/I; GWC-24MOO5/O,GWC-24MOO5/I; GWC-24MOO5/O,Non-Inverter,2253.90,23422.15,10.38,3,6581.39,"9,508,131.24",118.011.3.61.099.20.0127,,,697,
Mitsubishi Heavy Industries,SRK05CXP-W3 / SRC05CXP-W3,SRK05CXP-W3 / SRC05CXP-W3,Non-Inverter,351.60,4701.23,13.31,4,1026.67,"1,483,233.04",113.015.4.28.104.20.0128,,,698,
Mitsubishi Heavy Industries,SRK09CXP-W3 / SRC09CXP-W3,SRK09CXP-W3 / SRC09CXP-W3,Non-Inverter,781.30,8822.72,11.27,4,2281.40,"3,295,932.80",113.015.4.29.104.20.0129,,,699,
Mitsubishi Heavy Industries,SRK12CXP-W3 / SRC12CXP-W3,SRK12CXP-W3 / SRC12CXP-W3,Non-Inverter,1034.40,11277.98,10.88,4,3020.45,"4,363,641.23",113.015.4.30.104.20.0130,,,700,
Mitsubishi Heavy Industries,SRK18CXP-W3 / SRC18CXP-W3,SRK18CXP-W3 / SRC18CXP-W3,Non-Inverter,1492.80,17469.16,11.69,4,4358.98,"6,297,412.63",113.015.4.31.104.20.0131,,,701,
Sharp,AH-A5UCYN /  AU-A5UCYN;  AH-A5VEYN /  AU-A5VEYN,AH-A5UCYN /  AU-A5UCYN;  AH-A5VEYN /  AU-A5VEYN,Non-Inverter,339.30,4520.99,13.25,4,990.76,"1,431,345.19",118.053.4.01.104.20.0137,,,702,
Sharp,AH-A7UCYN /  AU-A7UCYN;  AH-A7VEYN /  AU-A7VEYN,AH-A7UCYN /  AU-A7UCYN;  AH-A7VEYN /  AU-A7VEYN,Non-Inverter,531.20,6320.23,11.86,4,1551.10,"2,240,879.95",118.053.4.02.104.20.0138,,,703,
Sharp,AH-A9UCYN /  AU-A9UCYN;  AH-A9VEYN /  AU-A9VEYN,AH-A9UCYN /  AU-A9UCYN;  AH-A9VEYN /  AU-A9VEYN,Non-Inverter,728.80,8261.52,11.31,4,2128.10,"3,074,460.29",118.053.4.03.104.20.0139,,,704,
Sharp,AH-A12UCYN /  AU-A12UCYN;  AH-A12VEYN /  AU-A12VEYN,AH-A12UCYN /  AU-A12UCYN;  AH-A12VEYN /  AU-A12VEYN,Non-Inverter,1024.60,11978.54,11.67,4,2991.83,"4,322,299.69",118.053.4.04.104.20.0140,,,705,
Sharp,AH-A18UCYN /  AU-A18UCYN,AH-A18UCYN /  AU-A18UCYN,Non-Inverter,1543.40,17732.84,11.48,4,4506.73,"6,510,869.94",118.053.4.05.104.20.0141,,,706,
Sharp,AH-A24UCYN /  AU-A24UCYN,AH-A24UCYN /  AU-A24UCYN,Non-Inverter,2116.30,24034.47,11.35,4,6179.60,"8,927,662.34",118.053.4.06.104.20.0142,,,707,
Denpoo,1/2 PK,1/2 PK,Non-Inverter,430.60,5226.89,12.09,4,1257.35,"1,816,496.43",118.054.4.01.104.20.0143,,,708,
Denpoo,1 PK,1 PK,Non-Inverter,798.30,8518.86,10.65,4,2331.04,"3,367,647.71",118.054.4.02.104.20.0144,,,709,
Polytron,EAW053900,PAC 05VH,Non-Inverter,394.80,5347.90,13.54,4,1152.82,"1,665,473.28",118.046.4.09.104.20.0145,,,710,
Polytron,EAW108000,PAC 09VH,Non-Inverter,792.40,8844.70,11.16,4,2313.81,"3,342,758.42",118.046.4.10.104.20.0146,,,711,
Polytron,EAW159900,PAC 12VH;  PAC 12VZ,Non-Inverter,972.60,11137.60,11.45,4,2839.99,"4,102,936.44",118.046.4.11.104.20.0147,,,712,
Polytron,EAW201601,PAC 18VH;  PAC 18VZ,Non-Inverter,1607.40,17985.50,11.19,4,4693.61,"6,780,855.48",118.046.4.12.104.20.0148,,,713,
Denpoo,DENPOO DDS 05SHB,DENPOO DDS 05SHB,Non-Inverter,429.20,5239.44,12.15,4,1253.26,"1,810,590.50",118.018.4.13.104.20.0149,,,714,
Denpoo,DENPOO DDS 09SHB,DENPOO DDS 09SHB,Non-Inverter,803.70,8546.66,10.61,4,2346.80,"3,390,427.74",118.018.4.14.104.20.0150,,,715,
LG,S3-C05TZ,H05TN4 NCAX; H05TN4 UCAX,Non-Inverter,359.90,4703.01,13.00,4,1050.91,"1,518,246.79",118.004.4.48.104.20.0151,,,716,
Midea,MSAF-05CRN2(I)/(O),MSAF-05CRN2(I)/(O),Non-Inverter,359.80,4284.30,11.91,4,1050.62,"1,517,824.94",135.013.4.60.104.21.0001,,,717,
Midea,MSAF-09CRN2(I)/(O),MSAF-09CRN2(I)/(O),Non-Inverter,778.40,8732.50,11.22,4,2272.93,"3,283,699.08",135.013.4.61.104.21.0002,,,718,
LG,S3-C05TZ2,H05TN4 NCAX2 / H05TN4 UCAX2,Non-Inverter,386.00,5104.16,13.17,4,1127.12,"1,628,350.26",118.004.4.51.104.21.0003,,,719,
Sharp,AH-A5SAYN / AU-A5SAYN; AH-AP5SSYN / AU-A5SSYN,AH-A5SAYN / AU-A5SAYN; AH-AP5SSYN / AU-A5SSYN,Non-Inverter,417.40,5051.38,12.06,4,1218.81,"1,760,811.92",118.053.4.10.104.21.0006,,,720,
Sharp,AH-A9SAYN / AU-A9SAYN; AH-AP9SSYN / AU-A9SSYN,AH-A9SAYN / AU-A9SAYN; AH-AP9SSYN / AU-A9SSYN,Non-Inverter,830.80,9038.74,10.92,4,2425.94,"3,504,749.74",118.053.4.11.104.21.0007,,,721,
Sanken,ESC-05D/ESC-05L,ESC-05D/ESC-05L,Non-Inverter,358.30,4327.30,12.08,4,1046.24,"1,511,497.15",118.017.4.24.104.21.0008,,,722,
Sanken,ESC-09D/ESC-09L,ESC-09D/ESC-09L,Non-Inverter,782.80,8438.20,10.78,4,2285.78,"3,302,260.59",118.017.4.25.104.21.0009,,,723,
Sanken,ESC-12D/ESC-12L,ESC-12D/ESC-12L,Non-Inverter,1044.40,11286.40,10.81,4,3049.65,"4,405,826.47",118.017.4.26.104.21.0010,,,724,
Sanken,ESC-18D/ESC-18L,ESC-18D/ESC-18L,Non-Inverter,1533.20,16234.10,10.59,4,4476.94,"6,467,835.22",118.017.4.27.104.21.0011,,,725,
Polytron,EAW064500,PAC 05VZ,Non-Inverter,466.40,6218.60,13.33,4,1361.89,"1,967,519.59",011.003.4.11.104.21.0012,,,726,
Polytron,EAW108000,PAC 09VZ,Non-Inverter,816.00,9577.50,11.74,4,2328.72,"3,364,301.78",011.003.4.12.104.21.0013,,,727,
Daikin,SMS Non-Inverter R32 Series 1,FTC15NV14 / RC15NV14,Non-Inverter,373.10,4848.11,12.99,4,1089.45,"1,573,931.30",119.002.4.93.104.21.0021,,,728,
Daikin,SMS Non-Inverter R32 Series 2,FTC20NV14 / RC20NV14,Non-Inverter,619.60,6837.65,11.04,4,1809.23,"2,613,797.47",119.002.4.94.104.21.0022,,,729,
Daikin,SMS Non-Inverter R32 Series 3,FTC25NV14 / RC25NV14,Non-Inverter,802.60,9334.55,11.63,4,2343.59,"3,385,787.36",119.002.4.95.104.21.0023,,,730,
Daikin,SMS Non-Inverter R32 Series 4,FTC35NV14 / RC35NV14,Non-Inverter,902.80,10958.32,12.14,4,2636.18,0.00,119.002.4.96.104.21.0024,,,731,
Daikin,SMS Non-Inverter R32 Series 5,FTC50NV14 / RC50NV14,Non-Inverter,1501.50,16607.57,11.06,4,4348.38,"6,282,104.59",119.002.4.97.104.21.0025,,,732,
Daikin,SMS Non-Inverter R32 Series 6,FTC60NV14 / RC60NV14,Non-Inverter,1874.40,21539.27,11.49,4,5473.25,"7,907,201.39",119.002.4.98.104.21.0026,,,733,
Midea,MSFC-12CRN1-32(I)/(O),MSFC-12CRN1-32(I)/(O),Non-Inverter,1053.90,11509.90,10.92,4,3077.39,"4,445,902.44",118.013.4.62.104.21.0041,,,734,
Gree,GWC-05MOO5A/I; GWC-05MOO5A/O,GWC-05MOO5A/I; GWC-05MOO5A/O,Non-Inverter,387.90,4269.02,10.96,4,1132.67,"1,636,365.46",118.011.4.67.104.21.0042,,,735,
Gree,GWC-07MOO5A/I; GWC-07MOO5A/O,GWC-07MOO5A/I; GWC-07MOO5A/O,Non-Inverter,593.50,6416.15,10.78,4,1733.02,"2,503,693.99",118.011.4.68.104.21.0043,,,736,
Gree,GWC-09MOO5A/I; GWC-09MOO5A/O,GWC-09MOO5A/I; GWC-09MOO5A/O,Non-Inverter,755.00,7842.73,10.37,3,2204.60,"3,184,985.62",118.011.3.69.099.21.0044,,,737,
Gree,GWC-12MOO5A/I; GWC-12MOO5A/O,GWC-12MOO5A/I; GWC-12MOO5A/O,Non-Inverter,1029.70,11155.75,10.82,4,3006.72,"4,343,814.16",118.011.4.70.104.21.0045,,,738,
Gree,GWC-18MOO5A/I; GWC-18MOO5A/O,GWC-18MOO5A/I; GWC-18MOO5A/O,Non-Inverter,15569.00,16427.72,10.46,4,4581.48,"6,618,864.16",118.011.4.71.104.21.0046,,,739,
Gree,GWC-24MOO5A/I; GWC-24MOO5A/O,GWC-24MOO5A/I; GWC-24MOO5A/O,Non-Inverter,2211.80,22079.07,9.98,3,6458.46,"9,330,531.38",118.001.3.72.099.21.0047,,,740,
Aqua,AQA-KCR5AHR,AQA-KCR5AHR,Non-Inverter,424.50,4845.20,11.41,4,1239.54,"1,790,763.44",135.055.4.01.104.21.0048,,,741,
Midea,MSAF-05CRN2(I)/(O),MSAF-05CRN2(I)/(O),Non-Inverter,359.80,4248.30,11.91,4,1050.62,"1,517,824.94",135.013.4.63.104.21.0049,,,742,
Midea,MSAF-09CRN2(I)/(O),MSAF-09CRN2(I)/(O),Non-Inverter,778.40,8732.50,11.22,4,2272.93,"3,283,699.08",135.013.4.64.104.21.0050,,,743,
Midea,MSAF-12CRN2(I)/(O),MSAF-12CRN2(I)/(O),Non-Inverter,1025.70,11344.70,11.06,4,2995.04,"4,326,940.07",135.013.4.65.104.21.0051,,,744,
Midea,MSAF-18CRN2(I)/(O),MSAF-18CRN2(I)/(O),Non-Inverter,1639.10,17162.60,10.47,4,4786.17,"6,914,582.69",135.013.4.66.104.21.0052,,,745,
Midea,MSAF-24CRN2(I)/(O),MSAF-24CRN2(I)/(O),Non-Inverter,2004.50,23162.00,11.55,4,5853.14,"8,456,031.36",135.013.4.67.104.21.0053,,,746,
Midea,MSFC-05CRN1-32(I)/(O); MSAF-05CRN2(I)/(O),MSFC-05CRN1-32(I)/(O); MSAF-05CRN2(I)/(O),Non-Inverter,361.20,4376.80,12.12,4,1054.70,"1,523,730.87",135.013.4.68.104.21.0061,,,747,
Midea,MSFC-09CRN1-32(I)/(O); MSAF-09CRN2(I)/(O),MSFC-09CRN1-32(I)/(O); MSAF-09CRN2(I)/(O),Non-Inverter,797.00,8516.90,10.69,4,2327.24,"3,362,163.63",135.013.4.69.104.21.0062,,,748,
Midea,MSAF-12CRN2(I)/(O),MSAF-12CRN2(I)/(O),Non-Inverter,1025.70,11344.70,11.06,4,2995.04,"4,326,940.07",135.013.4.70.104.21.0063,,,749,
Gree,GWC-09C3E/I; GWC-09C3E/O,GWC-09C3E/I; GWC-09C3E/O,Non-Inverter,733.50,8379.08,11.39,4,2141.82,"3,094,287.35",118.011.4.75.104.21.0079,,,750,
Gree,GWC-12C3E/I; GWC-12C3E/O,GWC-12C3E/I; GWC-12C3E/O,Non-Inverter,1023.50,11910.62,11.62,4,2988.62,"4,317,659.31",118.011.4.76.104.21.0080,,,751,
Gree,GWC-18C3E/I; GWC-18C3E/O,GWC-18C3E/I; GWC-18C3E/O,Non-Inverter,1523.70,17433.07,11.15,4,4449.20,"6,427,765.02",118.011.4.77.104.21.0081,,,752,
Gree,GWC-24C3E/I; GWC-24C3E/O,GWC-24C3E/I; GWC-24C3E/O,Non-Inverter,2102.80,23924.91,11.37,4,6140.18,"8,870,712.27",118.011.4.78.104.21.0082,,,753,
Akari,A-05E5PLWi/k;  A-05E3LWi/k,A-05E5PLWi/k;  A-05E3LWi/k,Non-Inverter,399.30,5137.94,12.82,4,1165.96,"1,684,456.63",118.010.4.12.104.21.0086,,,754,
Akari,A-09E5PLWi/k;  A-09E3LWi/k,A-09E5PLWi/k;  A-09E3LWi/k,Non-Inverter,751.00,8416.25,11.19,4,2192.92,"3,168,111.52",118.010.4.13.104.21.0087,,,755,
Aqua,AQA-KCR5ANE,AQA-KR5ANE; AQA-CR5ANE,Non-Inverter,361.00,6257.61,17.33,4,1054.12,"1,522,887.16",119.021.4.36.104.21.0088,,,756,
Aqua,AQA-KCR9ANS,AQA-KR9ANS; AQA-CR9ANS,Non-Inverter,892.00,8949.68,10.03,4,2604.64,"3,762,923.41",119.021.4.37.104.21.0089,,,757,
Aqua,AQA-KCR5ANC,AQA-KR5ANC; AQA-CR5ANC,Non-Inverter,358.00,5527.44,15.44,4,1045.36,"1,510,231.59",119.021.4.38.104.21.0090,,,758,
Aqua,AQA-KCR9ANC,AQA-KR9ANC; AQA-CR9ANC,Non-Inverter,709.00,7922.66,11.17,4,2070.28,"2,990,933.52",119.021.4.39.104.21.0091,,,759,
Aqua,AQA-KCR5ANS,AQA-KR5ANS; AQA-CR5ANS,Non-Inverter,540.00,7083.31,13.12,4,1576.80,"2,278,002.96",119.021.4.40.104.21.0092,,,760,
Aqua,AQA-KCR7ANS,AQA-KR7ANS; AQA-CR7ANS,Non-Inverter,892.00,9017.92,12.98,4,2604.64,"3,762,923.41",119.021.4.41.104.21.0093,,,761,
Aqua,AQA-KCR12ANS,AQA-KR12ANS; AQA-CR12ANS,Non-Inverter,1177.00,11791.87,10.02,4,3436.84,"4,965,202.75",119.021.4.42.104.21.0094,,,762,
Aqua,AQA-KCR18ANS,AQA-KR18ANS; AQA-CR18ANS,Non-Inverter,1662.00,17189.66,10.34,4,4853.04,"7,011,186.89",119.021.4.43.104.21.0095,,,763,
Changhong,CSC-05NVB2;  CHOL-05L,CSC-05NVB2;  CHOL-05L,Non-Inverter,440.20,5117.70,11.62,4,1285.38,"1,856,994.26",135.029.4.19.104.21.0096,,,764,
Changhong,CSC-09NVB2,CSC-09NVB2,Non-Inverter,818.80,8975.80,10.96,4,1285.38,"1,856,994.26",135.029.4.20.104.21.0097,,,765,
AQUA,9ANP,"Indoor: AQA-KR9ANP;AQA-KR9ANP1; AQA-KR9ANPC ;AQA-KR9ANQ ;AQA-KR9ANQ1, Outdoor: AQA-CR9ANP ;AQA-CR9ANP1; AQA-CR9ANPC; AQA-CR9ANQ; AQA-CR9ANQ1",Non-Inverter,781.50,8762.42,3.49,2,2281.98,"3,295,360.70",824 210206,,,766,PT TUV Rheinland Indonesia
AQUA,5ANP,"Indoor: AQA-KR5ANP ;AQA-KR5ANP1; AQA-KR5ANPC ;AQA-KR5ANQ; AQA-KR5ANQ1, Outdoor: AQA-CR5ANP ;AQA-CR5ANP1; AQA-CR5ANPC; AQA-CR5ANQ ;AQA-CR5ANQ1",Non-Inverter,399.30,4692.90,3.66,2,1165.96,"1,684,456.63",824 210206,,,767,PT TUV Rheinland Indonesia
AQUA ,13ANP,"Indoor: AQA-KR13ANP; AQA-KR13ANP1; AQA-KR13ANQ ;AQA-KR13ANQ1, Outdoor: AQA-CR13ANP ;AQA-CR13ANP1; AQA-CR13ANQ; AQA-CR13ANQ1",Non-Inverter,1100.50,12132.46,3.43,2,3213.46,"4,642,485.66",824 210206,,,768,PT TUV Rheinland Indonesia
AQUA,19ANP,Indoor: AQA-KR19ANP ;AQA-KR19ANP1 ;AQA-KR19ANQ; AQA-KR19ANQ1. Outdoor: AQA-CR19ANP ;AQA-CR19ANP1 ;AQA-CR19ANQ; AQA-CR19ANQ1,Non-Inverter,1808.10,18572.76,3.20,1,1319.91,"1,906,878.31",824 210206,,,769,PT TUV Rheinland Indonesia
LG ,S3-C09TZ,Indoor： H09TN4 NCAX Outdoor： H09TN4 UCAX,Non-Inverter,781.00,8930.19,3.56,2,2280.52,"3,294,667.24",824 210193,,,770,PT TUV Rheinland Indonesia
LG,S3-C07TZ,Indoor： H07TN4 NCAX Outdoor： H07TN4 UCAX,Non-Inverter,610.60,7194.11,3.67,2,1782.95,"2,575,830.75",824 210193,,,771,PT TUV Rheinland Indonesia
MITSUBISHI HEAVY INDUSTRIES,1,SRK12CT-S3/SRC12CT-S3,Non-Inverter,1059.30,12288.30,3.61,2,3093.16,"4,468,682.47",6066.828/23.120/IX/2021,,,772,Balai Besar Standardisasi dan Pelayanan Jasa Industri Bahan dan Barang Teknik (BBSPJIBBT)
MITSUBISHI HEAVY INDUSTRIES,1,SRK09CTR-S3/SRC09CTR-S3,Non-Inverter,792.90,8551.10,3.36,1,2315.27,"3,344,867.68",6066.828/23.120/IX/2021,,,773,Balai Besar Standardisasi dan Pelayanan Jasa Industri Bahan dan Barang Teknik (BBSPJIBBT)
Polytron,EAW053900,PAC 05VH,Non-Inverter,394.80,5347.90,13.54,4,1152.82,"1,665,479.05",011.003.4.11.104.20.0159,,,774,
Polytron,EAW108000,PAC 09VH,Non-Inverter,792.40,8844.70,11.16,4,2313.81,"3,342,761.31",011.003.4.12.104.20.0160,,,775,
Polytron,EAW159900,PAC 12VH;  PAC 12VZ,Non-Inverter,972.60,11137.60,11.45,4,2839.99,"4,102,933.55",011.003.4.13.104.20.0161,,,776,
Polytron,EAW201601,PAC 18VH;  PAC 18VZ,Non-Inverter,1607.40,17985.50,11.19,4,4693.61,"6,780,858.37",011.003.4.14.104.20.0162,,,777,
GREE,GWC05NASN/I/GWC05NASN/O,GWC05NASN/I/GWC05NASN/O,Non-Inverter,388.40,4505.60,3.53,2,1134.13,"1,638,474.72",6203.796/23.120/X/2021,,,778,Balai Besar Standardisasi dan Pelayanan Jasa Industri Bahan dan Barang Teknik (BBSPJIBBT)
GREE,GWC07NASN/I/GWC07NASN/O,GWC07NASN/I/GWC07NASN/O,Non-Inverter,588.30,6637.60,3.51,2,1717.84,"2,481,757.67",6203.796/23.120/X/2021,,,779,Balai Besar Standardisasi dan Pelayanan Jasa Industri Bahan dan Barang Teknik (BBSPJIBBT)
GREE,GWC09NASN/I/GWC09NASN/O,GWC09NASN/I/GWC09NASN/O,Non-Inverter,770.30,8857.10,3.58,2,2249.28,"3,249,529.04",6203.796/23.120/X/2021,,,780,Balai Besar Standardisasi dan Pelayanan Jasa Industri Bahan dan Barang Teknik (BBSPJIBBT)
GREE,GWC05LWS/I/GWC05LWS/O,GWC05LWS/I/GWC05LWS/O,Non-Inverter,334.10,4422.50,4.12,3,975.57,"1,409,408.87",6203.796/23.120/X/2021,,,781,Balai Besar Standardisasi dan Pelayanan Jasa Industri Bahan dan Barang Teknik (BBSPJIBBT)
GREE,GWC07LWS/I/GWC07LWS/O,GWC07LWS/I/GWC07LWS/O,Non-Inverter,527.00,6943.50,4.10,3,1538.84,"2,223,162.15",6203.796/23.120/X/2021,,,782,Balai Besar Standardisasi dan Pelayanan Jasa Industri Bahan dan Barang Teknik (BBSPJIBBT)
GREE,GWC09LWS/I/GWC09LWS/O,GWC09LWS/I/GWC09LWS/O,Non-Inverter,709.60,8907.20,3.91,3,2072.03,"2,993,464.63",6203.796/23.120/X/2021,,,783,Balai Besar Standardisasi dan Pelayanan Jasa Industri Bahan dan Barang Teknik (BBSPJIBBT)
GREE,GWC12NASN/I/GWC12NASN/O,GWC12NASN/I/GWC12NASN/O,Non-Inverter,1062.80,11547.00,3.38,1,3103.38,"4,483,447.31",6203.796/23.120/X/2021,,,784,Balai Besar Standardisasi dan Pelayanan Jasa Industri Bahan dan Barang Teknik (BBSPJIBBT)
GREE,GWC18NASN/I/GWC18NASN/O,GWC18NASN/I/GWC18NASN/O,Non-Inverter,1696.10,17597.30,3.23,1,4952.61,"7,155,038.56",6203.796/23.120/X/2021,,,785,Balai Besar Standardisasi dan Pelayanan Jasa Industri Bahan dan Barang Teknik (BBSPJIBBT)
GREE,GWC24NASN/I/GWC24NASN/O,GWC24NASN/I/GWC24NASN/O,Non-Inverter,2035.80,21051.10,3.22,1,5944.54,"8,588,071.16",6203.796/23.120/X/2021,,,786,Balai Besar Standardisasi dan Pelayanan Jasa Industri Bahan dan Barang Teknik (BBSPJIBBT)
GREE,GWC24NASN/I/GWC24NASN/O,GWC24NASN/I/GWC24NASN/O,Non-Inverter,2035.80,21051.10,3.22,1,5944.54,"8,588,071.16",6203.796/23.120/X/2021,,,787,Balai Besar Standardisasi dan Pelayanan Jasa Industri Bahan dan Barang Teknik (BBSPJIBBT)
DR KUHLER,GWC12NASN/I / GWC12NASN/O,GWC12NASN/I / GWC12NASN/O,Non-Inverter,1061.60,11502.90,3.37,1,3099.87,"4,478,385.08",6204.796/23.120/X/2021,,,788,Balai Besar Standardisasi dan Pelayanan Jasa Industri Bahan dan Barang Teknik (BBSPJIBBT)
DR KUHLER,GWC18NASN/I / GWC18NASN/O,GWC18NASN/I / GWC18NASN/O,Non-Inverter,1691.40,17650.80,3.25,1,4938.89,"7,135,211.49",6204.796/23.120/X/2021,,,789,Balai Besar Standardisasi dan Pelayanan Jasa Industri Bahan dan Barang Teknik (BBSPJIBBT)
AQUA,"AQA-KR5AHP/AQA-CR5AHP, AQA-KR5AHP1/AQA-CR5AHP1, AQA-KR5AHQ/AQA-CR5AHQ, AQA-KR5AHQ1/AQA- CR5AHQ1","AQA-KR5AHP/AQA-CR5AHP, AQA-KR5AHP1/AQA-CR5AHP1, AQA-KR5AHQ/AQA-CR5AHQ, AQA-KR5AHQ1/AQA- CR5AHQ1",Non-Inverter,422.00,4732.80,3.49,2,291.35,"420,909.01",006/LSP/QI/06.1-IX/2021,,,790,PT Qualis Indonesia
AQUA,"AQA-KR10AHP/AQA-CR10AHP, AQA-KR10AHP1/ AQA-CR10AHP1, AQA-KR10AHQ/ AQA-CR10AHQ, AQA-KR10AHQ1/ AQA-CR10AHQ1","AQA-KR10AHP/AQA-CR10AHP, AQA-KR10AHP1/ AQA-CR10AHP1, AQA-KR10AHQ/ AQA-CR10AHQ, AQA-KR10AHQ1/ AQA-CR10AHQ1",Non-Inverter,862.90,9024.90,3.25,1,595.74,"860,669.91",006/LSP/QI/06.1-IX/2021,,,791,PT Qualis Indonesia
MIDEA,MSAF-09CRN2(I)/ MSAF-09CRN2(O),MSAF-09CRN2(I)/ MSAF-09CRN2(O),Non-Inverter,789.50,8956.60,3.53,2,545.07,"787,459.74",007/LSP/QI/06.1-IX/2021,,,792,PT Qualis Indonesia
MIDEA,MSAF-18CRN2X(I)/ MSAF-18CRN2X(O),MSAF-18CRN2X(I)/ MSAF-18CRN2X(O),Non-Inverter,1693.20,18474.90,3.40,2,1168.98,"1,688,823.96",007/LSP/QI/06.1-IX/2021,,,793,PT Qualis Indonesia
MITSUBISHI ELECTRIC,Indoor:   MS-JR10VF-NE1  Outdoor:  MU-JR10VF-NE1 ,Indoor:   MS-JR10VF-NE1  Outdoor:  MU-JR10VF-NE1 ,Non-Inverter,813.00,9386.36,3.59,2,2373.96,"3,429,660.01",824 210211,,,794,PT TUV Rheinland Indonesia
MITSUBISHI ELECTRIC,Indoor:   MS-JR13VF-NE1  Outdoor:  MU-JR13VF-NE1,Indoor:   MS-JR13VF-NE1  Outdoor:  MU-JR13VF-NE1,Non-Inverter,1162.20,12786.72,3.42,2,3393.62,"4,902,768.59",824 210211,,,795,PT TUV Rheinland Indonesia
MITSUBISHI ELECTRIC,Indoor:   MS-JR18VF-NE1  Outdoor:  MU-JR18VF-NE1 ,Indoor:   MS-JR18VF-NE1  Outdoor:  MU-JR18VF-NE1 ,Non-Inverter,1608.70,17868.97,3.46,2,1174.35,"1,696,584.89",824 210211,,,796,PT TUV Rheinland Indonesia
MITSUBISHI ELECTRIC,Indoor:   MS-JR24VF-NE1  Outdoor:  MU-JR24VF-NE1 ,Indoor:   MS-JR24VF-NE1  Outdoor:  MU-JR24VF-NE1 ,Non-Inverter,1913.00,22225.70,3.62,2,5585.96,"8,070,036.41",824 210211,,,797,PT TUV Rheinland Indonesia
SANKEN,ESC-09D/ESC-09L,ESC-09D/ESC-09L,Non-Inverter,765.40,9510.40,3.87,3,528.43,"763,421.38",008/LSP/QI/06.1-XI/2021,,,798,PT Qualis Indonesia
SANKEN,ESC-18D/ESC-18L,ESC-18D/ESC-18L,Non-Inverter,1651.60,18001.60,3.39,1,1140.26,"1,647,332.18",008/LSP/QI/06.1-XI/2021,,,799,PT Qualis Indonesia
DAIKIN,FTC15NV14 & RC15NV14,FTC15NV14 & RC15NV14,Non-Inverter,388.20,5152.00,4.13,3,1133.54,"1,637,631.02",PCS 00237.01.01.HE,,,800,PT Sucofindo (Persero)
DAIKIN,FTC20NV14 & RC20NV14,FTC20NV14 & RC20NV14,Non-Inverter,624.90,7057.50,3.51,2,1824.71,"2,636,155.65",PCS 00237.01.01.HE,,,801,PT Sucofindo (Persero)
DAIKIN,FTC25NV14 & RC25NV14,FTC25NV14 & RC25NV14,Non-Inverter,817.90,9424.60,3.59,2,2388.27,"3,450,330.78",PCS 00237.01.01.HE,,,802,PT Sucofindo (Persero)
DAIKIN,FTC35NV14 & RC35NV14,FTC35NV14 & RC35NV14,Non-Inverter,929.20,11102.10,3.72,2,2713.26,"3,919,852.50",PCS 00237.01.01.HE,,,803,PT Sucofindo (Persero)
DAIKIN,FTC50NV14 & RC50NV14,FTC50NV14 & RC50NV14,Non-Inverter,1537.20,16885.50,3.42,2,4488.62,"6,484,715.09",PCS 00237.01.01.HE,,,804,PT Sucofindo (Persero)
DAIKIN,FTC60NV14 & RC60NV14,FTC60NV14 & RC60NV14,Non-Inverter,1928.60,22815.30,3.68,2,5631.51,"8,135,845.39",PCS 00237.01.01.HE,,,805,PT Sucofindo (Persero)
CHANGHONG,CSC-07NVB3,CSC-07NVB3,Non-Inverter,690.10,7603.20,3.43,2,476.44,"688,317.20",009/LSP/QI/06.1-XII/2021,2021-12-06,2025-12-05,806,PT Qualis Indonesia
CHANGHONG,CSC-12NVB3,CSC-12NVB3,Non-Inverter,996.30,11855.30,3.70,2,687.84,"993,725.34",009/LSP/QI/06.1-XII/2021,2021-12-06,2025-12-05,807,PT Qualis Indonesia
Changhong,CSC-18NVB3,CSC-18NVB3,Non-Inverter,1651.50,18075.10,3.41,2,1140.19,"1,647,232.49",009/LSP/QI/06.1-XII/2021,2021-12-06,2025-12-05,808,PT Qualis Indonesia
CHANGHONG,"CSC-05RDX3, CSC-05LW3","CSC-05RDX3, CSC-05LW3",Non-Inverter,367.70,4076.90,3.45,2,253.86,"366,750.10",009/LSP/QI/06.1-XII/2021,2021-12-06,2025-12-05,809,PT Qualis Indonesia
CHANGHONG,"CSC-09RDX3, CSC-09LW3","CSC-09RDX3, CSC-09LW3",Non-Inverter,643.30,8177.90,3.96,3,444.13,"641,637.50",009/LSP/QI/06.1-XII/2021,2021-12-06,2025-12-05,810,PT Qualis Indonesia
Changhong,"CSC-05CSD3, CSC-05NVB3, CHOL-05L3, CSC-05NVC3","CSC-05CSD3, CSC-05NVB3, CHOL-05L3, CSC-05NVC3",Non-Inverter,437.90,4794.80,3.41,2,302.33,"436,768.93",009/LSP/QI/06.1-XII/2021,2021-12-06,2025-12-05,811,PT Qualis Indonesia
CHANGHONG,"CSC-09CSD3, CSC-09NVB3, CSC-09L3, CSC-09NVC3","CSC-09CSD3, CSC-09NVB3, CSC-09L3, CSC-09NVC3",Non-Inverter,861.70,9493.20,3.43,2,594.92,"859,473.70",009/LSP/QI/06.1-XII/2021,2021-12-06,2025-12-05,812,PT Qualis Indonesia
AUX,"ASW-05A4/FAR3 / AS-05A4/FAR3, ASW-05A4/FXR3 / AS-05A4/FXR3, ASW-05A4/FDR3 / AS-05A4/FDR3","ASW-05A4/FAR3 / AS-05A4/FAR3, ASW-05A4/FXR3 / AS-05A4/FXR3, ASW-05A4/FDR3 / AS-05A4/FDR3",Non-Inverter,500.50,5418.40,3.37,1,345.54,"499,205.97",010/LSP/QI/06.1-XII/2021,,,813,PT Qualis Indonesia
AUX,"ASW-09A4/FAR3 / AS-09A4/FAR3, ASW-09A4/FXR3 / AS-09A4/FXR3, ASW-09A4/FDR3 / AS-09A4/FXR3","ASW-09A4/FAR3 / AS-09A4/FAR3, ASW-09A4/FXR3 / AS-09A4/FXR3, ASW-09A4/FDR3 / AS-09A4/FXR3",Non-Inverter,840.80,9057.80,3.35,1,580.49,"838,626.68",010/LSP/QI/06.1-XII/2021,,,814,PT Qualis Indonesia
AUX,"ASW-12A4/FAR3 / AS-12A4/FAR3, ASW-12A4/FXR3 / AS-12A4/FXR3, ASW-12A4/FDR3 / AS-12A4/FDR3","ASW-12A4/FAR3 / AS-12A4/FAR3, ASW-12A4/FXR3 / AS-12A4/FXR3, ASW-12A4/FDR3 / AS-12A4/FDR3",Non-Inverter,1081.30,11498.40,3.31,1,746.53,"1,078,506.11",010/LSP/QI/06.1-XII/2021,,,815,PT Qualis Indonesia
AUX,"ASW-18A4/FAR3 / AS-18A4/FAR3, ASW-18A4/FXR3 / AS-18A4/FXR3, ASW-18A4/FDR3 / AS-18A4/FDR3","ASW-18A4/FAR3 / AS-18A4/FAR3, ASW-18A4/FXR3 / AS-18A4/FXR3, ASW-18A4/FDR3 / AS-18A4/FDR3",Non-Inverter,1515.20,16967.40,3.49,2,1046.09,"1,511,284.78",010/LSP/QI/06.1-XII/2021,,,816,PT Qualis Indonesia
AUX,"ASW-05A4/FFR3 / AS-05A4/FFR3, ASW-05A4/FWR3 / AS-05A4/FWR3","ASW-05A4/FFR3 / AS-05A4/FFR3, ASW-05A4/FWR3 / AS-05A4/FWR3",Non-Inverter,385.50,4489.90,3.62,2,266.15,"384,504.02",010/LSP/QI/06.1-XII/2021,,,817,PT Qualis Indonesia
AUX,"ASW-09A4/FFR3 / AS-09A4/FFR3, ASW-09A4/FWR3 / AS-09A4/FWR3","ASW-09A4/FFR3 / AS-09A4/FFR3, ASW-09A4/FWR3 / AS-09A4/FWR3",Non-Inverter,813.00,9864.40,3.78,2,561.29,"810,898.55",010/LSP/QI/06.1-XII/2021,,,818,PT Qualis Indonesia
AUX,ASW-07A4/FHR1 / AS-07A4/FHR1,ASW-07A4/FHR1 / AS-07A4/FHR1,Non-Inverter,740.60,7767.90,3.26,1,511.31,"738,686.67",010/LSP/QI/06.1-XII/2021,,,819,PT Qualis Indonesia
Hisense,"AN09CDG, AN09CEG","AN09CDG, AN09CEG",Non-Inverter,834.00,9000.00,3.32,1,2435.86,"3,519,092.72",824 210243,,,820,PT TUV Rheinland Indonesia
MIDEA,MSAF-12CRN2X(I)/MSAF-12CRN2X(O),MSAF-12CRN2X(I)/MSAF-12CRN2X(O),Non-Inverter,1041.00,11425.20,3.42,2,718.70,"1,038,310.22",001/LSP/QI/06.1-I/2022,,,821,PT Qualis Indonesia
TCL,"Indoor: TAC-05CSD/XA, Outdoor: TAC-05CSD/XO","Indoor: TAC-05CSD/XA, Outdoor: TAC-05CSD/XO",Non-Inverter,375.00,4859.00,4.04,3,1093.83,"1,580,259.09",824 220017,,,822,PT TUV Rheinland Indonesia
POLYTRON,EAW0128G,PAC 05VHI; PAC 05VH; PAC 05VZ; PAC 05VZS; PAC 05VZI; PAC 05VZSI,Non-Inverter,402.00,4734.00,3.66,2,1173.84,"1,695,846.65",01/06.06.06/22/LSPro/II/2022,2022-02-14,2026-02-13,823,Balai Standardisasi dan Pelayanan Jasa Industri (BSPJI) Surabaya
MIDEA,MSAF-05CRN2(I) / MSAF-05CRN2 (O); MSFC-05CRN1-32(I) /  MSFC-05CRN1-32 (O); MSFO-05CRLN2-32(I) /  MSFO-05CRLN2-32(O),MSAF-05CRN2(I) / MSAF-05CRN2 (O); MSFC-05CRN1-32(I) /  MSFC-05CRN1-32 (O); MSFO-05CRLN2-32(I) /  MSFO-05CRLN2-32(O),Non-Inverter,343.70,5031.90,4.56,4,237.29,"342,811.42",002/LSP/QI/06.1-III/2022,,,824,PT Qualis Indonesia
MIDEA,MSAF-07CRN2(I) / MSAF-07CRN2(O),MSAF-07CRN2(I) / MSAF-07CRN2(O),Non-Inverter,629.30,7496.80,3.71,2,434.47,"627,673.03",002/LSP/QI/06.1-III/2022,,,825,PT Qualis Indonesia
MIDEA,MSAF-09CRN2(I) / MSAF-09CRN2(O); MSFC-09CRN1-32(I) /  MSFC-09CRN1-32(O),MSAF-09CRN2(I) / MSAF-09CRN2(O); MSFC-09CRN1-32(I) /  MSFC-09CRN1-32(O),Non-Inverter,778.20,9421.60,3.77,2,537.27,"776,188.19",002/LSP/QI/06.1-III/2022,,,826,PT Qualis Indonesia
MIDEA,MSAF-24CRN2(I) / MSAF-24CRN2(O),MSAF-24CRN2(I) / MSAF-24CRN2(O),Non-Inverter,1971.20,25146.00,3.97,3,1360.91,"1,966,105.23",002/LSP/QI/06.1-III/2022,,,827,PT Qualis Indonesia
MIDEA,MSFC-12CRN1-32(I) / MSFC-12CRN1-32(O),MSFC-12CRN1-32(I) / MSFC-12CRN1-32(O),Non-Inverter,1013.20,11816.30,3.63,2,699.51,"1,010,582.10",004/LSP/QI/06.1-III/2022,,,828,PT Qualis Indonesia
MIDEA,MSFO-09CRLN2-32(I) / MSFO-09CRLN2-32(O),MSFO-09CRLN2-32(I) / MSFO-09CRLN2-32(O),Non-Inverter,713.50,9442.30,4.12,3,492.60,"711,656.33",004/LSP/QI/06.1-III/2022,,,829,PT Qualis Indonesia
CAWANG,EP/EU-SN-5UGM,EP/EU-SN-5UGM,Non-Inverter,416.30,4557.00,3.41,2,1215.60,"1,756,177.32",PCS 00918.01.02.HE,2022-03-24,2026-03-24,830,PT Sucofindo (Persero)
CAWANG,EP/EU-SN-7UGM,EP/EU-SN-7UGM,Non-Inverter,668.80,7022.00,3.27,1,1952.90,"2,821,354.63",PCS 00918.01.02.HE,2022-03-24,2026-03-24,831,PT Sucofindo (Persero)
CAWANG,EP/EU-SN-9UGM,EP/EU-SN-9UGM,Non-Inverter,795.60,8375.00,3.28,1,2323.20,"3,356,327.04",PCS 00918.01.02.HE,2022-03-24,2026-03-24,832,PT Sucofindo (Persero)
CAWANG,EP/EU-SN-12UGM,EP/EU-SN-12UGM,Non-Inverter,1029.00,10821.00,3.27,1,3004.70,"4,340,890.09",PCS 00918.01.02.HE,2022-03-24,2026-03-24,833,PT Sucofindo (Persero)
CAWANG,EP/EU-SN-18UGM,EP/EU-SN-18UGM,Non-Inverter,1617.10,17015.00,3.27,1,4721.90,"6,821,728.93",PCS 00918.01.02.HE,2022-03-24,2026-03-24,834,PT Sucofindo (Persero)
HITACHI,RAS-EJ18CKN/RAC-EJ18CKN,RAS-EJ18CKN/RAC-EJ18CKN,Non-Inverter,1705.40,17947.90,3.28,1,4979.80,"7,194,317.06",PCS 00898.01.03.HE,,,835,PT Sucofindo (Persero)
SHARP,Indoor: AH-A5ZCYN Outdoor: AU-A5ZCYN,Indoor: AH-A5ZCYN Outdoor: AU-A5ZCYN,Non-Inverter,344.80,5016.00,4.12,3,1006.82,"1,454,547.08",824 220105,,,836,PT TUV Rheinland Indonesia
SHARP,Indoor: AH-A9ZCYN Outdoor: AU-A9ZCYN,Indoor: AH-A9ZCYN Outdoor: AU-A9ZCYN,Non-Inverter,782.00,9008.00,3.82,3,2283.44,"3,298,885.77",824 220105,,,837,PT TUV Rheinland Indonesia
SHARP,"Indoor: AH-A7UDL Outdoor: AU-A7UDL ,    Indoor: AH-AP7UHL Outdoor: AU-A7UHL","Indoor: AH-A7UDL Outdoor: AU-A7UDL ,    Indoor: AH-AP7UHL Outdoor: AU-A7UHL",Non-Inverter,607.80,6995.00,3.61,2,1774.78,"2,564,018.89",824 220102,,,838,PT TUV Rheinland Indonesia
SHARP,"Indoor: AH-A9UDL Outdoor: AU-A9UDL ,   Indoor: AH-AP9UHL Outdoor: AU-A9UHL","Indoor: AH-A9UDL Outdoor: AU-A9UDL ,   Indoor: AH-AP9UHL Outdoor: AU-A9UHL",Non-Inverter,771.60,9008.00,3.66,2,2253.07,"3,255,013.12",824 220102,,,839,PT TUV Rheinland Indonesia
SHARP,"Indoor: AH-AP5SSY Outdoor: AU-A5SSY ,    Indoor: AH-A5SAY Outdoor: AU-A5SAY","Indoor: AH-AP5SSY Outdoor: AU-A5SSY ,    Indoor: AH-A5SAY Outdoor: AU-A5SAY",Non-Inverter,419.30,4982.00,3.69,2,1224.36,"1,768,827.11",824 220102,,,840,PT TUV Rheinland Indonesia
SHARP,"Indoor: AH-A7SAY Outdoor: AU-A7SAY ,  Indoor: AH-AP7SSY Outdoor: AU-A7SSY","Indoor: AH-A7SAY Outdoor: AU-A7SAY ,  Indoor: AH-AP7SSY Outdoor: AU-A7SSY",Non-Inverter,660.10,6995.00,3.32,1,1927.49,"2,784,647.69",824 220102,,,841,PT TUV Rheinland Indonesia
SHARP,"Indoor: AH-A9SAY Outdoor: AU-A9SAY , Indoor: AH-AP9SSY2 Outdoor: AU-A9SSY2","Indoor: AH-A9SAY Outdoor: AU-A9SAY , Indoor: AH-AP9SSY2 Outdoor: AU-A9SSY2",Non-Inverter,842.50,9008.00,3.46,2,2460.10,"3,554,106.47",824 220102,,,842,PT TUV Rheinland Indonesia
SHARP,"Indoor: AH-AP12SSY Outdoor: AU-A12SSY , Indoor: AH-A12SAY Outdoor: AU-A12SAY","Indoor: AH-AP12SSY Outdoor: AU-A12SSY , Indoor: AH-A12SAY Outdoor: AU-A12SAY",Non-Inverter,1115.50,11942.00,3.41,2,3257.26,"4,705,763.52",824 220102,,,843,PT TUV Rheinland Indonesia
SHARP,Indoor: AH-A5UDL Outdoor: AU-A5UDL,Indoor: AH-A5UDL Outdoor: AU-A5UDL,Non-Inverter,357.60,4811.00,3.97,3,1044.19,"1,508,544.18",824 220102,,,844,PT TUV Rheinland Indonesia
SHARP,Indoor: AH-AP5UHL Outdoor: AU-A5UHL,Indoor: AH-AP5UHL Outdoor: AU-A5UHL,Non-Inverter,370.30,4811.00,4.06,3,1081.28,"1,562,119.44",824 220102,,,845,PT TUV Rheinland Indonesia
SHARP,Indoor: AH-AP12UHL Outdoor: AU-A12UHL,Indoor: AH-AP12UHL Outdoor: AU-A12UHL,Non-Inverter,1027.60,11942.00,3.60,2,3000.59,"4,334,955.26",824 220102,,,846,PT TUV Rheinland Indonesia
Midea,MSFO-09CRLN2-32(I) / MSFO-09CRLN2-32(O); MSAF-09CRN2(I) / MSAF-09CRN2(O); MSFC-09CRN1-32(I) / SFC-09CRN1-32(O),MSFO-09CRLN2-32(I) / MSFO-09CRLN2-32(O); MSAF-09CRN2(I) / MSAF-09CRN2(O); MSFC-09CRN1-32(I) / SFC-09CRN1-32(O),Non-Inverter,723.20,9566.50,4.12,3,499.23,"721,236.86",006/LSP/QI/06.1-IV/2022,,,847,PT Qualis Indonesia
AKARI,Indoor:  A-18E7LWi   Outdoor:  A-18E7LWk ,Indoor:  A-18E7LWi   Outdoor:  A-18E7LWk ,Non-Inverter,1567.20,18000.00,3.30,1,4576.22,"6,611,270.81",824 220118,,,848,PT TUV Rheinland Indonesia
AKARI,A-09E3NLWi (Indoor) ; A-09E3NLWk (Outdoor),Indoor:  A-09E3NLWi  A-09E5NPLWi  A-09E5IONPLWi Outdoor:  A-09E3NLWk  A-09E5NPLWk  A-09E5IONPLWk ,Non-Inverter,796.50,9300.00,3.25,1,2325.78,"3,360,054.37",824 220118,,,849,PT TUV Rheinland Indonesia
AKARI,Indoor:  A-12E7LWi  Outdoor:  A-12E7LWk ,Indoor:  A-12E7LWi  Outdoor:  A-12E7LWk ,Non-Inverter,1101.50,12000.00,3.13,1,3216.38,"4,646,704.19",824 220118,,,850,PT TUV Rheinland Indonesia
AKARI,Indoor:  A-12E7LWi  Outdoor:  A-12E7LWk ,Indoor:  A-12E7LWi  Outdoor:  A-12E7LWk ,Non-Inverter,1101.50,12000.00,3.13,1,3216.38,"4,646,704.19",824 220118,,,851,PT TUV Rheinland Indonesia
Panasonic,CS/CU-XN5TKJ,CS/CU-XN5TKJ,Non-Inverter,369.90,4918.00,4.14,3,1080.10,"1,560,420.47",PCS 00017.04.04.HE,,,852,PT Sucofindo (Persero)
Panasonic,CS/CU-XN7TKJ,CS/CU-XN7TKJ,Non-Inverter,587.00,6860.00,3.64,2,1714.00,"2,476,215.80",PCS 00017.04.04.HE,,,853,PT Sucofindo (Persero)
Panasonic,CS/CU-XN9TKJ,CS/CU-XN9TKJ,Non-Inverter,733.20,8777.00,3.73,2,2140.90,"3,092,958.23",PCS 00017.04.04.HE,,,854,PT Sucofindo (Persero)
Panasonic,CS/CU-LN5UKJ,CS/CU-LN5UKJ,Non-Inverter,416.10,4755.00,3.56,2,1215.00,"1,755,310.50",PCS 00017.04.04.HE,,,855,PT Sucofindo (Persero)
Panasonic,CS/CU-LN7UKJ,CS/CU-LN7UKJ,Non-Inverter,660.90,7436.00,3.50,2,1929.80,"2,787,982.06",PCS 00017.04.04.HE,,,856,PT Sucofindo (Persero)
Panasonic,CS/CU-LN9UKJ,CS/CU-LN9UKJ,Non-Inverter,766.80,8625.00,3.50,2,2239.10,"3,234,827.77",PCS 00017.04.04.HE,,,857,PT Sucofindo (Persero)
Panasonic,CS/CU-LN12UKJ,CS/CU-LN12UKJ,Non-Inverter,1012.60,11377.00,3.50,2,2956.80,"4,271,688.96",PCS 00017.04.04.HE,,,858,PT Sucofindo (Persero)
Panasonic,CS/CU-YN18TKJ,CS/CU-YN18TKJ,Non-Inverter,1626.10,17405.00,3.33,1,4748.20,"6,859,724.54",PCS 00017.04.04.HE,,,859,PT Sucofindo (Persero)
BEKO,BSFSA 050 / BSFSA 051,BSFSA 050 / BSFSA 051,Non-Inverter,372.30,4960.00,4.15,3,257.04,"371,338.46",008/LSP/QI/06.1-VI/2022,,,860,PT Qualis Indonesia
BEKO,BSFSA 090 / BSFSA 091,BSFSA 090 / BSFSA 091,Non-Inverter,749.10,9840.30,4.09,3,517.18,"747,164.17",008/LSP/QI/06.1-VI/2022,,,861,PT Qualis Indonesia
BEKO,BSFSA 120 / BSFSA 121,BSFSA 120 / BSFSA 121,Non-Inverter,1092.50,12375.10,3.53,2,754.26,"1,089,676.53",008/LSP/QI/06.1-VI/2022,,,862,PT Qualis Indonesia
SHARP,"AH-A5ZCY / AU-A5ZCY , AH-A5ZEY / AU-A5ZEY","AH-A5ZCY / AU-A5ZCY , AH-A5ZEY / AU-A5ZEY",Non-Inverter,356.70,4756.40,4.15,3,246.26,"355,777.60",010/LSP/QI/06.1-VI/2022,,,863,PT Qualis Indonesia
SHARP,"AH-A9ZCY / AU-A9ZCY , AH-A9ZEY / AU-A9ZEY","AH-A9ZCY / AU-A9ZCY , AH-A9ZEY / AU-A9ZEY",Non-Inverter,776.10,9051.10,3.63,2,535.82,"774,094.82",010/LSP/QI/06.1-VI/2022,,,864,PT Qualis Indonesia
SHARP,AH-A12ZCY / AU-A12ZCY,AH-A12ZCY / AU-A12ZCY,Non-Inverter,1073.00,11827.40,3.43,2,740.80,"1,070,226.54",010/LSP/QI/06.1-VI/2022,,,865,PT Qualis Indonesia
SHARP,AH-A18ZCY / AU-A18ZCY,AH-A18ZCY / AU-A18ZCY,Non-Inverter,1721.10,18309.00,3.31,1,1188.24,"1,716,651.77",010/LSP/QI/06.1-VI/2022,,,866,PT Qualis Indonesia
SHARP,AH-A24ZCY / AU-A24ZCY,AH-A24ZCY / AU-A24ZCY,Non-Inverter,2028.10,24274.20,3.72,2,1400.19,"2,022,858.83",010/LSP/QI/06.1-VI/2022,,,867,PT Qualis Indonesia
ELECTROLUX,Indoor: ESM05CRR-C1I Outdoor: ESM05CRR-C1E,Indoor: ESM05CRR-C1I Outdoor: ESM05CRR-C1E,Non-Inverter,490.70,5500.00,3.46,2,1432.84,"2,070,029.73",824 220119,,,868,PT TUV Rheinland Indonesia
ELECTROLUX,Indoor: ESM09CRR-C1I Outdoor: ESM09CRR-C1E,Indoor: ESM09CRR-C1I Outdoor: ESM09CRR-C1E,Non-Inverter,764.60,9600.00,3.87,3,2232.63,"3,225,483.45",824 220119,,,869,PT TUV Rheinland Indonesia
ELECTROLUX,Indoor: ESM12CRR-C1I Outdoor: ESM12CRR-C1E,Indoor: ESM12CRR-C1I Outdoor: ESM12CRR-C1E,Non-Inverter,1023.00,12400.00,3.65,2,2987.16,"4,315,550.05",824 220119,,,870,PT TUV Rheinland Indonesia
ELECTROLUX,Indoor: ESM18CRR-C1I Outdoor: ESM18CRR-C1E,Indoor: ESM18CRR-C1I Outdoor: ESM18CRR-C1E,Non-Inverter,1543.90,18700.00,3.75,2,4508.19,"6,512,979.20",824 220119,,,871,PT TUV Rheinland Indonesia
GREE,GWC05NAS2/I / GWC05NAS2/O,GWC05NAS2/I / GWC05NAS2/O,Non-Inverter,388.30,4.70,3.77,2,1133.84,"1,638,052.87",6608.451/23.120/IV/2022,,,872,Balai Besar Standardisasi dan Pelayanan Jasa Industri Bahan dan Barang Teknik (BBSPJIBBT)
GREE,GWC07NAS2/I / GWC07NAS2/O,GWC07NAS2/I / GWC07NAS2/O,Non-Inverter,592.90,6562.40,3.44,2,1731.27,"2,501,162.88",6608.451/23.120/IV/2022 ,,,873,Balai Besar Standardisasi dan Pelayanan Jasa Industri Bahan dan Barang Teknik (BBSPJIBBT)
GREE,GWC09NAS2/I / GWC09NAS2/O,GWC09NAS2/I / GWC09NAS2/O,Non-Inverter,772.60,8633.10,3.48,2,2255.99,"3,259,231.64",6608.451/23.120/IV/2022 ,,,874,Balai Besar Standardisasi dan Pelayanan Jasa Industri Bahan dan Barang Teknik (BBSPJIBBT)
GREE,GWC12NAS2/I / GWC12NAS2/O,GWC12NAS2/I / GWC12NAS2/O,Non-Inverter,1049.20,11669.00,3.46,2,3063.66,"4,426,075.38",6608.451/23.120/IV/2022,,,875,Balai Besar Standardisasi dan Pelayanan Jasa Industri Bahan dan Barang Teknik (BBSPJIBBT)
GREE,GWC18NAS2/I / GWC18NAS2/O,GWC18NAS2/I / GWC18NAS2/O,Non-Inverter,1690.80,17316.70,3.19,1,4937.14,"7,132,680.38",6608.451/23.120/IV/2022,,,876,Balai Besar Standardisasi dan Pelayanan Jasa Industri Bahan dan Barang Teknik (BBSPJIBBT)
GREE,GWC24NAS2/I / GWC24NAS2/O,GWC24NAS2/I / GWC24NAS2/O,Non-Inverter,1991.70,21497.40,3.36,1,5815.76,"8,402,034.25",6608.451/23.120/IV/2022,,,877,Balai Besar Standardisasi dan Pelayanan Jasa Industri Bahan dan Barang Teknik (BBSPJIBBT)
GREE,GWC05LWS2/I / GWC05LWS2/O,GWC05LWS2/I / GWC05LWS2/O,Non-Inverter,320.40,4344.40,4.22,4,935.57,"1,351,615.09",6608.451/23.120/IV/2022,,,878,Balai Besar Standardisasi dan Pelayanan Jasa Industri Bahan dan Barang Teknik (BBSPJIBBT)
GREE,GWC07LWS2/I / GWC07LWS2/O,GWC07LWS2/I / GWC07LWS2/O,Non-Inverter,536.10,6797.00,3.95,3,1565.41,"2,261,550.72",6608.451/23.120/IV/2022 ,,,879,Balai Besar Standardisasi dan Pelayanan Jasa Industri Bahan dan Barang Teknik (BBSPJIBBT)
GREE,GWC09LWS2/I / GWC09LWS2/O,GWC09LWS2/I / GWC09LWS2/O,Non-Inverter,703.80,9337.80,4.13,3,2055.10,"2,968,997.19",6608.451/23.120/IV/2022 ,,,880,Balai Besar Standardisasi dan Pelayanan Jasa Industri Bahan dan Barang Teknik (BBSPJIBBT)
DR KUHLER,GWC12NAS2/I / GWC12NAS2/O,GWC12NAS2/I / GWC12NAS2/O,Non-Inverter,1031.60,11899.90,3.59,2,3012.27,"4,351,829.36",6609.451/23.120/IV/2022 ,,,881,Balai Besar Standardisasi dan Pelayanan Jasa Industri Bahan dan Barang Teknik (BBSPJIBBT)
DR KUHLER,GWC18NAS2/I / GWC18NAS2/O,GWC18NAS2/I / GWC18NAS2/O,Non-Inverter,1638.10,18048.60,3.43,2,4783.25,"6,910,364.16",6609.451/23.120/IV/2022,,,882,Balai Besar Standardisasi dan Pelayanan Jasa Industri Bahan dan Barang Teknik (BBSPJIBBT)
LG,H07TN4 NCAX2 / H07TN4 UCAX2,H07TN4 NCAX2 / H07TN4 UCAX2,Non-Inverter,587.50,6984.10,3.70,2,1715.50,"2,478,382.85",6653.1041/23.120/V/2022,,,883,Balai Besar Standardisasi dan Pelayanan Jasa Industri Bahan dan Barang Teknik (BBSPJIBBT)
LG,H09TN4 NCAX2 / H09TN4 UCAX2,H09TN4 NCAX2 / H09TN4 UCAX2,Non-Inverter,769.00,8520.10,3.45,2,2245.48,"3,244,044.96",6653.1041/23.120/V/2022,,,884,Balai Besar Standardisasi dan Pelayanan Jasa Industri Bahan dan Barang Teknik (BBSPJIBBT)
GREE,GWC-05MOO5S/I / GWC-05MOO5S/O,GWC-05MOO5S/I / GWC-05MOO5S/O,Non-Inverter,399.70,4757.80,3.70,2,275.95,"398,666.41",013/LSP/QI/06.1-VII/2022,2022-07-15,2026-07-14,885,PT Qualis Indonesia
GREE,GWC-07MOO5S/I / GWC-07MOO5S/O,GWC-07MOO5S/I / GWC-07MOO5S/O,Non-Inverter,578.10,6982.50,3.76,2,399.12,"576,605.77",013/LSP/QI/06.1-VII/2022,0000-00-00,2026-07-14,886,PT Qualis Indonesia
GREE,GWC-09MOO5S/I / GWC-09MOO5S/O,GWC-09MOO5S/I / GWC-09MOO5S/O,Non-Inverter,801.10,8616.30,3.35,1,553.08,"799,030.34",013/LSP/QI/06.1-VII/2022,2022-07-15,2026-07-04,887,PT Qualis Indonesia
GREE,GWC-12MOO5S/I / GWC-12MOO5S/O,GWC-12MOO5S/I / GWC-12MOO5S/O,Non-Inverter,1119.30,12237.40,3.40,2,772.76,"1,116,407.82",013/LSP/QI/06.1-VII/2022,2022-07-15,2026-07-14,888,PT Qualis Indonesia
AQUA,AQA-KR09ANPC / AQA-CR09ANPC ; AQA-KR09ANP / AQA-CR09ANP ; AQA-KR09ANP1 / AQA-CR09ANP1,AQA-KR09ANPC / AQA-CR09ANPC ; AQA-KR09ANP / AQA-CR09ANP ; AQA-KR09ANP1 / AQA-CR09ANP1,Non-Inverter,764.20,8700.00,3.18,1,2231.46,"3,223,796.04",824 220157,,,889,PT TUV Rheinland Indonesia
Panasonic,"CS/CU-XN5WKJ, CS/CU-KN5WKJ","CS/CU-XN5WKJ, CS/CU-KN5WKJ",Non-Inverter,376.40,5048.00,4.17,3,1099.10,"1,587,869.77",PCS 00017.04.05.HE,,,890,PT Sucofindo (Persero)
Panasonic,CS/CU-PN5WKJ,CS/CU-PN5WKJ,Non-Inverter,415.60,4782.00,3.58,2,1213.60,"1,753,287.92",PCS 00017.04.05.HE,,,891,PT Sucofindo (Persero)
Panasonic,CS/CU-LN5WKJ,CS/CU-LN5WKJ,Non-Inverter,417.90,4809.00,3.58,2,1220.30,"1,762,967.41",PCS 00017.04.05.HE,,,892,PT Sucofindo (Persero)
Panasonic,CS/CU-YN5WKJ,CS/CU-YN5WKJ,Non-Inverter,416.20,4791.00,3.58,2,1215.30,"1,755,743.91",PCS 00017.04.05.HE,,,893,PT Sucofindo (Persero)
Panasonic,"CS/CU-XN7WKJ, CS/CU-KN7WKJ","CS/CU-XN7WKJ, CS/CU-KN7WKJ",Non-Inverter,589.30,6814.00,3.60,2,1720.80,"2,486,039.76",PCS 00017.04.05.HE,,,894,PT Sucofindo (Persero)
Panasonic,CS/CU-PN7WKJ,CS/CU-PN7WKJ,Non-Inverter,590.20,6630.00,3.50,2,1723.40,"2,489,795.98",PCS 00017.04.05.HE,,,895,PT Sucofindo (Persero)
Panasonic,CS/CU-LN7WKJ,CS/CU-LN7WKJ,Non-Inverter,669.50,7399.00,3.44,2,1954.90,"2,824,244.03",PCS 00017.04.05.HE,,,896,PT Sucofindo (Persero)
Panasonic,CS/CU-YN7WKJ,CS/CU-YN7WKJ,Non-Inverter,683.90,7370.00,3.35,1,1997.00,"2,885,065.90",PCS 00017.04.05.HE,,,897,PT Sucofindo (Persero)
Panasonic,"CS/CU-XN9WKJ, CS/CU-KN9WKJ","CS/CU-XN9WKJ, CS/CU-KN9WKJ",Non-Inverter,736.20,8715.00,3.68,2,2149.70,"3,105,671.59",PCS 00017.04.05.HE,,,898,PT Sucofindo (Persero)
Panasonic,CS/CU-PN9WKJ,CS/CU-PN9WKJ,Non-Inverter,724.70,8077.00,3.47,2,2116.10,"3,057,129.67",PCS 00017.04.05.HE,,,899,PT Sucofindo (Persero)
Panasonic,CS/CU-LN9WKJ,CS/CU-LN9WKJ,Non-Inverter,787.00,8665.00,3.43,2,2298.00,"3,319,920.60",PCS 00017.04.05.HE,,,900,PT Sucofindo (Persero)
Panasonic,"CS/CU-YN9WKJ, CS/CU-UN9YKJ","CS/CU-YN9WKJ, CS/CU-UN9YKJ",Non-Inverter,778.80,8391.00,3.35,1,2274.10,"3,285,392.27",PCS 00017.04.05.HE,,,901,PT Sucofindo (Persero)
Panasonic,"CS/CU-PN12WKJ, CS/CU-LN12WKJ","CS/CU-PN12WKJ, CS/CU-LN12WKJ",Non-Inverter,1045.00,11677.00,3.48,2,2274.10,"3,285,392.27",PCS 00017.04.05.HE,,,902,PT Sucofindo (Persero)
Panasonic,"CS/CU-YN12WKJ, CS/CU-UN12YKJ","CS/CU-YN12WKJ, CS/CU-UN12YKJ",Non-Inverter,1039.60,11086.00,3.32,1,3035.60,"4,385,531.32",PCS 00017.04.05.HE,,,903,PT Sucofindo (Persero)
Panasonic,"CS/CU-PN18WKJ, CS/CU-LN18WKJ","CS/CU-PN18WKJ, CS/CU-LN18WKJ",Non-Inverter,1599.30,17652.00,3.44,2,4670.00,"6,746,749.00",PCS 00017.04.05.HE,,,904,PT Sucofindo (Persero)
Panasonic,"CS/CU-PN24WKJ, CS/CU-LN24WKJ","CS/CU-PN24WKJ, CS/CU-LN24WKJ",Non-Inverter,2161.70,23236.00,3.35,1,6312.20,"9,119,235.34",PCS 00017.04.05.HE,,,905,PT Sucofindo (Persero)
Panasonic,"CS/CU-YN18WKJ, CS/CU-UN18YKJ","CS/CU-YN18WKJ, CS/CU-UN18YKJ",Non-Inverter,1643.10,17491.00,3.31,1,4797.90,"6,931,526.13",PCS 00017.04.05.HE,,,906,PT Sucofindo (Persero)
Panasonic,"CS/CU-YN24WKJ, CS/CU-UN24YKJ","CS/CU-YN24WKJ, CS/CU-UN24YKJ",Non-Inverter,2129.70,22577.00,3.30,1,6218.70,"8,984,155.89",PCS 00017.04.05.HE,,,907,PT Sucofindo (Persero)
CHANGHONG,"CSC-05CSD4, CSC-05NVB4, CHOL-05L4, CSC-05NVC4; CHOL-05L4S; CSC-05NVS4","CSC-05CSD4, CSC-05NVB4, CHOL-05L4, CSC-05NVC4; CHOL-05L4S; CSC-05NVS4",Non-Inverter,442.00,4836.00,3.41,2,305.16,"440,857.43",022/LSP/QI/06.1-VIII/2022,2022-08-24,2026-08-23,908,PT Qualis Indonesia
CHANGHONG,"CSC-09CSD4, CSC-09NVB4, CSC-09NVC4, CHOL-09L4; CHOL-09L4S; CSC-09NVS4","CSC-09CSD4, CSC-09NVB4, CSC-09NVC4, CHOL-09L4; CHOL-09L4S; CSC-09NVS4",Non-Inverter,780.00,8556.00,3.41,2,538.51,"777,983.95",022/LSP/QI/06.1-VIII/2022,2022-08-24,2026-08-23,909,PT Qualis Indonesia
CHANGHONG,"CSC-12NVB4, CSC-12NVC4; CSC-12NVS4","CSC-12NVB4, CSC-12NVC4; CSC-12NVS4",Non-Inverter,1074.00,11767.00,3.41,2,741.49,"1,071,224.82",022/LSP/QI/06.1-VIII/2022,2022-08-24,2026-08-23,910,PT Qualis Indonesia
AQUA,"AQA-KR5AHPC/AQA-CR5AHPC, AQA-KR5AHPC1/AQA-CR5AHPC1, AQA-KR5AHQC/AQA-CR5AHQC","AQA-KR5AHPC/AQA-CR5AHPC, AQA-KR5AHPC1/AQA-CR5AHPC1, AQA-KR5AHQC/AQA-CR5AHQC",Non-Inverter,439.30,5460.40,3.87,3,303.29,"438,164.51",020/LSP/QI/06.1-VIII/2022,2022-08-31,2026-08-30,911,PT Qualis Indonesia
AQUA,"AQA-KR09AHP/AQA-CR09AHP, AQA-KR09AHP1/AQA-CR09AHP1, AQA-KR09AHQ/AQA-CR09AHQ, AQA-KR09AHQ1/AQA-CR09AHQ1, AQA-KR09AHPC/AQA-CR09AHPC, AQA-KR09AHQC/AQA-CR09AHQC; Indoor: AQA-KR9FQAL2 Outdoor: AQA-CR9FQAL2; Indoor: AQA-KR9FQDL2 Outdoor: AQA-CR9FQDL2; Indoor: AQA-KR9FQBL2 Outdoor: AQA-CR9FQBL2","AQA-KR09AHP/AQA-CR09AHP, AQA-KR09AHP1/AQA-CR09AHP1, AQA-KR09AHQ/AQA-CR09AHQ, AQA-KR09AHQ1/AQA-CR09AHQ1, AQA-KR09AHPC/AQA-CR09AHPC, AQA-KR09AHQC/AQA-CR09AHQC; Indoor: AQA-KR9FQAL2 Outdoor: AQA-CR9FQAL2; Indoor: AQA-KR9FQDL2 Outdoor: AQA-CR9FQDL2; Indoor: AQA-KR9FQBL2 Outdoor: AQA-CR9FQBL2",Non-Inverter,830.70,9323.00,3.49,2,573.51,"828,552.79",020/LSP/QI/06.1-VIII/2022,2022-08-31,2026-08-30,912,PT Qualis Indonesia
AQUA,"AQA-KR12AHP/AQA-CR12AHP, AQA-KR12AHP/AQA-CR12AHP1, AQA-KR12AHQ/AQA-CR12AHQ; Indoor: AQA-KR12FQAL2 Outdoor: AQA-CR12FQAL2","AQA-KR12AHP/AQA-CR12AHP, AQA-KR12AHP/AQA-CR12AHP1, AQA-KR12AHQ/AQA-CR12AHQ; Indoor: AQA-KR12FQAL2 Outdoor: AQA-CR12FQAL2",Non-Inverter,1139.50,12636.60,3.45,2,786.71,"1,136,555.60",020/LSP/QI/06.1-VIII/2022,2022-08-31,2026-08-30,913,PT Qualis Indonesia
MITSUBISHI HEAVY INDUSTRIES,SRK09CRR-S3/SRC09CRR-S3,SRK09CRR-S3/SRC09CRR-S3,Non-Inverter,780.30,8623.60,3.44,2,2278.48,"3,291,714.28",6877.828/23.120/IX/2022 ,,,914,Balai Besar Standardisasi dan Pelayanan Jasa Industri Bahan dan Barang Teknik (BBSPJIBBT)
MITSUBISHI HEAVY INDUSTRIES,SRK13CRS-S3/SRC13CRS-S3,SRK13CRS-S3/SRC13CRS-S3,Non-Inverter,985.70,12930.20,4.08,3,2878.24,"4,158,199.11",6877.828/23.120/IX/2022 ,,,915,Balai Besar Standardisasi dan Pelayanan Jasa Industri Bahan dan Barang Teknik (BBSPJIBBT)
MITSUBISHI HEAVY INDUSTRIES,SRK05CR-S3/SRC05CR-S3,SRK05CR-S3/SRC05CR-S3,Non-Inverter,379.00,4704.40,3.86,3,1106.68,"1,598,820.60",6877.828/23.120/IX/2022 ,,,916,Balai Besar Standardisasi dan Pelayanan Jasa Industri Bahan dan Barang Teknik (BBSPJIBBT)
MITSUBISHI HEAVY INDUSTRIES,SRK10CRS-S3/SRC10CRS-S3,SRK10CRS-S3/SRC10CRS-S3,Non-Inverter,723.00,8557.30,3.69,2,2111.16,"3,049,992.85",6877.828/23.120/IX/2022,,,917,Balai Besar Standardisasi dan Pelayanan Jasa Industri Bahan dan Barang Teknik (BBSPJIBBT)
MITSUBISHI HEAVY INDUSTRIES,SRK18CS-S3/SRC18CS-S3,SRK18CS-S3/SRC18CS-S3,Non-Inverter,1540.60,17204.40,3.48,2,4498.55,"6,499,058.07",6877.828/23.120/IX/2022,,,918,Balai Besar Standardisasi dan Pelayanan Jasa Industri Bahan dan Barang Teknik (BBSPJIBBT)
MITSUBISHI HEAVY INDUSTRIES,SRK24CS-S3/SRC24CS-S3,SRK24CS-S3/SRC24CS-S3,Non-Inverter,2212.60,24855.60,3.50,2,6460.79,"9,333,906.20",6877.828/23.120/IX/2022,,,919,Balai Besar Standardisasi dan Pelayanan Jasa Industri Bahan dan Barang Teknik (BBSPJIBBT)
MITSUBISHI HEAVY INDUSTRIES,SRK24CS-S3/SRC24CS-S3,SRK24CS-S3/SRC24CS-S3,Non-Inverter,2212.60,24855.60,3.50,2,6460.79,"9,333,906.20",6877.828/23.120/IX/2022,,,920,Balai Besar Standardisasi dan Pelayanan Jasa Industri Bahan dan Barang Teknik (BBSPJIBBT)
CAWANG,EP/EU-SN-5SGM,EP/EU-SN-5SGM,Non-Inverter,409.40,4527.00,3.44,2,1195.50,"1,727,138.85",PCS 00918.01.03.HE,2022-09-02,2026-09-01,921,PT Sucofindo (Persero)
CAWANG,EP/EU-SN-12SGM,EP/EU-SN-12SGM,Non-Inverter,1024.50,11107.00,3.37,1,2991.50,"4,321,820.05",PCS 00918.01.03.HE,2022-09-02,2026-09-01,922,PT Sucofindo (Persero)
PANASONIC,CS-ZN5YKP / CU-ZN5YKP,CS-ZN5YKP / CU-ZN5YKP,Non-Inverter,333.90,5000.00,4.30,4,974.99,"1,408,565.16",824 220308,,,923,PT TUV Rheinland Indonesia
PANASONIC,CS-ZN7YKP / CU-ZN7YKP,CS-ZN7YKP / CU-ZN7YKP,Non-Inverter,613.90,7000.00,3.77,2,11.01,"15,903.84",824 220308,,,924,PT TUV Rheinland Indonesia
PANASONIC,CS-ZN9YKP / CU-ZN9YKP,CS-ZN9YKP / CU-ZN9YKP,Non-Inverter,737.90,9000.00,3.87,3,11.30,"16,325.69",824 220308,,,925,PT TUV Rheinland Indonesia
GREE,GWC-18MOO5S/I / GWC-18MOO5S/O,GWC-18MOO5S/I / GWC-18MOO5S/O,Non-Inverter,1571.10,22973.20,4.55,4,1084.68,"1,567,040.09",038/LSP/QI/06.1-X/2022,2022-10-31,2026-10-30,926,PT Qualis Indonesia
GREE,GWC-24MOO5S/I / GWC-24MOO5S/O,GWC-24MOO5S/I / GWC-24MOO5S/O,Non-Inverter,2111.90,30207.80,4.45,4,1458.05,"2,106,441.95",038/LSP/QI/06.1-X/2022,2022-10-31,2026-10-30,927,PT Qualis Indonesia
GREE,GWC-05C3ES/I / GWC-05C3ES/O,GWC-05C3ES/I / GWC-05C3ES/O,Non-Inverter,375.90,5616.70,4.65,4,259.52,"374,928.54",038/LSP/QI/06.1-X/2022,2022-10-31,2026-10-30,928,PT Qualis Indonesia
GREE,GWC-07C3ES/I / GWC-07C3ES/O,GWC-07C3ES/I / GWC-07C3ES/O,Non-Inverter,549.70,7000.20,3.96,3,379.51,"548,279.54",038/LSP/QI/06.1-X/2022,2022-10-31,2026-10-30,929,PT Qualis Indonesia
GREE,GWC-09C3ES/I / GWC-09C3ES/O,GWC-09C3ES/I / GWC-09C3ES/O,Non-Inverter,759.30,10300.00,4.23,4,524.49,"757,736.48",038/LSP/QI/06.1-X/2022,2022-10-31,2026-10-30,930,PT Qualis Indonesia
GREE,GWC-12C3ES/I / GWC-12C3ES/O,GWC-12C3ES/I / GWC-12C3ES/O,Non-Inverter,1087.80,14098.60,4.03,3,751.01,"1,084,988.48",038/LSP/QI/06.1-X/2022,2022-10-31,2026-10-30,931,PT Qualis Indonesia
GREE,GWC-18C3ES/I / GWC-18C3ES/O,GWC-18C3ES/I / GWC-18C3ES/O,Non-Inverter,1595.20,22608.10,4.41,4,1101.32,"1,591,077.00",038/LSP/QI/06.1-X/2022,2022-10-31,2026-10-30,932,PT Qualis Indonesia
GREE,GWC-24C3ES/I / GWC-24C3ES/O,GWC-24C3ES/I / GWC-24C3ES/O,Non-Inverter,2117.20,31649.70,4.65,4,1461.71,"2,111,728.10",038/LSP/QI/06.1-X/2022,2022-10-31,2026-10-30,933,PT Qualis Indonesia
CANDY,"CWP05EA03TF / CWP05EA03TC, CWP05EB03TF / CWP05EB03TC","CWP05EA03TF / CWP05EA03TC, CWP05EB03TF / CWP05EB03TC",Non-Inverter,446.20,4970.00,3.47,2,308.06,"445,047.06",045/LSP/QI/06.1-XI/2022,,,934,PT Qualis Indonesia
LG,H05TN4 NCAX3 / H05TN4 UCAX3,H05TN4 NCAX3 / H05TN4 UCAX3,Non-Inverter,382.20,5000.00,4.02,3,1116.02,"1,612,319.87",824 220345,,,935,PT TUV Rheinland Indonesia
LG,H12TN4 NCAX / H12TN4 UCAX,H12TN4 NCAX / H12TN4 UCAX,Non-Inverter,1051.30,11300.00,3.47,2,3069.80,"4,434,934.28",824 220345,,,936,PT TUV Rheinland Indonesia
LG,H18TN4 NCAX / H18TN4 UCAX,H18TN4 NCAX / H18TN4 UCAX,Non-Inverter,1616.10,17000.00,3.25,1,4719.01,"6,817,556.64",824 220345,,,937,PT TUV Rheinland Indonesia
CHiQ,05QB,05QB,Non-Inverter,427.60,5502.40,4.00,3,295.21,"426,495.67",003/LSP/QI/06.1-III/2022,,,938,PT Qualis Indonesia
CHiQ,09QB,09QB,Non-Inverter,804.70,9210.60,3.56,2,555.56,"802,620.42",003/LSP/QI/06.1-III/2022,,,939,PT Qualis Indonesia
PANASONIC,CS-ZN5WKP / CU-ZN5WKP,CS-ZN5WKP / CU-ZN5WKP,Non-Inverter,340.30,5000.00,4.05,3,993.68,"1,435,563.72",824 220280,,,940,PT TUV Rheinland Indonesia
PANASONIC,CS-ZN9WKP / CU-ZN9WKP,CS-ZN9WKP / CU-ZN9WKP,Non-Inverter,757.80,9000.00,3.69,2,2212.78,"3,196,797.49",824 220280,,,941,PT TUV Rheinland Indonesia
SAMSUNG,AR18BGHQASINSE / AR18BGHQASIXSE,AR18BGHQASINSE / AR18BGHQASIXSE,Non-Inverter,1601.40,17500.00,3.52,2,4676.09,"6,755,544.33",824 220332,,,942,PT TUV Rheinland Indonesia
SAMSUNG,AR12BGHQASINSE / AR12BGHQASIXSE,AR12BGHQASINSE / AR12BGHQASIXSE,Non-Inverter,1023.10,11500.00,3.49,2,2987.45,"4,315,971.90",824 220332,,,943,PT TUV Rheinland Indonesia
SANSUI,L 05 S2 / LO 05 S2,L 05 S2 / LO 05 S2,Non-Inverter,416.20,4.92,3.68,2,1215.30,"1,755,749.69",6915.1041/23.120/IX/2022,,,944,Balai Besar Standardisasi dan Pelayanan Jasa Industri Bahan dan Barang Teknik (BBSPJIBBT)
SANSUI,L 09 S2/ LO 09 S2,L 09 S2/ LO 09 S2,Non-Inverter,790.60,8.26,3.25,1,2308.55,"3,335,162.19",6915.1041/23.120/IX/2022,,,945,Balai Besar Standardisasi dan Pelayanan Jasa Industri Bahan dan Barang Teknik (BBSPJIBBT)
SANSUI,L 12 S2/ LO 12 S2,L 12 S2/ LO 12 S2,Non-Inverter,1036.70,10.57,3.17,1,3027.16,"4,373,343.83",6915.1041/23.120/IX/2022,,,946,Balai Besar Standardisasi dan Pelayanan Jasa Industri Bahan dan Barang Teknik (BBSPJIBBT)
SANSUI,L 18 S2 / LO 18 S2,L 18 S2 / LO 18 S2,Non-Inverter,1522.80,15936.10,3.26,1,4446.58,"6,423,968.35",6915.1041/23.120/IX/2022 ,,,947,Balai Besar Standardisasi dan Pelayanan Jasa Industri Bahan dan Barang Teknik (BBSPJIBBT)
MITSUBISHI HEAVY INDUSTRIES ,SRK05CXP2-W3/ SRC05CXP2-W3,SRK05CXP2-W3/ SRC05CXP2-W3,Non-Inverter,334.90,4480.40,4.16,3,977.91,"1,412,783.69",6938.1048/23.120/IX/2022 ,,,948,Balai Besar Standardisasi dan Pelayanan Jasa Industri Bahan dan Barang Teknik (BBSPJIBBT)
MITSUBISHI HEAVY INDUSTRIES,SRK09CXP2-W3/ SRC09CXP2-W3,SRK09CXP2-W3/ SRC09CXP2-W3,Non-Inverter,775.80,9646.50,3.87,3,2265.34,"3,272,730.92",6938.1048/23.120/IX/2022 ,,,949,Balai Besar Standardisasi dan Pelayanan Jasa Industri Bahan dan Barang Teknik (BBSPJIBBT)
MITSUBISHI HEAVY INDUSTRIES,MITSUBISHI HEAVY INDUSTRIES,MITSUBISHI HEAVY INDUSTRIES,Non-Inverter,996.50,9982.20,3.12,1,2909.78,"4,203,759.17",6938.1048/23.120/IX/2022,,,950,Balai Besar Standardisasi dan Pelayanan Jasa Industri Bahan dan Barang Teknik (BBSPJIBBT)
MITSUBISHI HEAVY INDUSTRIES,SRK18CXP2-W3/ SRC18CXP2-W3,SRK18CXP2-W3/ SRC18CXP2-W3,Non-Inverter,1596.60,17113.80,3.34,1,4662.07,"6,735,295.42",6938.1048/23.120/IX/2022 ,,,951,Balai Besar Standardisasi dan Pelayanan Jasa Industri Bahan dan Barang Teknik (BBSPJIBBT)
MITSUBISHI HEAVY INDUSTRIES,SRK24CXP2-W3/ SRC24CXP2-W3,SRK24CXP2-W3/ SRC24CXP2-W3,Non-Inverter,2019.10,25092.60,3.87,3,5895.77,"8,517,621.81",6938.1048/23.120/IX/2022 ,,,952,Balai Besar Standardisasi dan Pelayanan Jasa Industri Bahan dan Barang Teknik (BBSPJIBBT)
TECO,LS05FCID1 / LT05FCID1,LS05FCID1 / LT05FCID1,Non-Inverter,454.80,4959.80,3.39,1,313.99,"453,624.24",003/LSP/QI/06.1-I/2023,,,953,PT Qualis Indonesia
TECO,LS18FCID1 / LT18FCDI1,LS18FCID1 / LT18FCDI1,Non-Inverter,1615.10,17053.30,3.29,1,1115.06,"1,610,925.74",003/LSP/QI/06.1-I/2023,,,954,PT Qualis Indonesia
ELECTROLUX,ESM053C,ESM053C1NAE / ESM053C1NAI ; ESM053C2WAE / ESM053C2WAI,Non-Inverter,344.20,5000.00,3.99,3,1005.06,"1,452,015.96",824 230024,2023-01-17,2027-01-16,955,PT TUV Rheinland Indonesia
ELECTROLUX,ESM093C,ESM093C1NAE / ESM093C1NAI; ESM093C2WAE / ESM093C2WAI,Non-Inverter,734.20,9000.00,3.46,2,2143.86,"3,097,234.54",824 230024,2023-01-17,2027-01-16,956,PT TUV Rheinland Indonesia
TCL,TAC-05,TAC-05CSD/ XA TAC-05CSD/ XO,Non-Inverter,362.20,5000.00,4.08,3,1057.62,"1,527,949.39",824 230023,,,957,PT TUV Rheinland Indonesia
TCL,TAC-05,TAC-05CSD/ XS TAC-05CSD/ XO,Non-Inverter,451.40,5000.00,3.45,2,1318.09,"1,904,241.73",824 230023,,,958,PT TUV Rheinland Indonesia
TCL,TAC-09,TAC-09CSD/ XS TAC-09CSD/ XO,Non-Inverter,808.60,9000.00,3.14,1,2361.11,"3,411,098.51",824 230023,,,959,PT TUV Rheinland Indonesia
TCL,TAC-12,TAC-12CSD/ XS TAC-12CSD/ XO,Non-Inverter,1060.10,12000.00,3.14,1,3095.49,"4,472,057.29",824 230023,,,960,PT TUV Rheinland Indonesia
TCL,TAC-18,TAC-18CSD/ XS TAC-18CSD/ XO,Non-Inverter,1540.70,18000.00,3.16,1,4498.84,"6,499,479.93",824 230023,,,961,PT TUV Rheinland Indonesia
POLYTRON,EAW0128G,PAC 05VHI; PAC 05VH,Non-Inverter,402.00,4734.00,3.66,2,1173.84,"1,695,846.65",	01/06.06.06/22/LSPro/II/2022,,,962,
CANDY,"CWP09EA03TF / CWP09EA03TC, CWP09EB03TF / CWP09EB03TC","CWP09EA03TF / CWP09EA03TC, CWP09EB03TF / CWP09EB03TC",Non-Inverter,865.00,7946.80,3.17,1,596.92,"862,365.99",007/LSP/QI/06.1-I/2023,,,963,PT Qualis Indonesia
LG,H05TN4 NCAX2 / H05TN4 UCAX2,H05TN4 NCAX2 / H05TN4 UCAX2,Non-Inverter,382.90,5000.00,4.18,3,1118.07,"1,615,272.84",824 230058,,,964,PT TUV Rheinland Indonesia
LG,H09TN4 NCAX2 / H09TN4 UCAX2,H09TN4 NCAX2 / H09TN4 UCAX2,Non-Inverter,791.90,8530.00,3.45,2,2312.35,"3,340,649.16",824 230058,,,965,PT TUV Rheinland Indonesia
SHARP,AH-A5BEY / AU-A5BEY; AH-A5BBY / AU-A5BBY; AH-AP5BMY / AU-A5BMY; AH-A5BEY2 / AU-A5BEY2; AH-A5BBY2 / AU-A5BBY2; AH-AP5BMY2 / AU-A5BMY2; AH-A5DEY / AU-A5DEY; AH-A5DHY / AU-A5DHY6,AH-A5BEY / AU-A5BEY; AH-A5BBY / AU-A5BBY; AH-AP5BMY / AU-A5BMY; AH-A5BEY2 / AU-A5BEY2; AH-A5BBY2 / AU-A5BBY2; AH-AP5BMY2 / AU-A5BMY2; AH-A5DEY / AU-A5DEY; AH-A5DHY / AU-A5DHY,Non-Inverter,398.20,5309.80,4.15,3,274.92,"397,171.15",011/LSP/QI/06.1-II/2023,2023-02-22,2027-02-21,966,PT Qualis Indonesia
SHARP,AH-A7BEY / AU-A7BEY; AH-A7BBY / AU-A7BBY; AH-AP7BMY / AU-A7BMY,AH-A7BEY / AU-A7BEY; AH-A7BBY / AU-A7BBY; AH-AP7BMY / AU-A7BMY,Non-Inverter,644.60,7523.30,3.63,2,445.03,"642,934.84",011/LSP/QI/06.1-II/2023,2023-02-22,2027-02-21,967,PT Qualis Indonesia
SHARP,AH-A9BEY / AU-A9BEY; AH-A9BBY / AU-A9BBY; AH-AP9BMY / AU-A9BMY; AH-A9BEY2 / AU-A9BEY2; AH-A9BBY2 / AU-A9BBY2; AH-AP9BMY2 / AU-A9BMY2; AH-A9BEYT / AU-A9BEY2; AH-AP9BMYT / AU-A9BMY2; AH-A9DEY / AU-A9DEY; AH-A9DHY / AU-A9DHY,AH-A9BEY / AU-A9BEY; AH-A9BBY / AU-A9BBY; AH-AP9BMY / AU-A9BMY; AH-A9BEY2 / AU-A9BEY2; AH-A9BBY2 / AU-A9BBY2; AH-AP9BMY2 / AU-A9BMY2; AH-A9BEYT / AU-A9BEY2; AH-AP9BMYT / AU-A9BMY2; AH-A9DEY / AU-A9DEY; AH-A9DHY / AU-A9DHY,Non-Inverter,818.00,9339.40,3.55,2,564.74,"815,885.66",011/LSP/QI/06.1-II/2023,2023-02-22,2027-02-21,968,PT Qualis Indonesia
AQUA,AQA-KR19AHQ / AQA-CR19AHQ; AQA-KR19AHQ1 / AQA-CR19AHQ1,AQA-KR19AHQ / AQA-CR19AHQ; AQA-KR19AHQ1 / AQA-CR19AHQ1,Non-Inverter,1859.30,20203.60,3.38,1,1283.65,"1,854,494.93",012/LSP/QI/06.1-III/2023,,,969,PT Qualis Indonesia
TCL,TAC-07CSD,Indoor: TAC-07CSD/XA Outdoor: TAC-07CSD/XO,Non-Inverter,660.60,7000.00,3.37,1,1928.95,"2,786,756.95",824 220272,,,970,PT TUV Rheinland Indonesia
BESTLIFE,BAC 05 CX; BAC 05 CX3; BAC 05 FX; BAC 05 FX3; AUX-05CX; AUX-05QAR3; AUX-05QBR3; AUX-05QCR3; AUX-05QDR3; AUX-05QER3; AUX-05QFR3; BEST-05CX; BEST-05CX3; BEST-05FX; BEST-05FX3; BEST-05QAR3; BEST-05QBR3; BEST-05QCR3; BEST-05QDR3; BEST-05QER3; BEST-05QFR3,BAC 05 CX; BAC 05 CX3; BAC 05 FX; BAC 05 FX3; AUX-05CX; AUX-05QAR3; AUX-05QBR3; AUX-05QCR3; AUX-05QDR3; AUX-05QER3; AUX-05QFR3; BEST-05CX; BEST-05CX3; BEST-05FX; BEST-05FX3; BEST-05QAR3; BEST-05QBR3; BEST-05QCR3; BEST-05QDR3; BEST-05QER3; BEST-05QFR3,Non-Inverter,510.80,6403.30,3.90,3,352.65,"509,479.23",013/LSP/QI/06.1-III/2023,2023-03-30,2027-03-29,971,PT Qualis Indonesia
BESTLIFE,BAC 09 CX; BAC 09 CX3; BAC 09 FX; BAC 09 FX3; AUX-09CX; AUX-09QAR3; AUX-09QBR3; AUX-09QCR3; AUX-09QDR3; AUX-09QER3; AUX-09QFR3; BEST-09CX; BEST-09CX3; BEST-09FX; BEST-09FX3; BEST-09QAR3; BEST-09QBR3; BEST-09QCR3; BEST-09QDR3; BEST-09QER3; BEST-09QFR3,BAC 09 CX; BAC 09 CX3; BAC 09 FX; BAC 09 FX3; AUX-09CX; AUX-09QAR3; AUX-09QBR3; AUX-09QCR3; AUX-09QDR3; AUX-09QER3; AUX-09QFR3; BEST-09CX; BEST-09CX3; BEST-09FX; BEST-09FX3; BEST-09QAR3; BEST-09QBR3; BEST-09QCR3; BEST-09QDR3; BEST-09QER3; BEST-09QFR3,Non-Inverter,854.60,9245.30,3.37,1,590.01,"852,391.78",013/LSP/QI/06.1-III/2023,2023-03-30,2027-03-29,972,PT Qualis Indonesia
BESTLIFE,BAC 12 CX; BAC 12 CX3; BAC 12 FX; BAC 12 FX3; AUX-12CX; AUX-12QAR3; AUX-12QBR3; AUX-12QCR3; AUX-12QDR3; AUX-12QER3; AUX-12QFR3; BEST-12CX; BEST-12CX3; BEST-12FX; BEST-12FX3; BEST-12QAR3; BEST-12QBR3; BEST-12QCR3; BEST-12QDR3; BEST-12QER3; BEST-12QFR3,BAC 12 CX; BAC 12 CX3; BAC 12 FX; BAC 12 FX3; AUX-12CX; AUX-12QAR3; AUX-12QBR3; AUX-12QCR3; AUX-12QDR3; AUX-12QER3; AUX-12QFR3; BEST-12CX; BEST-12CX3; BEST-12FX; BEST-12FX3; BEST-12QAR3; BEST-12QBR3; BEST-12QCR3; BEST-12QDR3; BEST-12QER3; BEST-12QFR3,Non-Inverter,1087.00,11059.80,3.17,1,750.46,"1,084,191.01",013/LSP/QI/06.1-III/2023,2023-03-30,2027-03-29,973,PT Qualis Indonesia
BESTLIFE,BAC 18 CX; BAC 18 CX3; BAC 18 FX; BAC 18 FX3; AUX-18CX; AUX-18QAR3; AUX-18QBR3; AUX-18QCR3; AUX-18QDR3; AUX-18QER3; AUX-18QFR3; BEST-18CX; BEST-18CX3; BEST-18FX; BEST-18FX3; BEST-18QAR3; BEST-18QBR3; BEST-18QCR3; BEST-18QDR3; BEST-18QER3; BEST-18QFR3,BAC 18 CX; BAC 18 CX3; BAC 18 FX; BAC 18 FX3; AUX-18CX; AUX-18QAR3; AUX-18QBR3; AUX-18QCR3; AUX-18QDR3; AUX-18QER3; AUX-18QFR3; BEST-18CX; BEST-18CX3; BEST-18FX; BEST-18FX3; BEST-18QAR3; BEST-18QBR3; BEST-18QCR3; BEST-18QDR3; BEST-18QER3; BEST-18QFR3,Non-Inverter,1650.00,17540.30,3.31,1,1139.15,"1,645,735.78",013/LSP/QI/06.1-III/2023,2023-03-30,2027-03-29,974,PT Qualis Indonesia
GREE,GWC-05MOO5A,GWC-05MOO5A,Non-Inverter,355.20,5004.10,4.32,4,245.64,"354,880.44",015/LSP/QI/06.1-III/2023,,,975,PT Qualis Indonesia
GREE,GWC-07MOO5A,GWC-07MOO5A,Non-Inverter,531.20,6651.70,3.90,3,366.74,"529,827.83",015/LSP/QI/06.1-III/2023,,,976,PT Qualis Indonesia
GREE,GWC-09MOO5A,GWC-09MOO5A,Non-Inverter,776.30,8683.50,3.48,2,535.96,"774,294.19",015/LSP/QI/06.1-III/2023,,,977,PT Qualis Indonesia
GREE,GWC-12MOO5A,GWC-12MOO5A,Non-Inverter,1013.30,16893.30,3.55,2,699.58,"1,010,681.78",015/LSP/QI/06.1-III/2023,,,978,PT Qualis Indonesia
GREE,GWC-18MOO5A,GWC-18MOO5A,Non-Inverter,1515.50,16893.30,3.47,2,1046.30,"1,511,583.83",015/LSP/QI/06.1-III/2023,,,979,PT Qualis Indonesia
LG,H05TN4 NCAX3 / H05TN4 UCAX3,H05TN4 NCAX3 / H05TN4 UCAX3,Non-Inverter,381.00,5000.00,4.06,3,1112.52,"1,607,257.64",824 220346,,,980,PT TUV Rheinland Indonesia
LG,H12TN4 NCAX / H12TN4 UCAX,H12TN4 NCAX / H12TN4 UCAX,Non-Inverter,1088.40,11300.00,3.32,1,3178.13,"4,591,441.52",824 220346,,,981,PT TUV Rheinland Indonesia
LG,H18TN4 NCAX / H18TN4 UCAX,H18TN4 NCAX / H18TN4 UCAX,Non-Inverter,1556.50,17000.00,3.27,1,4544.98,"6,566,132.61",824 220346,,,982,PT TUV Rheinland Indonesia
CHANGHONG,CSC-05RDX4; CSC-05LW4,CSC-05RDX4; CSC-05LW4,Non-Inverter,393.20,4667.70,3.69,2,271.46,"392,184.04",018/LSP/QI/06.1-IV/2023,,,983,PT Qualis Indonesia
CHANGHONG,CSC-09RDX4; CSC-09LW4,CSC-09RDX4; CSC-09LW4,Non-Inverter,715.30,9137.20,3.98,3,493.84,"713,452.09",018/LSP/QI/06.1-IV/2023,,,984,PT Qualis Indonesia
LG,H07TN4 NCAX3 /  H07TN4 UCAX3,H07TN4 NCAX3 /  H07TN4 UCAX3,Non-Inverter,662.50,7000.00,3.35,1,1934.50,"2,794,772.15",824 230062,,,985,PT TUV Rheinland Indonesia
CHiQ,"05QB2, 05QBS","05QB2, 05QBS",Non-Inverter,458.40,5000.00,3.24,1,316.48,"457,215.77",022/LSP/QI/06.1-V/2023,,,986,PT Qualis Indonesia
CHiQ,"09QB2, 09QBS","09QB2, 09QBS",Non-Inverter,913.70,9000.00,3.14,1,630.82,"911,338.43",022/LSP/QI/06.1-V/2023,,,987,PT Qualis Indonesia
AUX,BEST-05A4/FFR3; AUX-05A4/FER3; AUX-05A4/FFR3; BEST-05A4/FER3; AUX-05A4/FTR3; AUX-05A4/FDR3; BEST-05A4/FTR3; BEST-05A4/FDR3,BEST-05A4/FFR3; AUX-05A4/FER3; AUX-05A4/FFR3; BEST-05A4/FER3; AUX-05A4/FTR3; AUX-05A4/FDR3; BEST-05A4/FTR3; BEST-05A4/FDR3,Non-Inverter,369.70,4090.00,3.27,1,255.24,"368,745.23",023/LSP/QI/06.1-V/2023,,,988,PT Qualis Indonesia
AQUA,AQA-KR5ANQ / AQA-CR5ANQ ; AQA-KR5ANQ1 / AQA-CR5ANQ1,AQA-KR5ANQ / AQA-CR5ANQ ; AQA-KR5ANQ1 / AQA-CR5ANQ1,Non-Inverter,397.20,5000.00,3.66,2,1159.82,"1,675,597.73",824 230172,,,989,PT TUV Rheinland Indonesia
AUX,BEST-05A4/QDR3; AUX-05A4/QGR3; AUX-05A4/QHR3; AUX-05A4/QJR3; AUX-05A4/QKR3; AUX-05A4/QDR3; BEST-05A4/QGR3; BEST-05A4/QHR3; BEST-05A4/QJR3; BEST-05A4/QKR3,BEST-05A4/QDR3; AUX-05A4/QGR3; AUX-05A4/QHR3; AUX-05A4/QJR3; AUX-05A4/QKR3; AUX-05A4/QDR3; BEST-05A4/QGR3; BEST-05A4/QHR3; BEST-05A4/QJR3; BEST-05A4/QKR3,Non-Inverter,517.90,5100.00,3.21,1,357.56,"516,561.15",023/LSP/QI/06.1-V/2023,,,990,PT Qualis Indonesia
AUX,BEST-05A4/FAR3; AUX-05A4/FHR3; AUX-05A4/FIR3; AUX-05A4/FWR3; AUX-05A4/FZR3; AUX-05A4/FAR3; BEST-05A4/FHR3; BEST-05A4/FIR3; BEST-05A4/FWR3; BEST-05A4/FZR3,BEST-05A4/FAR3; AUX-05A4/FHR3; AUX-05A4/FIR3; AUX-05A4/FWR3; AUX-05A4/FZR3; AUX-05A4/FAR3; BEST-05A4/FHR3; BEST-05A4/FIR3; BEST-05A4/FWR3; BEST-05A4/FZR3,Non-Inverter,524.90,5450.00,3.15,1,544.59,"786,761.95",023/LSP/QI/06.1-V/2023,,,991,PT Qualis Indonesia
AUX,BEST-05A4/QCR3; AUX-05A4/QAR3; AUX-05A4/QER3; AUX-05A4/QFR3; AUX-05A4/QBR3; AUX-05A4/QLR3; AUX-05A4/QMR3; AUX-05A4/QCR3; BEST-05A4/QAR3; BEST-05A4/QER3; BEST-05A4/QFR3; BEST-05A4/QBR3; BEST-05A4/QLR3; BEST-05A4/QMR3,BEST-05A4/QCR3; AUX-05A4/QAR3; AUX-05A4/QER3; AUX-05A4/QFR3; AUX-05A4/QBR3; AUX-05A4/QLR3; AUX-05A4/QMR3; AUX-05A4/QCR3; BEST-05A4/QAR3; BEST-05A4/QER3; BEST-05A4/QFR3; BEST-05A4/QBR3; BEST-05A4/QLR3; BEST-05A4/QMR3,Non-Inverter,520.10,5450.00,3.23,1,359.08,"518,755.65",023/LSP/QI/06.1-V/2023,,,992,PT Qualis Indonesia
AUX,BEST-09A4/FFR3; AUX-09A4/FER3; AUX-09A4/FFR3; BEST-09A4/FER3; AUX-09A4/FTR3; AUX-09A4/FDR3; BEST-09A4/FTR3; BEST-09A4/FDR3,BEST-09A4/FFR3; AUX-09A4/FER3; AUX-09A4/FFR3; BEST-09A4/FER3; AUX-09A4/FTR3; AUX-09A4/FDR3; BEST-09A4/FTR3; BEST-09A4/FDR3,Non-Inverter,783.50,9550.00,3.69,2,540.93,"781,475.79",023/LSP/QI/06.1-V/2023,,,993,PT Qualis Indonesia
AUX,BEST-09A4/QDR3; AUX-09A4/QGR3; AUX-09A4/QHR3; AUX-09A4/QJR3; AUX-09A4/QKR3; AUX-09A4/QDR3; BEST-09A4/QGR3; BEST-09A4/QHR3; BEST-09A4/QJR3; BEST-09A4/QKR3,BEST-09A4/QDR3; AUX-09A4/QGR3; AUX-09A4/QHR3; AUX-09A4/QJR3; AUX-09A4/QKR3; AUX-09A4/QDR3; BEST-09A4/QGR3; BEST-09A4/QHR3; BEST-09A4/QJR3; BEST-09A4/QKR3,Non-Inverter,788.80,8500.00,3.60,2,544.59,"786,761.95",023/LSP/QI/06.1-V/2023,,,994,PT Qualis Indonesia
AUX,BEST-09A4/FAR3; AUX-09A4/FHR3; AUX-09A4/FIR3; AUX-09A4/FWR3; AUX-09A4/FZR3; AUX-09A4/FAR3; BEST-09A4/FHR3; BEST-09A4/FIR3; BEST-09A4/FWR3; BEST-09A4/FZR3,BEST-09A4/FAR3; AUX-09A4/FHR3; AUX-09A4/FIR3; AUX-09A4/FWR3; AUX-09A4/FZR3; AUX-09A4/FAR3; BEST-09A4/FHR3; BEST-09A4/FIR3; BEST-09A4/FWR3; BEST-09A4/FZR3,Non-Inverter,875.50,9380.00,3.26,1,604.44,"873,237.36",023/LSP/QI/06.1-V/2023,,,995,PT Qualis Indonesia
AUX,BEST-09A4/QCR3; AUX-09A4/QAR3; AUX-09A4/QER3; AUX-09A4/QFR3; AUX-09A4/QBR3; AUX-09A4/QLR3; AUX-09A4/QMR3; AUX-09A4/QCR3; BEST-09A4/QAR3; BEST-09A4/QER3; BEST-09A4/QFR3; BEST-09A4/QBR3; BEST-09A4/QLR3; BEST-09A4/QMR3,BEST-09A4/QCR3; AUX-09A4/QAR3; AUX-09A4/QER3; AUX-09A4/QFR3; AUX-09A4/QBR3; AUX-09A4/QLR3; AUX-09A4/QMR3; AUX-09A4/QCR3; BEST-09A4/QAR3; BEST-09A4/QER3; BEST-09A4/QFR3; BEST-09A4/QBR3; BEST-09A4/QLR3; BEST-09A4/QMR3,Non-Inverter,855.70,9380.00,3.14,1,590.77,"853,488.31",023/LSP/QI/06.1-V/2023,,,996,PT Qualis Indonesia
AUX,BEST-12A4/FAR3; AUX-12A4/FHR3; AUX-12A4/FIR3; AUX-12A4/FWR3; AUX-12A4/FZR3; AUX-12A4/FAR3; BEST-12A4/FHR3; BEST-12A4/FIR3; BEST-12A4/FWR3; BEST-12A4/FZR3,BEST-12A4/FAR3; AUX-12A4/FHR3; AUX-12A4/FIR3; AUX-12A4/FWR3; AUX-12A4/FZR3; AUX-12A4/FAR3; BEST-12A4/FHR3; BEST-12A4/FIR3; BEST-12A4/FWR3; BEST-12A4/FZR3,Non-Inverter,1166.80,12600.00,3.23,1,805.56,"1,163,785.31",023/LSP/QI/06.1-V/2023,,,997,PT Qualis Indonesia
AUX,BEST-12A4/QCR3; AUX-12A4/QAR3; AUX-12A4/QER3; AUX-12A4/QFR3; AUX-12A4/QBR3; AUX-12A4/QLR3; AUX-12A4/QMR3; AUX-12A4/QDR3; AUX-12A4/QGR3; AUX-12A4/QHR3; AUX-12A4/QJR3; AUX-12A4/QKR3; AUX-12A4/QCR3; BEST-12A4/QAR3; BEST-12A4/QER3; BEST-12A4/QFR3; BEST-12A4/QBR3; BEST-12A4/QLR3; BEST-12A4/QMR3; BEST-12A4/QDR3; BEST-12A4/QGR3; BEST-12A4/QHR3; BEST-12A4/QJR3; BEST-12A4/QKR3,BEST-12A4/QCR3; AUX-12A4/QAR3; AUX-12A4/QER3; AUX-12A4/QFR3; AUX-12A4/QBR3; AUX-12A4/QLR3; AUX-12A4/QMR3; AUX-12A4/QDR3; AUX-12A4/QGR3; AUX-12A4/QHR3; AUX-12A4/QJR3; AUX-12A4/QKR3; AUX-12A4/QCR3; BEST-12A4/QAR3; BEST-12A4/QER3; BEST-12A4/QFR3; BEST-12A4/QBR3; BEST-12A4/QLR3; BEST-12A4/QMR3; BEST-12A4/QDR3; BEST-12A4/QGR3; BEST-12A4/QHR3; BEST-12A4/QJR3; BEST-12A4/QKR3,Non-Inverter,1168.20,12600.00,3.12,1,806.52,"1,165,180.89",023/LSP/QI/06.1-V/2023,,,998,PT Qualis Indonesia
AUX,BEST-18A4/FAR3; AUX-18A4/FHR3; AUX-18A4/FIR3; AUX-18A4/FWR3; AUX-18A4/FZR3; AUX-18A4/FAR3; BEST-18A4/FHR3; BEST-18A4/FIR3; BEST-18A4/FWR3; BEST-18A4/FZR3,BEST-18A4/FAR3; AUX-18A4/FHR3; AUX-18A4/FIR3; AUX-18A4/FWR3; AUX-18A4/FZR3; AUX-18A4/FAR3; BEST-18A4/FHR3; BEST-18A4/FIR3; BEST-18A4/FWR3; BEST-18A4/FZR3,Non-Inverter,1705.70,19100.00,3.28,1,1177.61,"1,701,291.72",023/LSP/QI/06.1-V/2023,,,999,PT Qualis Indonesia
AUX,BEST-18A4/QCR3; AUX-18A4/QAR3; AUX-18A4/QER3; AUX-18A4/QFR3; AUX-18A4/QBR3; AUX-18A4/QLR3; AUX-18A4/QMR3; AUX-18A4/QDR3; AUX-18A4/QGR3; AUX-18A4/QHR3; AUX-18A4/QJR3; AUX-18A4/QKR3; AUX-18A4/QCR3; BEST-18A4/QAR3; BEST-18A4/QER3; BEST-18A4/QFR3; BEST-18A4/QBR3; BEST-18A4/QLR3; BEST-18A4/QMR3; BEST-18A4/QDR3; BEST-18A4/QGR3; BEST-18A4/QHR3; BEST-18A4/QJR3; BEST-18A4/QKR3,BEST-18A4/QCR3; AUX-18A4/QAR3; AUX-18A4/QER3; AUX-18A4/QFR3; AUX-18A4/QBR3; AUX-18A4/QLR3; AUX-18A4/QMR3; AUX-18A4/QDR3; AUX-18A4/QGR3; AUX-18A4/QHR3; AUX-18A4/QJR3; AUX-18A4/QKR3; AUX-18A4/QCR3; BEST-18A4/QAR3; BEST-18A4/QER3; BEST-18A4/QFR3; BEST-18A4/QBR3; BEST-18A4/QLR3; BEST-18A4/QMR3; BEST-18A4/QDR3; BEST-18A4/QGR3; BEST-18A4/QHR3; BEST-18A4/QJR3; BEST-18A4/QKR3,Non-Inverter,1758.40,19100.00,3.22,1,1213.99,"1,753,855.69",023/LSP/QI/06.1-V/2023,,,1000,PT Qualis Indonesia
BEKO,BSFSA 050 / BSFSA 051,BSFSA 050 / BSFSA 051,Non-Inverter,365.90,5000.00,4.02,3,252.62,"364,954.34",028/LSP/QI/06.1-VI/2023,,,1001,PT Qualis Indonesia
BEKO,BSFSA 090A / BSFSA 091A,BSFSA 090A / BSFSA 091A,Non-Inverter,747.90,9000.00,3.88,3,516.35,"745,966.51",028/LSP/QI/06.1-VI/2023,,,1002,PT Qualis Indonesia
BEKO,BSFSA 120 / BSFSA 121,BSFSA 120 / BSFSA 121,Non-Inverter,1081.60,11500.00,3.46,2,746.73,"1,078,805.17",028/LSP/QI/06.1-VI/2023,,,1003,PT Qualis Indonesia
BEKO,BSFSA 180 / BSFSA 181,BSFSA 180 / BSFSA 181,Non-Inverter,1521.40,17000.00,3.52,2,1050.37,"1,517,468.09",028/LSP/QI/06.1-VI/2023,,,1004,PT Qualis Indonesia
MIDEA,MSAF-09CRN2X(I) / MSAF-09CRN2X(O,MSAF-09CRN2X(I) / MSAF-09CRN2X(O,Non-Inverter,792.30,9000.00,3.47,2,547.76,"791,350.32",033/LSP/QI/06.1-VII/2023,,,1005,PT Qualis Indonesia
TECO,LS05FGID2 / LT05FGID2,LS05FGID2 / LT05FGID2,Non-Inverter,453.70,5000.00,3.60,2,313.23,"452,527.72",035/LSP/QI/06.1-VII/2023,,,1006,PT Qualis Indonesia
TECO,LS09FGID2 / LT09FGID2,LS09FGID2 / LT09FGID2,Non-Inverter,818.80,9000.00,3.15,1,565.30,"816,684.58",035/LSP/QI/06.1-VII/2023,,,1007,PT Qualis Indonesia
TECO,LS12FGID2 / LT12FGID2,LS12FGID2 / LT12FGID2,Non-Inverter,1086.90,12000.00,3.19,1,750.39,"1,084,091.32",035/LSP/QI/06.1-VII/2023,,,1008,PT Qualis Indonesia
TECO,LS18FGID2 / LT18FGID2,LS18FGID2 / LT18FGID2,Non-Inverter,1605.90,18000.00,3.24,1,1108.71,"1,601,750.45",035/LSP/QI/06.1-VII/2023,,,1009,PT Qualis Indonesia
DAIKIN,FTC50XV14 / RC50XV14,FTC50XV14 / RC50XV14,Non-Inverter,1595.40,17128.00,3.45,2,4658.57,"6,730,233.19",6789.1075/23.120/VIII/2022 ,,,1010,Balai Besar Standardisasi dan Pelayanan Jasa Industri Bahan dan Barang Teknik (BBSPJIBBT)
FLIFE,FAC-05FCOO/I / FAC-05FCOO/O,FAC-05FCOO/I / FAC-05FCOO/O,Non-Inverter,365.60,5000.00,3.74,2,252.41,"364,655.28",026/LSP/QI/06.1-VI/2023,,,1011,PT Qualis Indonesia
FLIFE,FAC-09FCOO/I / FAC-09FCOO/O,FAC-09FCOO/I / FAC-09FCOO/O,Non-Inverter,791.10,9200.00,3.71,2,546.17,"789,056.13",026/LSP/QI/06.1-VI/2023,,,1012,PT Qualis Indonesia
FLIFE,FAC-12FCOO/I / FAC-12FCOO/O,FAC-12FCOO/I / FAC-12FCOO/O,Non-Inverter,1031.60,12000.00,3.42,2,712.21,"1,028,934.12",026/LSP/QI/06.1-VI/2023,,,1013,PT Qualis Indonesia
HISENSE,"AN09CDG, AN09CEG, AN09CFG","AN09CDG, AN09CEG, AN09CFG",Non-Inverter,865.70,9484.40,3.41,2,2527.84,"3,651,976.23",24/06.06.06/1A/23/LSPro/VIII/2023,,,1014,Balai Standardisasi dan Pelayanan Jasa Industri (BSPJI) Surabaya
HISENSE,"AN05CDG, AN05CEG, AN05CFG","AN05CDG, AN05CEG, AN05CFG",Non-Inverter,413.90,4896.50,3.68,2,1208.59,"1,746,047.08",24/06.06.06/1A/23/LSPro/VIII/2023,,,1015,Balai Standardisasi dan Pelayanan Jasa Industri (BSPJI) Surabaya
HISENSE,"AN12CDG, AN12CEG, AN12CFG","AN12CDG, AN12CEG, AN12CFG",Non-Inverter,1030.10,12693.40,3.83,3,3007.89,"4,345,501.57",24/06.06.06/1A/23/LSPro/VIII/2023,,,1016,Balai Standardisasi dan Pelayanan Jasa Industri (BSPJI) Surabaya
HISENSE,"AN18CDG, AN18CEG, AN18CFG","AN18CDG, AN18CEG, AN18CFG",Non-Inverter,1629.00,18435.40,3.52,2,4756.68,"6,871,975.60",24/06.06.06/1A/23/LSPro/VIII/2023,,,1017,Balai Standardisasi dan Pelayanan Jasa Industri (BSPJI) Surabaya
SAMSUNG,AR05BGHQBSINSE / AR05BGHQBSIXSE,AR05BGHQBSINSE / AR05BGHQBSIXSE,Non-Inverter,342.50,4800.00,4.18,3,1000.10,"1,444,844.47",824 220331,,,1018,PT TUV Rheinland Indonesia
SAMSUNG,AR09BGHQBSINSE / AR09BGHQBSIXSE,AR09BGHQBSINSE / AR09BGHQBSIXSE,Non-Inverter,765.60,9000.00,3.80,3,2235.55,"3,229,701.97",824 220331,,,1019,PT TUV Rheinland Indonesia
POLYTRON,EAW0128G / PAC 05VHI ; EAW0128G / PAC 05VH,EAW0128G / PAC 05VHI ; EAW0128G / PAC 05VH,Non-Inverter,402.60,5000.00,3.61,2,1175.59,"1,698,377.76",824 230244,,,1020,PT TUV Rheinland Indonesia
POLYTRON,EAW0638F / PAC 05VZ,EAW0638F / PAC 05VZ,Non-Inverter,453.00,6000.00,4.16,3,1322.76,"1,910,991.37",824 230244,,,1021,PT TUV Rheinland Indonesia
POLYTRON,EAW0240B / PAC 09VH,EAW0240B / PAC 09VH,Non-Inverter,812.30,9000.00,3.29,1,2371.92,"3,426,707.05",824 230244,,,1022,PT TUV Rheinland Indonesia
POLYTRON,EAW0352C / PAC 09VZ,EAW0352C / PAC 09VZ,Non-Inverter,802.00,9500.00,3.73,2,2341.84,"3,383,256.25",824 230244,,,1023,PT TUV Rheinland Indonesia
POLYTRON,EAW0470D / PAC 12VH EAW0470D / PAC 12VZ,EAW0470D / PAC 12VH EAW0470D / PAC 12VZ,Non-Inverter,970.80,12000.00,3.66,2,2834.74,"4,095,343.10",824 230244,,,1024,PT TUV Rheinland Indonesia
POLYTRON,EAW0593E / PAC 18VH EAW0593E / PAC 18VZ,EAW0593E / PAC 18VH EAW0593E / PAC 18VZ,Non-Inverter,1599.90,18000.00,3.49,2,4671.71,"6,749,216.55",824 230244,,,1025,PT TUV Rheinland Indonesia
AQUA,09ANQ,AQA-KR09ANQ/AQA-CR09ANQ ; AQA-KR09ANQ1/ AQA-CR09ANQ1,Non-Inverter,751.90,9000.00,3.17,1,2195.55,"3,171,908.20",824 230263,,,1026,PT TUV Rheinland Indonesia
MIDEA,MSAF-09CRN2X(I) / MSAF-09CRN2X(O); MSEAF-09CRN2X(I) / MSEAF-09CRN2X (O); MSXAF-09CRN2X(I) / MSXAF-09CRN2X (O); MSFC-09CRN2X(I) /  MSFC-09CRN2X (O),MSAF-09CRN2X(I) / MSAF-09CRN2X(O); MSEAF-09CRN2X(I) / MSEAF-09CRN2X (O); MSXAF-09CRN2X(I) / MSXAF-09CRN2X (O); MSFC-09CRN2X(I) /  MSFC-09CRN2X (O),Non-Inverter,791.10,9000.00,3.63,2,546.17,"789,051.80",039/LSP/QI/06.1-VIII/2023,,,1027,PT Qualis Indonesia
FLIFE,FAC-05FMOO/I / FAC-05FMOO/O,FAC-05FMOO/I / FAC-05FMOO/O,Non-Inverter,393.00,5000.00,3.62,2,271.33,"391,984.67",041/LSP/QI/06.1-IX/2023,,,1028,PT Qualis Indonesia
FLIFE,FAC-07FMOO/I / FAC-07FMOO/O,FAC-07FMOO/I / FAC-07FMOO/O,Non-Inverter,596.70,7000.00,3.69,2,411.96,"595,158.61",041/LSP/QI/06.1-IX/2023,,,1029,PT Qualis Indonesia
FLIFE,FAC-09FMOO/I / FAC-09FMOO/O,FAC-09FMOO/I / FAC-09FMOO/O,Non-Inverter,789.40,9000.00,3.56,2,545.00,"787,361.50",041/LSP/QI/06.1-IX/2023,,,1030,PT Qualis Indonesia
FLIFE,FAC-12FMOO/I / FAC-12FMOO/O,FAC-12FMOO/I / FAC-12FMOO/O,Non-Inverter,1079.00,12000.00,3.26,1,744.94,"1,076,211.93",041/LSP/QI/06.1-IX/2023,,,1031,PT Qualis Indonesia
FLIFE,FAC-18FMOO/I / FAC-18FMOO/O,FAC-18FMOO/I / FAC-18FMOO/O,Non-Inverter,1564.10,18000.00,3.76,2,1079.85,"1,560,057.85",041/LSP/QI/06.1-IX/2023,,,1032,PT Qualis Indonesia
FLIFE,FAC-24FMOO/I / FAC-24FMOO/O,FAC-24FMOO/I / FAC-24FMOO/O,Non-Inverter,2362.90,24000.00,3.14,1,1631.34,"2,356,794.01",041/LSP/QI/06.1-IX/2023,,,1033,PT Qualis Indonesia
MIDEA,MSAF-24CRN2X(I) / MSAF-24CRN2X(O),MSAF-24CRN2X(I) / MSAF-24CRN2X(O),Non-Inverter,2114.70,24000.00,3.73,2,1459.98,"2,109,234.55",042/LSP/QI/06.1-IX/2023,,,1034,PT Qualis Indonesia
LG,H05TN4 NINCAX5 / H05TN4 UINCAX5,H05TN4 NINCAX5 / H05TN4 UINCAX5,Non-Inverter,340.80,5000.00,3.91,3,995.14,"1,437,672.98",824 230283,,,1035,PT TUV Rheinland Indonesia
LG,H07TN4 NINCAX5 / H07TN4 UINCAX5,H07TN4 NINCAX5 / H07TN4 UINCAX5,Non-Inverter,630.70,7000.00,3.44,2,1841.64,"2,660,617.31",824 230291,,,1036,PT TUV Rheinland Indonesia
LG,H09TN4 NINCAX4 / H09TN4 UINCAX4,H09TN4 NINCAX4 / H09TN4 UINCAX4,Non-Inverter,773.50,8530.00,3.44,2,2258.62,"3,263,028.31",824 230291,,,1037,PT TUV Rheinland Indonesia
AQUA,AQA-KRF5AHQB / AQA-CRF5AHQB; AQA-KR5FQAL / AQA-CR5FQAL; AQA-KR5FQDL / AQA-CR5FQDL; AQA-KR5FQBL / AQA-CR5FQBL,AQA-KRF5AHQB / AQA-CRF5AHQB; AQA-KR5FQAL / AQA-CR5FQAL; AQA-KR5FQDL / AQA-CR5FQDL; AQA-KR5FQBL / AQA-CR5FQBL,Non-Inverter,408.50,4511.50,3.44,2,282.03,"407,448.74",051/LSP/QI/06.1-XI/2023,,,1038,PT Qualis Indonesia
AQUA,AQA-KRF9AHQB / AQA-CRF9AHQB; AQA-KR9FQAL / AQA-CR9FQAL; AQA-KR9FQDL / AQA-CR9FQDL; AQA-KR9FQBL / AQA-CR9FQBL,AQA-KRF9AHQB / AQA-CRF9AHQB; AQA-KR9FQAL / AQA-CR9FQAL; AQA-KR9FQDL / AQA-CR9FQDL; AQA-KR9FQBL / AQA-CR9FQBL,Non-Inverter,784.70,8214.70,3.26,1,541.75,0.00,051/LSP/QI/06.1-XI/2023,,,1039,PT Qualis Indonesia
AQUA,AQA-KRF9AHQB / AQA-CRF9AHQB; AQA-KR9FQAL / AQA-CR9FQAL; AQA-KR9FQDL / AQA-CR9FQDL; AQA-KR9FQBL / AQA-CR9FQBL,AQA-KRF9AHQB / AQA-CRF9AHQB; AQA-KR9FQAL / AQA-CR9FQAL; AQA-KR9FQDL / AQA-CR9FQDL; AQA-KR9FQBL / AQA-CR9FQBL,Non-Inverter,784.70,8214.70,3.26,1,541.75,0.00,051/LSP/QI/06.1-XI/2023,,,1040,PT Qualis Indonesia
AQUA,AQA-KRF9AHQB / AQA-CRF9AHQB; AQA-KR9FQAL / AQA-CR9FQAL; AQA-KR9FQDL / AQA-CR9FQDL; AQA-KR9FQBL / AQA-CR9FQBL,AQA-KRF9AHQB / AQA-CRF9AHQB; AQA-KR9FQAL / AQA-CR9FQAL; AQA-KR9FQDL / AQA-CR9FQDL; AQA-KR9FQBL / AQA-CR9FQBL,Non-Inverter,784.70,8214.70,3.26,1,541.75,0.00,051/LSP/QI/06.1-XI/2023,,,1041,PT Qualis Indonesia
AQUA,AQA-KRF9AHQB / AQA-CRF9AHQB; AQA-KR9FQAL / AQA-CR9FQAL; AQA-KR9FQDL / AQA-CR9FQDL; AQA-KR9FQBL / AQA-CR9FQBL,AQA-KRF9AHQB / AQA-CRF9AHQB; AQA-KR9FQAL / AQA-CR9FQAL; AQA-KR9FQDL / AQA-CR9FQDL; AQA-KR9FQBL / AQA-CR9FQBL,Non-Inverter,784.70,8214.70,3.26,1,541.75,"782,666.23",051/LSP/QI/06.1-XI/2023,,,1042,PT Qualis Indonesia
AQUA,AQA-KR12FQAL / AQA-CR12FQAL,AQA-KR12FQAL / AQA-CR12FQAL,Non-Inverter,1113.10,11483.00,3.21,1,768.48,"1,110,223.06",051/LSP/QI/06.1-XI/2023,,,1043,PT Qualis Indonesia
MIDEA,MSAF-05CRN2X(I) / MSAF-05CRN2X(O); MSFC-05CRN2X(I)/ MSFC-05CRN2X(O; MSXAF-05CRN2X(I)/ MSXAF-05CRN2X(O),MSAF-05CRN2X(I) / MSAF-05CRN2X(O); MSFC-05CRN2X(I)/ MSFC-05CRN2X(O; MSXAF-05CRN2X(I)/ MSXAF-05CRN2X(O),Non-Inverter,348.40,4800.00,4.05,3,240.53,"347,493.69",053/LSP/QI/06.1-XII/2023,,,1044,PT Qualis Indonesia
DENPOO,DDS 05CTL 32,DDS 05CTL 32,Non-Inverter,436.30,5000.00,3.65,2,1274.00,"1,840,547.80",824 230331,,,1045,PT TUV Rheinland Indonesia
POLYTRON,EAW0593E,"PAC 18VH, PAC 18VZ, PAC 18VZS, PAC 18VHG, PAC 18VM, PAC 18VHAI",Non-Inverter,1599.90,17937.10,3.49,2,4671.71,"6,749,219.44",14/06.06.06/1A/23/LSPro/VIII/2023,2023-08-31,2027-08-30,1046,Balai Standardisasi dan Pelayanan Jasa Industri (BSPJI) Surabaya
POLYTRON,EAW0470D,"PAC 12VH, PAC 12VZ, PAC 12VZS, PAC 12VHG, PAC 12VM, PAC 12VHAI",Non-Inverter,970.80,11417.60,3.66,2,2834.74,"4,095,348.88",14/06.06.06/1A/23/LSPro/VIII/2023,2023-08-31,2027-08-30,1047,Balai Standardisasi dan Pelayanan Jasa Industri (BSPJI) Surabaya
POLYTRON,EAW0240B,"PAC 09VH, PAC 09VZ, PAC 09VZS; PAC 09VZI; PAC 09VZSI",Non-Inverter,812.30,8585.40,3.29,1,2371.92,"3,426,712.82",14/06.06.06/1A/23/LSPro/VIII/2023,2023-08-31,2027-08-30,1048,Balai Standardisasi dan Pelayanan Jasa Industri (BSPJI) Surabaya
POLYTRON,EAW0352C,"PAC 09VZ, PAC 09VZS",Non-Inverter,802.00,9619.60,3.73,2,2341.84,"3,383,256.25",14/06.06.06/1A/23/LSPro/VIII/2023,,,1049,Balai Standardisasi dan Pelayanan Jasa Industri (BSPJI) Surabaya
POLYTRON,EAW0638F,"PAC 05VZ, PAC 05VZS",Non-Inverter,453.00,6058.50,4.16,3,1322.76,"1,910,991.37",14/06.06.06/1A/23/LSPro/VIII/2023,,,1050,Balai Standardisasi dan Pelayanan Jasa Industri (BSPJI) Surabaya
POLYTRON,EAW0640L,PAC 07VH,Non-Inverter,670.60,7051.90,3.27,1,1958.15,"2,828,939.31",13/06.06.06/1A/23/LSPro/VII/2023,,,1051,Balai Standardisasi dan Pelayanan Jasa Industri (BSPJI) Surabaya
POLYTRON,EAW0610M,PAC 24VH,Non-Inverter,2245.50,23461.80,3.25,1,6556.86,"9,472,695.64",13/06.06.06/1A/23/LSPro/VII/2023,,,1052,Balai Standardisasi dan Pelayanan Jasa Industri (BSPJI) Surabaya
BESTLIFE,BEST-05QAR3 / BEST-05QAR3; BEST-05PSC / BEST-05PSC; BEST- 05QAR / BEST- 05QAR,BEST-05QAR3 / BEST-05QAR3; BEST-05PSC / BEST-05PSC; BEST- 05QAR / BEST- 05QAR,Non-Inverter,454.90,5000.00,3.81,3,314.06,"453,723.93",004/LSP/QI/06.1-I/2024,2024-01-26,2028-01-25,1053,PT Qualis Indonesia
BESTLIFE,BEST-09QAR3 / BEST-09QAR3; BEST-09QBR3 / BEST-09QBR3; BEST-09QDR3 / BEST-09QDR3; BEST-09QFR3 / BEST-09QFR3; BEST-09QRR3 / BEST-09QRR3; BEST-09QSR3 / BEST-09QSR3; BEST-09QQR3 / BEST-09QQR3; BEST-09QZR3 / BEST-09QZR3; BEST-09FAR3 / BEST-09FAR3; BEST-09FCR3 / BEST-09FCR3; BEST-09FDR3 / BEST-09FDR3; BEST-09FRR3 / BEST-09FRR3; BEST-09FFR3 / BEST-09FFR3; BEST-09FOR3 / BEST-09FOR3; BEST-09FXR3 / BEST-09FXR3; BAC-09QAR3 / BAC-09QAR3; BAC-09QBR3 / BAC-09QBR3; BAC-09QDR3 / BAC-09QDR3; BAC-09QFR3 / BAC-09QFR3; BAC-09QRR3 / BAC-09QRR3; BAC-09QSR3 / BAC-09QSR3; BAC-09QQR3 / BAC-09QQR3; BAC-09QZR3 / BAC-09QZR3; BAC-09FAR3 / BAC-09FAR3; BAC-09FCR3 / BAC-09FCR3; BAC-09FDR3 / BAC-09FDR3; BAC-09FRR3 / BAC-09FRR3; BAC-09FFR3 / BAC-09FFR3; BAC-09FOR3 / BAC-09FOR3; BAC-09FXR3 / BAC-09FXR3; AUX-09QAR3 / AUX-09QAR3; AUX-09QBR3 / AUX-09QBR3; AUX-09QDR3 / AUX-09QDR3; AUX-09QFR3 / AUX-09QFR3; AUX-09QRR3 / AUX-09QRR3; AUX-09QSR3 / AUX-09QSR3; AUX-09QQR3 / AUX-09QQR3; AUX-09QZR3 / AUX-09QZR3; AUX-09FAR3 / AUX-09FAR3; AUX-09FCR3 / AUX-09FCR3; AUX-09FDR3 / AUX-09FDR3; AUX-09FRR3 / AUX-09FRR3; AUX-09FFR3 / AUX-09FFR3; AUX-09FOR3 / AUX-09FOR3; AUX-09FXR3 / AUX-09FXR3; BEST-09DSC / BEST-09DSC; BEST-09DSC03 / BEST-09DSC03; BEST-09DSC05 / BEST-09DSC05; BEST-09DSC07 / BEST-09DSC07; BEST-09DSC09 / BEST-09DSC09; BEST-09PSC / BEST-09PSC; BEST-09PSC03 / BEST-09PSC03; BEST-09PSC05 / BEST-09PSC05; BEST-09PSC07 / BEST-09PSC07; BEST-09PSC09 / BEST-09PSC09; BEST-09PMI / BEST-09PMI; BEST-09PMI03 / BEST-09PMI03; BEST-09PMI05 / BEST-09PMI05; BEST-09PMI07 / BEST-09PMI07; BEST-09PMI09 / BEST-09PMI09; BEST-09SUMO / BEST-09SUMO; BEST-09SUMO03 / BEST-09SUMO03; BEST-09SUMO05 / BEST-09SUMO05; BEST-09SUMO07 / BEST-09SUMO07; BEST-09SUMO09 / BEST-09SUMO09; BEST- 09QAR / BEST- 09QAR; BEST- 09QAR32 / BEST- 09QAR32,BEST-09QAR3 / BEST-09QAR3; BEST-09QBR3 / BEST-09QBR3; BEST-09QDR3 / BEST-09QDR3; BEST-09QFR3 / BEST-09QFR3; BEST-09QRR3 / BEST-09QRR3; BEST-09QSR3 / BEST-09QSR3; BEST-09QQR3 / BEST-09QQR3; BEST-09QZR3 / BEST-09QZR3; BEST-09FAR3 / BEST-09FAR3; BEST-09FCR3 / BEST-09FCR3; BEST-09FDR3 / BEST-09FDR3; BEST-09FRR3 / BEST-09FRR3; BEST-09FFR3 / BEST-09FFR3; BEST-09FOR3 / BEST-09FOR3; BEST-09FXR3 / BEST-09FXR3; BAC-09QAR3 / BAC-09QAR3; BAC-09QBR3 / BAC-09QBR3; BAC-09QDR3 / BAC-09QDR3; BAC-09QFR3 / BAC-09QFR3; BAC-09QRR3 / BAC-09QRR3; BAC-09QSR3 / BAC-09QSR3; BAC-09QQR3 / BAC-09QQR3; BAC-09QZR3 / BAC-09QZR3; BAC-09FAR3 / BAC-09FAR3; BAC-09FCR3 / BAC-09FCR3; BAC-09FDR3 / BAC-09FDR3; BAC-09FRR3 / BAC-09FRR3; BAC-09FFR3 / BAC-09FFR3; BAC-09FOR3 / BAC-09FOR3; BAC-09FXR3 / BAC-09FXR3; AUX-09QAR3 / AUX-09QAR3; AUX-09QBR3 / AUX-09QBR3; AUX-09QDR3 / AUX-09QDR3; AUX-09QFR3 / AUX-09QFR3; AUX-09QRR3 / AUX-09QRR3; AUX-09QSR3 / AUX-09QSR3; AUX-09QQR3 / AUX-09QQR3; AUX-09QZR3 / AUX-09QZR3; AUX-09FAR3 / AUX-09FAR3; AUX-09FCR3 / AUX-09FCR3; AUX-09FDR3 / AUX-09FDR3; AUX-09FRR3 / AUX-09FRR3; AUX-09FFR3 / AUX-09FFR3; AUX-09FOR3 / AUX-09FOR3; AUX-09FXR3 / AUX-09FXR3; BEST-09DSC / BEST-09DSC; BEST-09DSC03 / BEST-09DSC03; BEST-09DSC05 / BEST-09DSC05; BEST-09DSC07 / BEST-09DSC07; BEST-09DSC09 / BEST-09DSC09; BEST-09PSC / BEST-09PSC; BEST-09PSC03 / BEST-09PSC03; BEST-09PSC05 / BEST-09PSC05; BEST-09PSC07 / BEST-09PSC07; BEST-09PSC09 / BEST-09PSC09; BEST-09PMI / BEST-09PMI; BEST-09PMI03 / BEST-09PMI03; BEST-09PMI05 / BEST-09PMI05; BEST-09PMI07 / BEST-09PMI07; BEST-09PMI09 / BEST-09PMI09; BEST-09SUMO / BEST-09SUMO; BEST-09SUMO03 / BEST-09SUMO03; BEST-09SUMO05 / BEST-09SUMO05; BEST-09SUMO07 / BEST-09SUMO07; BEST-09SUMO09 / BEST-09SUMO09; BEST- 09QAR / BEST- 09QAR; BEST- 09QAR32 / BEST- 09QAR32,Non-Inverter,796.60,9000.00,3.70,2,549.97,"794,541.66",004/LSP/QI/06.1-I/2024,2024-01-26,2028-01-25,1054,PT Qualis Indonesia
BESTLIFE,BEST-12QAR3 / BEST-12QAR3; BEST-12QBR3 / BEST-12QBR3; BEST-12QDR3 / BEST-12QDR3; BEST-12QFR3 / BEST-12QFR3; BEST-12QRR3 / BEST-12QRR3; BEST-12QSR3 / BEST-12QSR3; BEST-12QQR3 / BEST-12QQR3; BEST-12QZR3 / BEST-12QZR3; BEST-12FAR3 / BEST-12FAR3; BEST-12FCR3 / BEST-12FCR3; BEST-12FDR3 / BEST-12FDR3; BEST-12FRR3 / BEST-12FRR3; BEST-12FFR3 / BEST-12FFR3; BEST-12FOR3 / BEST-12FOR3; BEST-12FXR3 / BEST-12FXR3; BAC-12QAR3 / BAC-12QAR3; BAC-12QBR3 / BAC-12QBR3; BAC-12QDR3 / BAC-12QDR3; BAC-12QFR3 / BAC-12QFR3; BAC-12QRR3 / BAC-12QRR3; BAC-12QSR3 / BAC-12QSR3; BAC-12QQR3 / BAC-12QQR3; BAC-12QZR3 / BAC-12QZR3; BAC-12FAR3 / BAC-12FAR3; BAC-12FCR3 / BAC-12FCR3; BAC-12FDR3 / BAC-12FDR3; BAC-12FRR3 / BAC-12FRR3; BAC-12FFR3 / BAC-12FFR3; BAC-12FOR3 / BAC-12FOR3; BAC-12FXR3 / BAC-12FXR3; AUX-12QAR3 / AUX-12QAR3; AUX-12QBR3 / AUX-12QBR3; AUX-12QDR3 / AUX-12QDR3; AUX-12QFR3 / AUX-12QFR3; AUX-12QRR3 / AUX-12QRR3; AUX-12QSR3 / AUX-12QSR3; AUX-12QQR3 / AUX-12QQR3; AUX-12QZR3 / AUX-12QZR3; AUX-12FAR3 / AUX-12FAR3; AUX-12FCR3 / AUX-12FCR3; AUX-12FDR3 / AUX-12FDR3; AUX-12FRR3 / AUX-12FRR3; AUX-12FFR3 / AUX-12FFR3; AUX-12FOR3 / AUX-12FOR3; AUX-12FXR3 / AUX-12FXR3; BEST-12DSC / BEST-12DSC; BEST-12DSC03 / BEST-12DSC03; BEST-12DSC05 / BEST-12DSC05; BEST-12DSC07 / BEST-12DSC07; BEST-12DSC09 / BEST-12DSC09; BEST-12PSC / BEST-12PSC; BEST-12PSC03 / BEST-12PSC03; BEST-12PSC05 / BEST-12PSC05; BEST-12PSC07 / BEST-12PSC07; BEST-12PSC09 / BEST-12PSC09; BEST-12PMI / BEST-12PMI; BEST-12PMI03 / BEST-12PMI03; BEST-12PMI05 / BEST-12PMI05; BEST-12PMI07 / BEST-12PMI07; BEST-12PMI09 / BEST-12PMI09; BEST-12SUMO / BEST-12SUMO; BEST-12SUMO03 / BEST-12SUMO03; BEST-12SUMO05 / BEST-12SUMO05; BEST-12SUMO07 / BEST-12SUMO07; BEST-12SUMO09 / BEST-12SUMO09; BEST- 12QAR / BEST- 12QAR; BEST- 12QAR32 / BEST- 12QAR32,BEST-12QAR3 / BEST-12QAR3; BEST-12QBR3 / BEST-12QBR3; BEST-12QDR3 / BEST-12QDR3; BEST-12QFR3 / BEST-12QFR3; BEST-12QRR3 / BEST-12QRR3; BEST-12QSR3 / BEST-12QSR3; BEST-12QQR3 / BEST-12QQR3; BEST-12QZR3 / BEST-12QZR3; BEST-12FAR3 / BEST-12FAR3; BEST-12FCR3 / BEST-12FCR3; BEST-12FDR3 / BEST-12FDR3; BEST-12FRR3 / BEST-12FRR3; BEST-12FFR3 / BEST-12FFR3; BEST-12FOR3 / BEST-12FOR3; BEST-12FXR3 / BEST-12FXR3; BAC-12QAR3 / BAC-12QAR3; BAC-12QBR3 / BAC-12QBR3; BAC-12QDR3 / BAC-12QDR3; BAC-12QFR3 / BAC-12QFR3; BAC-12QRR3 / BAC-12QRR3; BAC-12QSR3 / BAC-12QSR3; BAC-12QQR3 / BAC-12QQR3; BAC-12QZR3 / BAC-12QZR3; BAC-12FAR3 / BAC-12FAR3; BAC-12FCR3 / BAC-12FCR3; BAC-12FDR3 / BAC-12FDR3; BAC-12FRR3 / BAC-12FRR3; BAC-12FFR3 / BAC-12FFR3; BAC-12FOR3 / BAC-12FOR3; BAC-12FXR3 / BAC-12FXR3; AUX-12QAR3 / AUX-12QAR3; AUX-12QBR3 / AUX-12QBR3; AUX-12QDR3 / AUX-12QDR3; AUX-12QFR3 / AUX-12QFR3; AUX-12QRR3 / AUX-12QRR3; AUX-12QSR3 / AUX-12QSR3; AUX-12QQR3 / AUX-12QQR3; AUX-12QZR3 / AUX-12QZR3; AUX-12FAR3 / AUX-12FAR3; AUX-12FCR3 / AUX-12FCR3; AUX-12FDR3 / AUX-12FDR3; AUX-12FRR3 / AUX-12FRR3; AUX-12FFR3 / AUX-12FFR3; AUX-12FOR3 / AUX-12FOR3; AUX-12FXR3 / AUX-12FXR3; BEST-12DSC / BEST-12DSC; BEST-12DSC03 / BEST-12DSC03; BEST-12DSC05 / BEST-12DSC05; BEST-12DSC07 / BEST-12DSC07; BEST-12DSC09 / BEST-12DSC09; BEST-12PSC / BEST-12PSC; BEST-12PSC03 / BEST-12PSC03; BEST-12PSC05 / BEST-12PSC05; BEST-12PSC07 / BEST-12PSC07; BEST-12PSC09 / BEST-12PSC09; BEST-12PMI / BEST-12PMI; BEST-12PMI03 / BEST-12PMI03; BEST-12PMI05 / BEST-12PMI05; BEST-12PMI07 / BEST-12PMI07; BEST-12PMI09 / BEST-12PMI09; BEST-12SUMO / BEST-12SUMO; BEST-12SUMO03 / BEST-12SUMO03; BEST-12SUMO05 / BEST-12SUMO05; BEST-12SUMO07 / BEST-12SUMO07; BEST-12SUMO09 / BEST-12SUMO09; BEST- 12QAR / BEST- 12QAR; BEST- 12QAR32 / BEST- 12QAR32,Non-Inverter,1091.00,12000.00,3.42,2,753.15,"1,088,080.14",004/LSP/QI/06.1-I/2024,2024-01-26,2028-01-25,1055,PT Qualis Indonesia
BESTLIFE,BEST-18QAR3 / BEST-18QAR3; BEST-18QBR3 / BEST-18QBR3; BEST-18QDR3 / BEST-18QDR3; BEST-18QFR3 / BEST-18QFR3; BEST-18QRR3 / BEST-18QRR3; BEST-18QSR3 / BEST-18QSR3; BEST-18QQR3 / BEST-18QQR3; BEST-18QZR3 / BEST-18QZR3; BEST-18FAR3 / BEST-18FAR3; BEST-18FCR3 / BEST-18FCR3; BEST-18FDR3 / BEST-18FDR3; BEST-18FRR3 / BEST-18FRR3; BEST-18FFR3 / BEST-18FFR3; BEST-18FOR3 / BEST-18FOR3; BEST-18FXR3 / BEST-18FXR3; BAC-18QAR3 / BAC-18QAR3; BAC-18QBR3 / BAC-18QBR3; BAC-18QDR3 / BAC-18QDR3; BAC-18QFR3 / BAC-18QFR3; BAC-18QRR3 / BAC-18QRR3; BAC-18QSR3 / BAC-18QSR3; BAC-18QQR3 / BAC-18QQR3; BAC-18QZR3 / BAC-18QZR3; BAC-18FAR3 / BAC-18FAR3; BAC-18FCR3 / BAC-18FCR3; BAC-18FDR3 / BAC-18FDR3; BAC-18FRR3 / BAC-18FRR3; BAC-18FFR3 / BAC-18FFR3; BAC-18FOR3 / BAC-18FOR3; BAC-18FXR3 / BAC-18FXR3; AUX-18QAR3 / AUX-18QAR3; AUX-18QBR3 / AUX-18QBR3; AUX-18QDR3 / AUX-18QDR3; AUX-18QFR3 / AUX-18QFR3; AUX-18QRR3 / AUX-18QRR3; AUX-18QSR3 / AUX-18QSR3; AUX-18QQR3 / AUX-18QQR3; AUX-18QZR3 / AUX-18QZR3; AUX-18FAR3 / AUX-18FAR3; AUX-18FCR3 / AUX-18FCR3; AUX-18FDR3 / AUX-18FDR3; AUX-18FRR3 / AUX-18FRR3; AUX-18FFR3 / AUX-18FFR3; AUX-18FOR3 / AUX-18FOR3; AUX-18FXR3 / AUX-18FXR3; BEST- 18DSC / BEST- 18DSC; BEST- 18DSC03 / BEST- 18DSC03; BEST- 18DSC05 / BEST- 18DSC05; BEST- 18DSC07 / BEST- 18DSC07; BEST- 18DSC09 / BEST- 18DSC09; BEST- 18PSC / BEST- 18PSC; BEST- 18PSC03 / BEST- 18PSC03; BEST- 18PSC05 / BEST- 18PSC05; BEST- 18PSC07 / BEST- 18PSC07; BEST- 18PSC09 / BEST- 18PSC09; BEST- 18PMI / BEST- 18PMI; BEST- 18PMI03 / BEST- 18PMI03; BEST- 18PMI05 / BEST- 18PMI05; BEST- 18PMI07 / BEST- 18PMI07; BEST- 18PMI09 / BEST- 18PMI09; BEST- 18SUMO / BEST- 18SUMO; BEST- 18SUMO03 / BEST- 18SUMO03; BEST- 18SUMO05 / BEST- 18SUMO05; BEST- 18SUMO07 / BEST- 18SUMO07; BEST- 18SUMO09 / BEST- 18SUMO09; BEST- 18QAR / BEST- 18QAR; BEST- 18QAR32 / BEST- 18QAR32,BEST-18QAR3 / BEST-18QAR3; BEST-18QBR3 / BEST-18QBR3; BEST-18QDR3 / BEST-18QDR3; BEST-18QFR3 / BEST-18QFR3; BEST-18QRR3 / BEST-18QRR3; BEST-18QSR3 / BEST-18QSR3; BEST-18QQR3 / BEST-18QQR3; BEST-18QZR3 / BEST-18QZR3; BEST-18FAR3 / BEST-18FAR3; BEST-18FCR3 / BEST-18FCR3; BEST-18FDR3 / BEST-18FDR3; BEST-18FRR3 / BEST-18FRR3; BEST-18FFR3 / BEST-18FFR3; BEST-18FOR3 / BEST-18FOR3; BEST-18FXR3 / BEST-18FXR3; BAC-18QAR3 / BAC-18QAR3; BAC-18QBR3 / BAC-18QBR3; BAC-18QDR3 / BAC-18QDR3; BAC-18QFR3 / BAC-18QFR3; BAC-18QRR3 / BAC-18QRR3; BAC-18QSR3 / BAC-18QSR3; BAC-18QQR3 / BAC-18QQR3; BAC-18QZR3 / BAC-18QZR3; BAC-18FAR3 / BAC-18FAR3; BAC-18FCR3 / BAC-18FCR3; BAC-18FDR3 / BAC-18FDR3; BAC-18FRR3 / BAC-18FRR3; BAC-18FFR3 / BAC-18FFR3; BAC-18FOR3 / BAC-18FOR3; BAC-18FXR3 / BAC-18FXR3; AUX-18QAR3 / AUX-18QAR3; AUX-18QBR3 / AUX-18QBR3; AUX-18QDR3 / AUX-18QDR3; AUX-18QFR3 / AUX-18QFR3; AUX-18QRR3 / AUX-18QRR3; AUX-18QSR3 / AUX-18QSR3; AUX-18QQR3 / AUX-18QQR3; AUX-18QZR3 / AUX-18QZR3; AUX-18FAR3 / AUX-18FAR3; AUX-18FCR3 / AUX-18FCR3; AUX-18FDR3 / AUX-18FDR3; AUX-18FRR3 / AUX-18FRR3; AUX-18FFR3 / AUX-18FFR3; AUX-18FOR3 / AUX-18FOR3; AUX-18FXR3 / AUX-18FXR3; BEST- 18DSC / BEST- 18DSC; BEST- 18DSC03 / BEST- 18DSC03; BEST- 18DSC05 / BEST- 18DSC05; BEST- 18DSC07 / BEST- 18DSC07; BEST- 18DSC09 / BEST- 18DSC09; BEST- 18PSC / BEST- 18PSC; BEST- 18PSC03 / BEST- 18PSC03; BEST- 18PSC05 / BEST- 18PSC05; BEST- 18PSC07 / BEST- 18PSC07; BEST- 18PSC09 / BEST- 18PSC09; BEST- 18PMI / BEST- 18PMI; BEST- 18PMI03 / BEST- 18PMI03; BEST- 18PMI05 / BEST- 18PMI05; BEST- 18PMI07 / BEST- 18PMI07; BEST- 18PMI09 / BEST- 18PMI09; BEST- 18SUMO / BEST- 18SUMO; BEST- 18SUMO03 / BEST- 18SUMO03; BEST- 18SUMO05 / BEST- 18SUMO05; BEST- 18SUMO07 / BEST- 18SUMO07; BEST- 18SUMO09 / BEST- 18SUMO09; BEST- 18QAR / BEST- 18QAR; BEST- 18QAR32 / BEST- 18QAR32,Non-Inverter,1621.70,18000.00,3.43,2,1119.62,"1,617,509.24",004/LSP/QI/06.1-I/2024,2024-01-26,2028-01-25,1056,PT Qualis Indonesia
SANKEN,ESC-05D / ESC-05L; EC-05ESCD / EC-05ESCL,ESC-05D / ESC-05L; EC-05ESCD / EC-05ESCL,Non-Inverter,357.90,5000.00,4.11,3,247.09,"356,975.26",006/LSP/QI/06.1-II/2024,,,1057,PT Qualis Indonesia
SANKEN,ESC-09D / ESC-09L; EC-09ESCD / EC-09ESCL,ESC-09D / ESC-09L; EC-09ESCD / EC-09ESCL,Non-Inverter,783.40,9000.00,3.50,2,540.86,"781,376.11",006/LSP/QI/06.1-II/2024,,,1058,PT Qualis Indonesia
SANKEN,ESC-12D / ESC-12L,ESC-12D / ESC-12L,Non-Inverter,1030.10,12000.00,3.41,2,711.18,"1,027,437.41",006/LSP/QI/06.1-II/2024,,,1059,PT Qualis Indonesia
SANKEN,ESC-18D / ESC-18L,ESC-18D / ESC-18L,Non-Inverter,1665.70,18000.00,3.45,2,1149.99,"1,661,394.89",006/LSP/QI/06.1-II/2024,,,1060,PT Qualis Indonesia
AQUA,AQA-KR9,AQA-KR9FQA / AQA-CR9FQA AQA-KR9FQD / AQA-CR9FQD,Non-Inverter,735.30,9000.00,3.23,1,2147.08,0.00,824 240037,,,1061,PT TUV Rheinland Indonesia
AQUA,AQA-KR5,AQA-KR5FQA / AQA-CR5FQA AQA-KR5FQD / AQA-CR5FQD,Non-Inverter,385.30,5000.00,3.78,2,1125.08,0.00,824 240037,,,1062,PT TUV Rheinland Indonesia
LG,H05TN4 NCAX4 / H05TN4 UCAX4,H05TN4 NCAX4 / H05TN4 UCAX4,Non-Inverter,391.10,5050.00,4.14,3,1142.01,0.00,824 240020,,,1063,PT TUV Rheinland Indonesia
LG,H09TN4 NCAX3 / H09TN4 UCAX3,H09TN4 NCAX3 / H09TN4 UCAX3,Non-Inverter,772.00,8600.00,3.67,2,2254.24,0.00,824 240020,,,1064,PT TUV Rheinland Indonesia
LG ,H05TN4 NCAX4 / H05TN4 UCAX4,H05TN4 NCAX4 / H05TN4 UCAX4,Non-Inverter,391.10,5050.00,4.14,3,1142.01,0.00,824 240021,,,1065,PT TUV Rheinland Indonesia
LG,H09TN4 NCAX3 / H09TN4 UCAX3,H09TN4 NCAX3 / H09TN4 UCAX3,Non-Inverter,772.00,8600.00,3.67,2,2254.24,0.00,824 240021,,,1066,PT TUV Rheinland Indonesia
SAMSUNG,AR07NRFLDWKXSE / AR07NRFLDWKNSE,AR07NRFLDWKXSE / AR07NRFLDWKNSE,Non-Inverter,631.50,6500.00,3.44,2,1843.98,0.00,824 230138,,,1067,PT TUV Rheinland Indonesia
SAMSUNG,AR18NRFLDWKXSE/ AR18NRFLDWKNSE,AR18NRFLDWKXSE/ AR18NRFLDWKNSE,Non-Inverter,1660.20,17000.00,3.29,1,4847.78,0.00,824 230071,,,1068,PT TUV Rheinland Indonesia
AQUA,AQA-KR5FQAGL / AQA-CR5FQAGL; AQA-KR5FQDGL / AQA-CR5FQDGL,AQA-KR5FQAGL / AQA-CR5FQAGL; AQA-KR5FQDGL / AQA-CR5FQDGL,Non-Inverter,395.60,5000.00,3.48,2,273.12,"394,577.91",014/LSP/QI/06.1-IV/2024,2024-04-02,2028-02-01,1069,PT Qualis Indonesia
PANASONIC,CS/CU-PN5AKJ,CS/CU-PN5AKJ,Non-Inverter,407.10,4684.00,3.58,2,1188.70,"1,717,314.89",PCS 00017.04.06.HE,2024-04-02,2028-04-01,1070,PT Sucofindo (Persero)
PANASONIC,"CS/CU-LN5AKJ,  CS/CU-YN5AKJ,  CS/CU-QN5AKJ.","CS/CU-LN5AKJ,  CS/CU-YN5AKJ,  CS/CU-QN5AKJ.",Non-Inverter,415.40,4779.00,3.58,2,1212.90,"1,752,276.63",PCS 00017.04.06.HE,2024-04-02,2028-04-01,1071,PT Sucofindo (Persero)
PANASONIC,CS/CU-PN7AKJ,CS/CU-PN7AKJ,Non-Inverter,583.20,6730.00,3.59,2,3.59,"5,186.47",PCS 00017.04.06.HE,2024-04-02,2028-04-01,1072,PT Sucofindo (Persero)
PANASONIC,"CS/CU-LN7AKJ,  CS/CU-YN7AKJ,  CS/CU-QN7AKJ.","CS/CU-LN7AKJ,  CS/CU-YN7AKJ,  CS/CU-QN7AKJ.",Non-Inverter,662.60,7300.00,3.43,2,1934.70,"2,795,061.09",PCS 00017.04.06.HE,2024-04-02,2028-04-01,1073,PT Sucofindo (Persero)
PANASONIC,CS/CU-PN9AKJ,CS/CU-PN9AKJ,Non-Inverter,747.80,8608.00,3.58,2,2183.50,"3,154,502.45",PCS 00017.04.06.HE,2024-04-02,2028-04-01,1074,PT Sucofindo (Persero)
PANASONIC,"CS/CU-LN9AKJ,  CS/CU-YN9AKJ,  CS/CU-UN9AKJ,  CS/CU-QN9AKJ.","CS/CU-LN9AKJ,  CS/CU-YN9AKJ,  CS/CU-UN9AKJ,  CS/CU-QN9AKJ.",Non-Inverter,800.30,8911.00,3.47,2,2336.80,"3,375,974.96",PCS 00017.04.06.HE,2024-04-02,2028-04-01,1075,PT Sucofindo (Persero)
PANASONIC,"CS/CU-PN12AKJ,  CS/CU-LN12AKJ,  CS/CU-YN12AKJ,  CS/CU-UN12AKJ,  CS/CU-QN12AKJ.","CS/CU-PN12AKJ,  CS/CU-LN12AKJ,  CS/CU-YN12AKJ,  CS/CU-UN12AKJ,  CS/CU-QN12AKJ.",Non-Inverter,1022.40,11442.00,3.48,2,2985.40,"4,313,007.38",PCS 00017.04.06.HE,2024-04-02,2028-04-01,1076,PT Sucofindo (Persero)
MIDEA,MSAF-05CRN2X(I) / MSAF-05CRN2X(O),MSAF-05CRN2X(I) / MSAF-05CRN2X(O),Non-Inverter,341.40,4800.00,3.99,3,235.70,"340,517.23",016/LSP/QI/06.1-IV/2024,2024-04-19,2028-04-18,1077,PT Qualis Indonesia
AKARI,A-05TCF89NLWi/k; A-05TC88NLWi/k,A-05TCF89NLWi/k; A-05TC88NLWi/k,Non-Inverter,372.30,5000.00,4.14,3,1087.12,"1,570,556.49",824 240094,2024-04-23,2028-04-22,1078,PT TUV Rheinland Indonesia
LG,H07TN4 NCAX4 / H07TN4 UCAX4,H07TN4 NCAX4 / H07TN4 UCAX4,Non-Inverter,731.80,7500.00,3.54,2,2136.86,"3,087,115.86",824 240115,2024-05-21,2028-05-20,1079,PT TUV Rheinland Indonesia
LG,H07TN4 NCAX4 / H07TN4 UCAX4,H07TN4 NCAX4 / H07TN4 UCAX4,Non-Inverter,731.80,7500.00,3.54,2,2136.86,"3,087,115.86",824 240116,2024-05-21,2028-05-20,1080,PT TUV Rheinland Indonesia
AKARI,A-05TC,Indoor: A-05TCF89LWi  ; A-05TC88LWi ; Outdoor: A-05TCF89LWk ; A-05TC88LWk,Non-Inverter,414.40,5200.00,3.82,3,1210.05,"1,748,156.35",824 230086,2023-04-03,2027-04-02,1081,PT TUV Rheinland Indonesia
STEKO,OXY 05EU / OXY 05EUOD,OXY 05EU / OXY 05EUOD,Non-Inverter,393.60,5000.00,3.67,2,271.74,"392,582.78",022/LSP/QI/06.1-VI/2024,2024-06-13,2028-06-12,1082,PT Qualis Indonesia
STEKO,OXY 10EU /  OXY 10EUOD,OXY 10EU /  OXY 10EUOD,Non-Inverter,771.00,9000.00,3.48,2,532.00,"768,580.40",022/LSP/QI/06.1-VI/2024,2024-06-13,2028-06-12,1083,PT Qualis Indonesia
SANKEN,ESC-05AD / ESC-05AL,ESC-05AD / ESC-05AL,Non-Inverter,346.20,5000.00,4.16,3,239.02,"345,304.97",024/LSP/QI/06.1-VII/2024,2024-07-01,2028-06-30,1084,PT Qualis Indonesia
SANKEN,ESC-09AD / ESC-09AL,ESC-09AD / ESC-09AL,Non-Inverter,765.40,9000.00,3.45,2,528.43,"763,421.38",024/LSP/QI/06.1-VII/2024,2024-07-01,2028-06-30,1085,PT Qualis Indonesia
AKARI,A-09TC88NLWi ; A-09TC88NLWk,A-09TC88NLWi ; A-09TC88NLWk,Non-Inverter,792.40,9300.00,3.16,1,2313.81,"3,342,758.42",824 240142,2024-07-02,2028-07-01,1086,PT TUV Rheinland Indonesia
MIDEA,MSAF-05CRN2X (I) / MSAF-05CRN2X (O); MSFC-05CRN2X (I) / MSFC-05CRN2X (O),MSAF-05CRN2X (I) / MSAF-05CRN2X (O); MSFC-05CRN2X (I) / MSFC-05CRN2X (O),Non-Inverter,340.90,4800.00,4.14,3,235.36,"340,018.81",025/LSP/QI/06.1-VII/2024,2024-07-03,2028-07-02,1087,PT Qualis Indonesia
GREE,GWC-24N1/I / GWC-24N1/O,GWC-24N1/I / GWC-24N1/O,Non-Inverter,2112.80,25400.00,3.53,2,1458.67,"2,107,340.55",031/LSP/QI/06.1-VII/2024,2024-07-19,2028-07-18,1088,PT Qualis Indonesia
MIDEA,MSFC-09CRN2X (I) / MSFC-09CRN2X (O),MSFC-09CRN2X (I) / MSFC-09CRN2X (O),Non-Inverter,780.60,9000.00,3.50,2,538.92,"778,582.06",034/LSP/QI/06.1-VIII/2024,2024-08-07,2028-08-06,1089,PT Qualis Indonesia
MIDEA,MSAF-09CRN2X (I) / MSAF-09CRN2X (O),MSAF-09CRN2X (I) / MSAF-09CRN2X (O),Non-Inverter,771.10,9000.00,3.57,2,532.37,"769,107.72",034/LSP/QI/06.1-VIII/2024,2024-08-07,2024-08-06,1090,PT Qualis Indonesia
DENPOO,DDS 09CTL 32,DDS 09CTL 32,Non-Inverter,779.90,9000.00,3.41,2,2277.31,"3,290,026.87",824 240065,2024-09-13,2028-03-19,1091,PT TUV Rheinland Indonesia
ARISTON,KIOS 5 R32 UD0-I / KIOS 5 R32 MD0-O,KIOS 5 R32 UD0-I / KIOS 5 R32 MD0-O,Non-Inverter,396.70,4618.60,3.62,2,1158.40,"1,673,540.48",PCS 01540.01.01.HE,2024-08-12,2028-08-11,1092,PT Sucofindo (Persero)
ARISTON,KIOS 12 R32 UD0-I / KIOS 12 R32 MD0-O,KIOS 12 R32 UD0-I / KIOS 12 R32 MD0-O,Non-Inverter,1037.60,11353.40,3.41,2,3029.80,"4,377,152.06",PCS 01540.01.01.HE,2024-08-12,2028-08-11,1093,PT Sucofindo (Persero)
ARISTON,KIOS 18 R32 UD0-I / KIOS 18 R32 MD0-O,KIOS 18 R32 UD0-I / KIOS 18 R32 MD0-O,Non-Inverter,1482.90,16396.40,3.44,2,4330.10,"6,255,695.47",PCS 01540.01.01.HE,2024-08-12,2028-08-11,1094,PT Sucofindo (Persero)
HONSHU,HSWS05DS,HSWS05DS,Non-Inverter,433.00,5000.00,3.52,2,1264.36,"1,826,620.89",824 240159,2024-08-19,2028-08-18,1095,PT TUV Rheinland Indonesia
HONSHU,HSWS09DS,HSWS09DS,Non-Inverter,800.60,9000.00,3.18,1,2337.75,"3,377,350.31",824 240159,2024-08-19,2028-08-18,1096,PT TUV Rheinland Indonesia
HONSHU,HSWS12DS,HSWS12DS,Non-Inverter,12000.00,12000.00,3.10,1,3068.92,"4,433,668.72",824 240159,2024-08-19,2028-08-18,1097,PT TUV Rheinland Indonesia
HONSHU,HSWS18DS,HSWS18DS,Non-Inverter,1553.00,18000.00,3.18,1,4534.76,"6,551,367.77",824 240159,2024-08-19,2028-08-18,1098,PT TUV Rheinland Indonesia
PANASONIC,CS-DN5BKP / CU-DN5BKP,CS-DN5BKP / CU-DN5BKP,Non-Inverter,358.10,5000.00,4.06,3,1045.65,"1,510,653.44",824 240198,2024-08-26,2024-08-25,1099,PT TUV Rheinland Indonesia
BESTLIFE,BEST-05QF / BEST-05QFR3; BEST-05QE / BEST-05QER3; BEST-05QG / BEST-05QGR3; BEST-05SUM / BEST-05SUMO; BEST-05LIF / BEST-05LIFE,BEST-05QF / BEST-05QFR3; BEST-05QE / BEST-05QER3; BEST-05QG / BEST-05QGR3; BEST-05SUM / BEST-05SUMO; BEST-05LIF / BEST-05LIFE,Non-Inverter,403.40,5000.00,3.81,3,278.51,"402,357.62",038/LSP/QI/06.1-VIII/2024,2024-08-30,2024-08-29,1100,PT Qualis Indonesia
BESTLIFE,BEST-09QF / BEST-09QFR3; BEST-09QE / BEST-09QER3; BEST-09QG / BEST-09QGR3; BEST-09SUM / BEST-09SUMO; BEST-09LIF / BEST-09LIFE,BEST-09QF / BEST-09QFR3; BEST-09QE / BEST-09QER3; BEST-09QG / BEST-09QGR3; BEST-09SUM / BEST-09SUMO; BEST-09LIF / BEST-09LIFE,Non-Inverter,771.70,9000.00,3.47,2,532.78,"769,705.82",038/LSP/QI/06.1-VIII/2024,2024-08-30,2024-08-29,1101,PT Qualis Indonesia
BESTLIFE,BEST-12QF / BEST-12QFR3; BEST-12QE / BEST-12QER3; BEST-12QG / BEST-12QGR3; BEST-12SUM / BEST-12SUMO; BEST-12LIF / BEST-12LIFE,BEST-12QF / BEST-12QFR3; BEST-12QE / BEST-12QER3; BEST-12QG / BEST-12QGR3; BEST-12SUM / BEST-12SUMO; BEST-12LIF / BEST-12LIFE,Non-Inverter,1070.00,12000.00,3.47,2,738.72,"1,067,234.56",038/LSP/QI/06.1-VIII/2024,2024-08-30,2024-08-29,1102,PT Qualis Indonesia
BESTLIFE,BEST-18QF / BEST-18QBEST-18QF / BEST-18QFR3; BEST-18QE / BEST-18QER3; BEST-18QG / BEST-18QGR3; BEST-18SUM / BEST-18SUMO; BEST-18LIF / BEST-18LIFEFR3,BEST-18QF / BEST-18QFR3; BEST-18QE / BEST-18QER3; BEST-18QG / BEST-18QGR3; BEST-18SUM / BEST-18SUMO; BEST-18LIF / BEST-18LIFE,Non-Inverter,1802.60,19000.00,3.14,1,1244.51,"1,797,942.15",038/LSP/QI/06.1-VIII/2024,2024-08-30,2024-08-29,1103,PT Qualis Indonesia
GREE,GWC-05N1A/I / GWC-05N1A/O,GWC-05N1A/I / GWC-05N1A/O,Non-Inverter,442.70,5000.00,4.19,3,305.64,"441,555.22",039/LSP/QI/06.1-IX/2024,2024-09-02,2028-09-01,1104,PT Qualis Indonesia
GREE,GWC-07N1A/I / GWC-07N1A/O,GWC-07N1A/I / GWC-07N1A/O,Non-Inverter,626.60,7100.00,3.72,2,432.60,"624,980.11",039/LSP/QI/06.1-IX/2024,2024-09-02,2028-09-01,1105,PT Qualis Indonesia
GREE,GWC-09N1A/I / GWC-09N1A/O,GWC-09N1A/I / GWC-09N1A/O,Non-Inverter,782.60,9300.00,3.63,2,540.30,"780,577.19",039/LSP/QI/06.1-IX/2024,2024-09-02,2028-09-01,1106,PT Qualis Indonesia
GREE,GWC-12N1A/I / GWC-12N1A/O,GWC-12N1A/I / GWC-12N1A/O,Non-Inverter,1014.50,12000.00,3.54,2,700.41,"1,011,877.99",039/LSP/QI/06.1-IX/2024,2024-09-02,2028-09-01,1107,PT Qualis Indonesia
GREE,GWC-18N1A/I / GWC-18N1A/O,GWC-18N1A/I / GWC-18N1A/O,Non-Inverter,1530.10,18000.00,3.50,2,1056.38,"1,526,146.41",039/LSP/QI/06.1-IX/2024,2024-09-02,2028-09-01,1108,PT Qualis Indonesia
ARISTON,KIOS 9 R32 UD0-I / KIOS 9 R32 MD0-O,KIOS 9 R32 UD0-I / KIOS 9 R32 MD0-O,Non-Inverter,824.60,8646.20,3.26,1,2407.80,"3,478,548.66",PCS 01540.01.02.HE,2024-09-05,2028-09-04,1109,PT Sucofindo (Persero)
FLIFE,FAC-07FCOO/I / FAC-07FCOO/O,FAC-07FCOO/I / FAC-07FCOO/O,Non-Inverter,6459.10,7000.00,3.61,2,384.76,"555,859.88",044/LSP/QI/06.1-IX/2024,2024-09-13,2028-09-12,1110,PT Qualis Indonesia
FLIFE,FAC-18FCOO/I / FAC-18FCOO/O,FAC-18FCOO/I / FAC-18FCOO/O,Non-Inverter,17434.70,18000.00,3.53,2,1061.07,"1,532,927.83",044/LSP/QI/06.1-IX/2024,2024-09-13,2028-09-12,1111,PT Qualis Indonesia
SAMSUNG,AR05BGHQASIN / AR05BGHQASIX,AR05BGHQASIN / AR05BGHQASIX,Non-Inverter,353.00,4800.00,3.95,3,1030.76,"1,489,138.97",824 240215,2024-09-19,2028-09-18,1112,PT TUV Rheinland Indonesia
SAMSUNG,AR09BGHQASIN / AR09BGHQASIX,AR09BGHQASIN / AR09BGHQASIX,Non-Inverter,773.50,9000.00,3.64,2,2258.62,"3,263,028.31",824 240215,2024-09-19,2028-09-18,1113,PT TUV Rheinland Indonesia
SAMSUNG,AR12BGHQASIN / AR12BGHQASIX ,AR12BGHQASIN / AR12BGHQASIX ,Non-Inverter,1016.40,11500.00,3.48,2,2967.89,"4,287,707.79",824 240215,2024-09-19,2028-09-18,1114,PT TUV Rheinland Indonesia
TCL,Indoor Unit : TAC-05CSD/XSS (I) Outdoor Unit : TAC-05CSD/XSS (O) ; Indoor Unit : TAC-05CSD/XBS (I) Outdoor Unit : TAC-05CSD/XBS (O),Indoor Unit : TAC-05CSD/XSS (I) Outdoor Unit : TAC-05CSD/XSS (O) ; Indoor Unit : TAC-05CSD/XBS (I) Outdoor Unit : TAC-05CSD/XBS (O),Non-Inverter,384.00,5000.00,3.86,3,1121.28,"1,619,913.22",824 240230,2024-10-01,2028-09-30,1115,PT TUV Rheinland Indonesia
TCL,Indoor Unit : TAC-05CSD/XSS (I) Outdoor Unit : TAC-05CSD/XSS (O) ; Indoor Unit : TAC-05CSD/XBS (I) Outdoor Unit : TAC-05CSD/XBS (O),Indoor Unit : TAC-05CSD/XSS (I) Outdoor Unit : TAC-05CSD/XSS (O) ; Indoor Unit : TAC-05CSD/XBS (I) Outdoor Unit : TAC-05CSD/XBS (O),Non-Inverter,384.00,5000.00,3.86,3,1121.28,"1,619,913.22",824 240230,2024-10-01,2028-09-30,1116,PT TUV Rheinland Indonesia
MIDEA,MSAFE-05CRN2X (I) / MSAFE-05CRN2X (O),MSAFE-05CRN2X (I) / MSAFE-05CRN2X (O),Non-Inverter,424.10,5000.00,3.98,3,292.80,"423,003.83",052/LSP/QI/06.1-X/2024,2024-10-02,2028-10-01,1117,PT Qualis Indonesia
MIDEA,MSFCE-05CRN2X (I) / MSFCE-05CRN2X (O),MSFCE-05CRN2X (I) / MSFCE-05CRN2X (O),Non-Inverter,431.20,5000.00,3.50,2,297.70,"430,085.75",052/LSP/QI/06.1-X/2024,2024-10-02,2028-10-01,1118,PT Qualis Indonesia
LG,H12TN4 NCAX2 / H12TN4 UCAX2,H12TN4 NCAX2 / H12TN4 UCAX2,Non-Inverter,1009.30,12500.00,3.66,2,2947.16,"4,257,756.27",824 240225,2024-10-09,2028-10-08,1119,PT TUV Rheinland Indonesia
LG,H18TN4 NCAX2 / H18TN4 UCAX2,H18TN4 NCAX2 / H18TN4 UCAX2,Non-Inverter,1465.00,18200.00,3.79,2,4277.80,"6,180,137.66",824 240225,2024-10-09,2028-10-08,1120,PT TUV Rheinland Indonesia
LG,H12TN4 NCAX2 / H12TN4 UCAX2,H12TN4 NCAX2 / H12TN4 UCAX2,Non-Inverter,1009.30,12500.00,3.66,2,2947.16,"4,257,756.27",824 24022,2024-10-09,2028-10-08,1121,PT TUV Rheinland Indonesia
LG,H18TN4 NCAX2 / H18TN4 UCAX2,H18TN4 NCAX2 / H18TN4 UCAX2,Non-Inverter,1465.00,18200.00,3.79,2,4277.80,"6,180,137.66",824 240226,2024-10-09,2028-10-08,1122,PT TUV Rheinland Indonesia
FLIFE,FAC-05FMOO2/I / FAC-05FMOO2/O,FAC-05FMOO2/I / FAC-05FMOO2/O,Non-Inverter,394.80,5100.00,3.96,3,272.57,"393,780.43",054/LSP/QI/06.1-X/2024,0024-10-03,2028-10-02,1123,PT Qualis Indonesia
FLIFE,FAC-07FMOO2/I / FAC-07FMOO2/O,FAC-07FMOO2/I / FAC-07FMOO2/O,Non-Inverter,631.70,7100.00,3.49,2,436.12,"630,066.90",054/LSP/QI/06.1-X/2024,2024-10-03,2028-10-02,1124,PT Qualis Indonesia
FLIFE,FAC-09FMOO2/I / FAC-09FMOO2/O,FAC-09FMOO2/I / FAC-09FMOO2/O,Non-Inverter,749.60,9000.00,3.71,2,517.52,"747,662.59",054/LSP/QI/06.1-X/2024,2024-10-03,2028-10-02,1125,PT Qualis Indonesia
FLIFE,FAC-12FMOO2/I / FAC-12FMOO2/O,FAC-12FMOO2/I / FAC-12FMOO2/O,Non-Inverter,1033.50,12500.00,3.72,2,713.53,"1,030,829.57",054/LSP/QI/06.1-X/2024,2024-10-03,2028-10-02,1126,PT Qualis Indonesia
FLIFE,FAC-18FMOO2/I / FAC-18FMOO2/O,FAC-18FMOO2/I / FAC-18FMOO2/O,Non-Inverter,1620.40,18500.00,3.55,2,1118.72,"1,616,211.89",054/LSP/QI/06.1-X/2024,2024-10-03,2028-10-02,1127,PT Qualis Indonesia
CARRIER,42GCNS005-703ID / 38GCNS005-703ID,42GCNS005-703ID / 38GCNS005-703ID,Non-Inverter,418.60,5000.00,3.73,2,289.00,"417,518.30",056/LSP/QI/06.1-X/2024,2024-10-12,2028-10-11,1128,PT Qualis Indonesia
CARRIER,42GCNS010-703ID / 38GCNS010-703ID,42GCNS010-703ID / 38GCNS010-703ID,Non-Inverter,821.60,9500.00,3.63,2,567.23,"819,477.18",056/LSP/QI/06.1-X/2024,2024-10-12,2028-10-11,1129,PT Qualis Indonesia
CARRIER,42GCNS013-703ID / 38GCNS013-703ID,42GCNS013-703ID / 38GCNS013-703ID,Non-Inverter,1139.00,12000.00,3.38,1,786.36,"1,136,057.18",056/LSP/QI/06.1-X/2024,2024-10-12,2028-10-11,1130,PT Qualis Indonesia
CARRIER,42GCNS018-703ID / 38GCNS018-703ID,42GCNS018-703ID / 38GCNS018-703ID,Non-Inverter,1689.70,18000.00,3.30,1,1166.56,"1,685,333.57",056/LSP/QI/06.1-X/2024,2024-10-12,2028-10-11,1131,PT Qualis Indonesia
CARRIER,42GCNS024-703ID / 38GCNS024-703ID,42GCNS024-703ID / 38GCNS024-703ID,Non-Inverter,2239.30,24000.00,3.30,1,1546.01,"2,233,513.42",056/LSP/QI/06.1-X/2024,2024-10-12,2028-10-11,1132,PT Qualis Indonesia
TOSHIBA,RAS-05B2KG-ID / RAS-05B2AG-ID,RAS-05B2KG-ID / RAS-05B2AG-ID,Non-Inverter,418.60,5000.00,3.73,2,289.00,"417,518.30",057/LSP/QI/06.1-X/2024,2024-10-12,2028-10-11,1133,PT Qualis Indonesia
TOSHIBA,RAS-10B2KG-ID / RAS-10B2AG-ID,RAS-10B2KG-ID / RAS-10B2AG-ID,Non-Inverter,821.60,9500.00,3.63,2,567.23,"819,477.18",057/LSP/QI/06.1-X/2024,2024-10-12,2028-10-11,1134,PT Qualis Indonesia
TOSHIBA,RAS-13B2KG-ID / RAS-13B2AG-ID,RAS-13B2KG-ID / RAS-13B2AG-ID,Non-Inverter,1139.00,12000.00,3.38,1,786.36,"1,136,057.18",057/LSP/QI/06.1-X/2024,2024-10-12,2028-10-11,1135,PT Qualis Indonesia
TOSHIBA,RAS-18B2KG-ID / RAS-18B2AG-ID,RAS-18B2KG-ID / RAS-18B2AG-ID,Non-Inverter,1689.70,18000.00,3.30,1,1166.56,"1,685,333.57",057/LSP/QI/06.1-X/2024,2024-10-12,2028-10-11,1136,PT Qualis Indonesia
TOSHIBA,RAS-24B2KG-ID / RAS-24B2AG-ID,RAS-24B2KG-ID / RAS-24B2AG-ID,Non-Inverter,2239.30,24000.00,3.30,1,1546.01,"2,233,513.42",057/LSP/QI/06.1-X/2024,2024-10-12,2028-10-11,1137,PT Qualis Indonesia
Daikin,FTC15YV14/ RC15YV14,FTC15YV14/ RC15YV14,Non-Inverter,412.70,5000.00,3.90,3,1205.08,"1,740,984.85",824 240266,2024-10-31,2028-10-30,1138,PT TUV Rheinland Indonesia
Daikin,FTC25YV14/ RC25YV14,FTC25YV14/ RC25YV14,Non-Inverter,732.40,9000.00,3.68,2,2138.61,"3,089,646.98",824 240266,2024-10-31,2028-10-30,1139,PT TUV Rheinland Indonesia
Daikin,FTC35YV14/ RC35YV14,FTC35YV14/ RC35YV14,Non-Inverter,1067.20,12000.00,3.66,2,3116.22,"4,502,008.81",824 240266,2024-10-31,2028-10-30,1140,PT TUV Rheinland Indonesia
Daikin,FTC50YV14/ RC50YV14,FTC50YV14/ RC50YV14,Non-Inverter,1563.40,17100.00,3.48,2,4565.13,"6,595,240.42",824 240266,2024-10-31,2028-10-30,1141,PT TUV Rheinland Indonesia
PANASONIC,"CS/CU-PN18AKJ, CS/CU-LN18AKJ, CS/CU-YN18AKJ, CS/CU-UN18AKJ, CS/CU-QN18AKJ.","CS/CU-PN18AKJ, CS/CU-LN18AKJ, CS/CU-YN18AKJ, CS/CU-UN18AKJ, CS/CU-QN18AKJ.",Non-Inverter,1613.30,17.82,3.44,2,4710.80,"6,805,692.76",PCS 00017.04.07.HE,2024-05-27,2028-05-26,1142,PT Sucofindo (Persero)
PANASONIC,"CS/CU-PN24AKJ, CS/CU-LN24AKJ, CS/CU-YN24AKJ, CS/CU-UN24AKJ, CS/CU-QN24AKJ.","CS/CU-PN24AKJ, CS/CU-LN24AKJ, CS/CU-YN24AKJ, CS/CU-UN24AKJ, CS/CU-QN24AKJ.",Non-Inverter,2034.60,22541.00,3.45,2,5941.00,"8,582,962.70",PCS 00017.04.07.HE,2024-05-27,2028-05-26,1143,PT Sucofindo (Persero)
MIDEA,MSAF-12CRN2X (I) / MSAF-12CRN2X (O); MSFC-12CRN2X (I) /  MSFC-12CRN2X (O),MSAF-12CRN2X (I) / MSAF-12CRN2X (O); MSFC-12CRN2X (I) /  MSFC-12CRN2X (O),Non-Inverter,1072.60,12000.00,3.41,2,740.52,"1,069,827.80",070/LSP/QI/06.1-XI/2024,2024-11-19,2028-11-18,1144,PT Qualis Indonesia
TCL,TAC-09CSDXSS2-ID / TAC-09CSDXSS2-OD ; TAC‐09CSD/XB2‐ID / TAC‐09CSD/XB2‐OD,TAC-09CSDXSS2-ID / TAC-09CSDXSS2-OD ; TAC‐09CSD/XB2‐ID / TAC‐09CSD/XB2‐OD,Non-Inverter,759.70,9000.00,3.61,2,2218.32,"3,204,812.68",824 240278,2024-12-02,2028-12-01,1145,PT TUV Rheinland Indonesia
TCL,TAC-18CSD/XSS2-ID / TAC-18CSD/XSS2- OD,TAC-18CSD/XSS2-ID / TAC-18CSD/XSS2- OD,Non-Inverter,1463.80,18000.00,3.60,2,4274.30,"6,175,075.43",824 240278,2024-12-02,2028-12-01,1146,PT TUV Rheinland Indonesia
TECO,LS05GV / LT05GV,LS05GV / LT05GV,Non-Inverter,392.20,5000.00,3.70,2,270.77,"391,185.75",074/LSP/QI/06.1-XII/2024,2024-12-05,2028-12-04,1147,PT Qualis Indonesia
TECO,LS09GV / LT09GV,LS09GV / LT09GV,Non-Inverter,771.90,9000.00,3.48,2,532.92,"769,905.19",074/LSP/QI/06.1-XII/2024,2024-12-05,2028-12-04,1148,PT Qualis Indonesia
TECO,LS12GV / LT12GV,LS12GV / LT12GV,Non-Inverter,1071.00,12000.00,3.47,2,740.00,"1,069,078.00",074/LSP/QI/06.1-XII/2024,2024-12-05,2028-12-04,1149,PT Qualis Indonesia
TECO,LS18GV / LT18GV,LS18GV / LT18GV,Non-Inverter,1776.70,19000.00,3.51,2,1228.00,"1,774,091.60",074/LSP/QI/06.1-XII/2024,2024-12-05,2028-12-04,1150,PT Qualis Indonesia
HISENSE,AN05CDG,AN05CDG,Non-Inverter,417.10,4952.21,3.70,2,1217.93,"1,759,546.36",7489.796/23.120/IV/2023,2023-04-11,2027-04-10,1151,Balai Besar Standardisasi dan Pelayanan Jasa Industri Bahan dan Barang Teknik (BBSPJIBBT)
HISENSE,AN09CDG,AN09CDG,Non-Inverter,845.90,9331.22,3.43,2,2470.03,"3,568,449.45",7489.796/23.120/IV/2023,2023-04-11,2027-04-10,1152,Balai Besar Standardisasi dan Pelayanan Jasa Industri Bahan dan Barang Teknik (BBSPJIBBT)
HISENSE,AN12CDG,AN12CDG,Non-Inverter,974.30,11938.74,3.81,3,2844.96,"4,110,107.93",7489.796/23.120/IV/2023,2023-04-11,2023-04-10,1153,Balai Besar Standardisasi dan Pelayanan Jasa Industri Bahan dan Barang Teknik (BBSPJIBBT)
HISENSE,AN18CDG,AN18CDG,Non-Inverter,1648.10,18118.61,3.42,2,4812.45,"6,952,549.40",7489.796/23.120/IV/2023,2023-04-11,2027-04-10,1154,Balai Besar Standardisasi dan Pelayanan Jasa Industri Bahan dan Barang Teknik (BBSPJIBBT)
AQUA,AQA-KCR,AQA-KR5FQA3 / AQA-CR5FQA3 ; AQA-KR5FQB3 / AQA-CR5FQB3 ; AQA-KR5FQD3 / AQA-CR5FQD3 ,Non-Inverter,369.70,5000.00,3.80,3,1079.52,"1,559,588.32",824 240305,2025-01-07,2029-01-06,1155,PT TUV Rheinland Indonesia
DENPOO,DDS 18CTL 32 (Indoor) ; DDS 18CTL 32 (Outdoor),DDS 18CTL 32 (Indoor) ; DDS 18CTL 32 (Outdoor),Non-Inverter,1478.20,18000.00,3.82,3,4316.34,"6,235,822.18",824 250011,2025-01-14,2029-01-13,1156,PT TUV Rheinland Indonesia
ARISTON,KIOS 9 R32 UD1-I / KIOS 9 R32 MD1-O,KIOS 9 R32 UD1-I / KIOS 9 R32 MD1-O,Non-Inverter,780.90,8564.30,3.41,2,2280.20,"3,294,204.94",PCS 01540.01.03.HE,2025-01-31,2029-01-30,1157,PT Sucofindo (Persero)
SHARP,AH-A9CAY (Indoor) ; AU-A9CAY (Outdoor),AH-A9CAY (Indoor) ; AU-A9CAY (Outdoor),Non-Inverter,769.90,9000.00,3.55,2,2248.11,"3,247,841.63",824 250041,2025-02-19,2029-02-18,1158,PT TUV Rheinland Indonesia
GREE,GWC-07N1/I / GWC-07N1/O,GWC-07N1/I / GWC-07N1/O,Non-Inverter,627.50,7100.00,3.66,2,433.22,"625,878.71",012/LSP/QI/06.1-II/2025,2025-02-21,2029-02-20,1159,PT Qualis Indonesia
GREE,GWC-09N1/I / GWC-09N1/O,GWC-09N1/I / GWC-09N1/O,Non-Inverter,805.20,9300.00,3.57,2,555.91,"803,118.84",012/LSP/QI/06.1-II/2025,2025-02-21,2029-02-20,1160,PT Qualis Indonesia
TCL,TAC- 09CSD/XSS(I) / TAC- 09CSD/XSS(O),TAC- 09CSD/XSS(I) / TAC- 09CSD/XSS(O),Non-Inverter,771.10,9000.00,3.74,2,2251.61,"3,252,903.86",824 240334,2025-01-03,2029-01-02,1161,PT TUV Rheinland Indonesia
TCL,TAC- 12CSD/XSS(I) / TAC- 12CSD/XSS(O),TAC- 12CSD/XSS(I) / TAC- 12CSD/XSS(O),Non-Inverter,1086.70,12250.00,3.52,2,3173.16,"4,584,270.03",824 240334,2025-01-03,2029-01-02,1162,PT TUV Rheinland Indonesia
TCL,TAC- 18CSD/XSS(I) / TAC- 18CSD/XSS(O),TAC- 18CSD/XSS(I) / TAC- 18CSD/XSS(O),Non-Inverter,1510.60,18000.00,3.52,2,4410.95,"6,372,502.35",824 240334,2025-01-03,2029-01-02,1163,PT TUV Rheinland Indonesia
TCL,TAC-SD/XS2,"Indoor Unit: TAC-05CSD/XS2-ID, TAC-05CSD/XS-ID, TAC-05CSD/XB-ID Outdoor Unit:TAC-05CSD/XS2-OD, TAC-05CSD/XS-OD, TAC-05CSD/XB-OD",Non-Inverter,382.50,5000.00,3.91,3,1116.90,"1,613,585.43",824 240064,2024-03-14,2028-03-13,1164,PT TUV Rheinland Indonesia
FUJIAIRE,FJW05C-MF3-IU / FJL05C-MF3-OU,FJW05C-MF3-IU / FJL05C-MF3-OU,Non-Inverter,481.90,5000.00,3.76,2,332.70,"480,654.58",014/LSP/QI/06.1-III/2025,2025-03-04,2029-03-03,1165,PT Qualis Indonesia
FUJIAIRE,FJW09C-MF3-IU / FJL09C-MF3-OU,FJW09C-MF3-IU / FJL09C-MF3-OU,Non-Inverter,823.70,9000.00,3.56,2,568.68,"821,572.00",014/LSP/QI/06.1-III/2025,2025-03-04,2029-03-03,1166,PT Qualis Indonesia
FUJIAIRE,FJW12C-MF3-IU / FJL12C-MF3-OU,FJW12C-MF3-IU / FJL12C-MF3-OU,Non-Inverter,1091.30,12000.00,3.42,2,753.43,"1,088,480.32",014/LSP/QI/06.1-III/2025,2025-03-04,2029-03-03,1167,PT Qualis Indonesia
FUJIAIRE,FJW18C-MF3-IU / FJL18C-MF3-OU,FJW18C-MF3-IU / FJL18C-MF3-OU,Non-Inverter,1678.00,18000.00,3.41,2,1158.49,"1,673,663.28",014/LSP/QI/06.1-III/2025,2025-03-04,2029-03-03,1168,PT Qualis Indonesia
HITACHI,"RAK-AJ05PCASN, RAC-AJ05PCASN, RAK-AH05PCASN, RAC-AH05PCASN",RAK-AJ05PCASN / RAC-AJ05PCASN,Non-Inverter,400.20,5307.25,4.13,3,1168.58,"1,688,253.30",8686.796/23.120/V/2024,2024-05-29,2028-05-28,1169,Balai Besar Standardisasi dan Pelayanan Jasa Industri Bahan dan Barang Teknik (BBSPJIBBT)
HITACHI,"RAK-AJ06PCASN, RAC-AJ06PCASN, RAK-AH06PCASN, RAC-AH06PCASN ",RAK-AJ06PCASN / RAC-AJ06PCASN,Non-Inverter,493.60,5966.13,3.76,2,1441.31,"2,082,263.45",8686.796/23.120/V/2024,2024-05-29,2028-05-28,1170,Balai Besar Standardisasi dan Pelayanan Jasa Industri Bahan dan Barang Teknik (BBSPJIBBT)
HITACHI,"RAK-AJ10PCASN, RAC-AJ10PCASN, RAK-AH10PCASN, RAC-AH10PCASN",RAK-AJ10PCASN / RAC-AJ10PCASN,Non-Inverter,800.60,9306.28,3.62,2,2337.75,"3,377,350.31",8686.796/23.120/V/2024,2024-05-29,2028-05-28,1171,Balai Besar Standardisasi dan Pelayanan Jasa Industri Bahan dan Barang Teknik (BBSPJIBBT)
HITACHI,"RAK-AJ13PCASN, RAC-AJ13PCASN, RAK-AH13PCASN, RAC-AH13PCASN",RAK-AJ13PCASN / RAC-AJ13PCASN,Non-Inverter,1015.10,11499.94,3.53,2,2964.09,"4,282,223.71",8686.796/23.120/V/2024,2024-05-29,2028-05-28,1172,Balai Besar Standardisasi dan Pelayanan Jasa Industri Bahan dan Barang Teknik (BBSPJIBBT)
HITACHI,"RAK-AJ18PCASN, RAC-AJ18PCASN, RAK-AH18PCASN,      RAC-AH18PCASN",RAK-AJ18PCASN / RAC-AJ18PCASN,Non-Inverter,1585.70,17376.33,3.41,2,4630.24,"6,689,313.51",8686.796/23.120/V/2024,2024-05-29,2028-05-28,1173,Balai Besar Standardisasi dan Pelayanan Jasa Industri Bahan dan Barang Teknik (BBSPJIBBT)
HITACHI,"RAK-AJ24PCASN, RAC-AJ24PCASN, RAK-AH24PCASN, RAC-AH24PCASN ",RAK-AJ24PCASN / RAC-AJ24PCASN,Non-Inverter,1909.60,21995.01,3.58,2,5576.03,"8,055,693.43",8686.796/23.120/V/2024,2024-05-29,2028-05-28,1174,Balai Besar Standardisasi dan Pelayanan Jasa Industri Bahan dan Barang Teknik (BBSPJIBBT)
TCL,TAC09CSD,"Indoor Unit: TAC-09CSD/XB-ID Outdoor Unit: TAC-09CSD/XB-OD, Indoor Unit: TAC-09CSD/ XS-ID Outdoor Unit: TAC-09CSD/ XS-OD,Indoor Unit: TAC-09CSD/XS2-ID Outdoor Unit: TAC-09CSD/XS2-OD",Non-Inverter,805.00,9000.00,3.13,1,2350.60,"3,395,911.82",824 240070,2024-03-14,2028-03-13,1175,PT TUV Rheinland Indonesia
TCL,TAC-12CSD,"Indoor: TAC-12CSD/ XS-ID Outdoor: TAC-12CSD/ XS-OD, Indoor Unit: TAC-12CSD/ XS2-ID Outdoor Unit: TAC-12CSD/ XS2-OD",Non-Inverter,1063.00,12000.00,3.19,1,3103.96,"4,484,291.01",824 240070,2024-03-14,2028-03-13,1176,PT TUV Rheinland Indonesia
TCL,TAC-18CSD,"Indoor: TAC-18CSD/ XS-ID Outdoor: TAC-18CSD/ XS-OD, Indoor Unit: TAC-18CSD/ XS2-ID Outdoor Unit: TAC-18CSD/ XS2-OD",Non-Inverter,1504.30,18000.00,3.20,1,4392.56,"6,345,925.65",824 240070,2024-03-14,2028-03-13,1177,PT TUV Rheinland Indonesia
CAWANG,EP-SN-18-UGM-1/EU-SN-18-UGM-1,EP-SN-18-UGM-1/EU-SN-18-UGM-1,Non-Inverter,1612.70,17836.20,3.44,2,4709.10,"6,803,236.77",PCS 00918.01.04.HE,2025-02-18,2029-02-17,1178,PT Sucofindo (Persero)
LG,H12TN4 NCAX3 / H12TN4 UCAX3,H12TN4 NCAX3 / H12TN4 UCAX3,Non-Inverter,1040.70,11600.00,3.40,2,3038.84,"4,390,217.93",824 240312,2025-01-03,2029-01-02,1179,PT TUV Rheinland Indonesia
LG,H18TN4 NCAX3 / H18TN4 UCAX3,H18TN4 NCAX3 / H18TN4 UCAX3,Non-Inverter,1467.00,17000.00,3.66,2,4283.64,"6,188,574.71",824 240312,2025-01-03,2029-01-02,1180,PT TUV Rheinland Indonesia
LG,H12TN4 NCAX3 / H12TN4 UCAX3,H12TN4 NCAX3 / H12TN4 UCAX3,Non-Inverter,1040.70,11600.00,3.40,2,3038.84,"4,390,217.93",824 240313,2025-01-03,2029-01-02,1181,PT TUV Rheinland Indonesia
LG,H18TN4 NCAX3 / H18TN4 UCAX3,H18TN4 NCAX3 / H18TN4 UCAX3,Non-Inverter,1467.00,17000.00,3.66,2,4283.64,"6,188,574.71",824 240313,2025-01-03,2029-01-02,1182,PT TUV Rheinland Indonesia
ARISTON,KIOS 12 R32 UD1-I / KIOS 12 R32 MD1-O,KIOS 12 R32 UD1-I / KIOS 12 R32 MD1-O,Non-Inverter,1062.50,11636.30,3.41,2,3102.50,"4,482,181.75",PCS 01540.01.04.HE,2025-04-14,2029-04-13,1183,PT Sucofindo (Persero)
CHANGHONG,CSC-09RDX4A / CSC-09RDX4A,CSC-09RDX4A / CSC-09RDX4A,Non-Inverter,752.40,8500.00,3.41,2,519.45,"750,455.19",024/LSP/QI/06.1-IV/2025,2025-04-23,2029-04-22,1184,PT Qualis Indonesia
MODENA,RA0521AAWH / RA0531AAWH,RA0521AAWH / RA0531AAWH,Non-Inverter,410.20,5000.00,3.99,3,283.20,"409,140.48",027/LSP/QI/06.1-V/2025,2025-05-07,2029-05-06,1185,PT Qualis Indonesia
MODENA,RA0921AAWH / RA0931AAWH,RA0921AAWH / RA0931AAWH,Non-Inverter,8848.90,9000.00,3.41,2,557.98,"806,110.82",027/LSP/QI/06.1-V/2025,2025-05-07,2029-05-06,1186,PT Qualis Indonesia
MODENA,RA1221AAWH / RA1231AAWH,RA1221AAWH / RA1231AAWH,Non-Inverter,1080.40,12000.00,3.41,2,745.90,"1,077,607.51",027/LSP/QI/06.1-V/2025,2025-05-07,2029-05-06,1187,PT Qualis Indonesia
BEKO,BSFSAN 050 (Indoor) ; BSFSAN 051 (Outdoor),BSFSAN 050 (Indoor) ; BSFSAN 051 (Outdoor),Non-Inverter,359.00,5000.00,3.98,3,1048.28,"1,514,450.12",824 250100,2025-05-14,2029-05-13,1188,PT TUV Rheinland Indonesia
BEKO,BSFSAN 090 (Indoor) ; BSFSAN 091 (Outdoor),BSFSAN 090 (Indoor) ; BSFSAN 091 (Outdoor),Non-Inverter,793.80,9000.00,4.34,4,2317.90,"3,348,664.35",824 250100,2025-05-14,2029-05-13,1189,PT TUV Rheinland Indonesia
CUCKOO,CA-FRC0310W (Indoor) ; CA-FRC0310W (Outdoor),CA-FRC0310W (Indoor) ; CA-FRC0310W (Outdoor),Non-Inverter,380.50,5000.00,3.81,3,1111.06,"1,605,148.38",824 250129,2025-05-21,2029-05-20,1190,PT TUV Rheinland Indonesia
CUCKOO,CA-FRC0620W (Indoor) ; CA-FRC0620W (Outdoor),CA-FRC0620W (Indoor) ; CA-FRC0620W (Outdoor),Non-Inverter,772.80,9000.00,3.51,2,2256.58,"3,260,075.35",824 250129,2025-05-21,2029-05-20,1191,PT TUV Rheinland Indonesia
TRON,TWC05TNAS/I / TWC05TNAS/O,TWC05TNAS/I / TWC05TNAS/O,Non-Inverter,395.30,5590.11,4.40,4,1154.28,"1,667,582.54",9651.451/23.120/IV/2025,2025-04-15,2029-04-14,1192,Balai Besar Standardisasi dan Pelayanan Jasa Industri Bahan dan Barang Teknik (BBSPJIBBT)
TRON,TWC07TNAS/I / TWC07TNAS/O,TWC07TNAS/I / TWC07TNAS/O,Non-Inverter,624.80,7614.19,3.79,2,1824.42,"2,635,733.80",9651.451/23.120/IV/2025,2025-04-15,2029-04-14,1193,Balai Besar Standardisasi dan Pelayanan Jasa Industri Bahan dan Barang Teknik (BBSPJIBBT)
TRON,TWC09TNAS/I / TWC09TNAS/O,TWC09TNAS/I / TWC09TNAS/O,Non-Inverter,796.30,9127.14,3.57,2,2325.20,"3,359,210.66",9651.451/23.120/IV/2025,2025-04-15,2029-04-14,1194,Balai Besar Standardisasi dan Pelayanan Jasa Industri Bahan dan Barang Teknik (BBSPJIBBT)
TRON,TWC12TNAS/I / TWC12TNAS/O,TWC12TNAS/I / TWC12TNAS/O,Non-Inverter,1056.20,11721.73,3.45,2,3084.10,"4,455,605.05",9651.451/23.120/IV/2025,2025-04-15,2029-04-14,1195,Balai Besar Standardisasi dan Pelayanan Jasa Industri Bahan dan Barang Teknik (BBSPJIBBT)
TRON,TWC18TNAS/I / TWC18TNAS/O,TWC18TNAS/I / TWC18TNAS/O,Non-Inverter,1701.20,18610.16,3.40,2,4967.50,"7,176,553.03",9651.451/23.120/IV/2025,2025-04-15,2029-04-14,1196,Balai Besar Standardisasi dan Pelayanan Jasa Industri Bahan dan Barang Teknik (BBSPJIBBT)
SANKEN,ESC-05CD / ESC-05CL,ESC-05CD / ESC-05CL,Non-Inverter,388.00,5000.00,3.99,3,267.87,"386,997.57",032/LSP/QI/06.1-VI/2025,2025-06-19,2029-06-18,1197,PT Qualis Indonesia
LG,K05NSA NIN / K05NSA UIN; K05NSB NIN / K05NSB UIN,K05NSA NIN / K05NSA UIN; K05NSB NIN / K05NSB UIN,Non-Inverter,414.80,5000.00,3.83,3,286.38,"413,727.41",034/LSP/QI/06.1-VI/2025,2025-06-19,2029-06-18,1198,PT Qualis Indonesia
GREE,GWC-05N1/I /  GWC-05N1/O,GWC-05N1/I /  GWC-05N1/O,Non-Inverter,410.70,5100.00,3.95,3,283.55,"409,638.91",037/LSP/QI/06.1-VI/2025,2025-06-26,2029-06-25,1199,PT Qualis Indonesia
AIWA,AER-S2A05ADC,AER-K2E05ADC,Non-Inverter,487.10,6089.99,3.89,3,1422.33,"2,054,843.04",9778.1368/23.120/V/2025,2025-05-21,2029-05-20,1200,Balai Besar Standardisasi dan Pelayanan Jasa Industri Bahan dan Barang Teknik (BBSPJIBBT)
COMFEE,CFS-05FSTF / CFS-05FSTC,CFS-05FSTF / CFS-05FSTC,Non-Inverter,428.00,5000.00,3.53,2,295.14,"426,394.54",040/LSP/QI/06.1-VII/2025,2025-07-11,2029-07-10,1201,PT Qualis Indonesia
MIDEA,MSAF-07CRN2X(I) /  MSAF-07CRN2X(O),MSAF-07CRN2X(I) /  MSAF-07CRN2X(O),Non-Inverter,656.30,7000.00,3.73,2,453.11,"654,603.68",041/LSP/QI/06.1-VII/2025,2025-07-11,2029-07-10,1202,PT Qualis Indonesia
MIDEA,MSAFE-18CRN2X(I) /  MSAFE-18CRN2X(O),MSAFE-18CRN2X(I) /  MSAFE-18CRN2X(O),Non-Inverter,1506.20,18000.00,3.45,2,1039.88,"1,502,307.41",041/LSP/QI/06.1-VII/2025,2025-07-11,2029-07-10,1203,PT Qualis Indonesia
COMFEE,CFS-09FSTF / CFS-09FSTC,CFS-09FSTF / CFS-09FSTC,Non-Inverter,815.40,9000.00,3.55,2,562.95,"813,292.42",049/LSP/QI/06.1-VII/2025,2025-07-22,2029-07-21,1204,PT Qualis Indonesia
COMFEE,CFS-12FSTF / CFS-12FSTC,CFS-12FSTF / CFS-12FSTC,Non-Inverter,1017.30,12000.00,3.41,2,702.34,"1,014,670.60",049/LSP/QI/06.1-VII/2025,2025-07-22,2029-07-21,1205,PT Qualis Indonesia
AQUA,AQA-KR12QAL3 / AQA-CR12QAL3,AQA-KR12QAL3 / AQA-CR12QAL3,Non-Inverter,963.80,12500.00,3.60,2,665.40,"961,309.16",051/LSP/QI/06.1-VII/2025,2025-07-28,2029-07-27,1206,PT Qualis Indonesia
AQUA,AQA-KR18FQBL3 / AQA-CR18FQBL3; AQA-KR18FQAL3 / AQA-CR18FQAL3,AQA-KR18FQBL3 / AQA-CR18FQBL3; AQA-KR18FQAL3 / AQA-CR18FQAL3,Non-Inverter,1555.50,19100.00,4.09,3,1073.91,"1,551,480.67",051/LSP/QI/06.1-VII/2025,2025-07-28,2029-07-27,1207,PT Qualis Indonesia
AQUA,AQA-KR25FQAL3 / AQA-CR25FQAL3,AQA-KR25FQAL3 / AQA-CR25FQAL3,Non-Inverter,1946.60,25000.00,3.63,2,1343.93,"1,941,569.89",051/LSP/QI/06.1-VII/2025,2025-07-28,2029-07-27,1208,PT Qualis Indonesia
AQUA,AQA-KR5FQBL3 / AQA-CR5FQBL3; AQA-KR5FQAL3 / AQA-CR5FQAL3; AQA-KR5FQDL3 / AQA-CR5FQDL3; AQA-KR5FQBL3S / AQA-CR5FQBL3S; AQA-KR5FQAL3S / AQA-CR5FQAL3S; AQA-KR5FQDL3S / AQA-CR5FQDL3S,AQA-KR5FQBL3 / AQA-CR5FQBL3; AQA-KR5FQAL3 / AQA-CR5FQAL3; AQA-KR5FQDL3 / AQA-CR5FQDL3; AQA-KR5FQBL3S / AQA-CR5FQBL3S; AQA-KR5FQAL3S / AQA-CR5FQAL3S; AQA-KR5FQDL3S / AQA-CR5FQDL3S,Non-Inverter,368.80,5000.00,3.93,3,254.62,"367,846.62",051/LSP/QI/06.1-VII/2025,2025-07-28,2029-07-27,1209,PT Qualis Indonesia
AQUA,AQA-KR7FQAL3 / AQA-CR7FQAL3; AQA-KR7FQDL3 / AQA-CR7FQDL3,AQA-KR7FQAL3 / AQA-CR7FQAL3; AQA-KR7FQDL3 / AQA-CR7FQDL3,Non-Inverter,576.10,7000.00,3.42,2,397.74,"574,610.64",051/LSP/QI/06.1-VII/2025,2025-07-28,2029-07-27,1210,PT Qualis Indonesia
AQUA,AQA-KR9FQBL3 / AQA-CR9FQBL3; AQA-KR9FQAL3 / AQA-CR9FQAL3; AQA-KR9FQDL3 / AQA-CR9FQDL3; AQA-KR9FQGL / AQA-CR9FQGL,AQA-KR9FQBL3 / AQA-CR9FQBL3; AQA-KR9FQAL3 / AQA-CR9FQAL3; AQA-KR9FQDL3 / AQA-CR9FQDL3; AQA-KR9FQGL / AQA-CR9FQGL,Non-Inverter,781.50,9000.00,3.42,2,539.55,"779,480.66",051/LSP/QI/06.1-VII/2025,2025-07-28,2029-07-27,1211,PT Qualis Indonesia
AQUA,AQA-KR5FQGL / AQA-CR5FQGL,AQA-KR5FQGL / AQA-CR5FQGL,Non-Inverter,390.70,5000.00,3.41,2,269.74,"389,690.49","269,738",2025-07-28,2029-07-27,1212,PT Qualis Indonesia
GREE,GWC-12N1/I / GWC-12N1/O,GWC-12N1/I / GWC-12N1/O,Non-Inverter,1057.90,12000.00,3.88,3,730.37,"1,055,165.54",053/LSP/QI/06.1-VIII/2025,2025-08-04,2029-08-03,1213,PT Qualis Indonesia
GREE,GWC-18N1/I / GWC-18N1/O,GWC-18N1/I / GWC-18N1/O,Non-Inverter,1543.50,18000.00,3.43,2,1065.63,"1,539,511.33",053/LSP/QI/06.1-VIII/2025,2025-08-04,2029-08-03,1214,PT Qualis Indonesia
BESTLIFE,BEST-05LNC/I / BEST-05LNC/O; BEST - 05 LNC3/I / BEST - 05 LNC3/O; BEST - 05 LNC5/I / BEST - 05 LNC5/O,BEST-05LNC/I / BEST-05LNC/O; BEST - 05 LNC3/I / BEST - 05 LNC3/O; BEST - 05 LNC5/I / BEST - 05 LNC5/O,Non-Inverter,389.60,5000.00,3.69,2,268.98,"388,592.52",055/LSP/QI/06.1-VIII/2025,2025-08-07,2029-08-06,1215,PT Qualis Indonesia
BESTLIFE,BEST-09LNC/I / BEST-09LNC/O; BEST - 09 LNC3/I / BEST - 09 LNC3/O; BEST - 09 LNC5/I / BEST - 09 LNC5/O,BEST-09LNC/I / BEST-09LNC/O; BEST - 09 LNC3/I / BEST - 09 LNC3/O; BEST - 09 LNC5/I / BEST - 09 LNC5/O,Non-Inverter,770.40,9000.00,3.41,2,531.88,"768,408.48",055/LSP/QI/06.1-VIII/2025,2025-08-07,2029-08-06,1216,PT Qualis Indonesia
GREE,GWC05NAS3/I / GWC05NAS3/O,GWC05NAS3/I / GWC05NAS3/O,Non-Inverter,379.10,5045.19,4.14,3,1106.97,"1,599,242.45",9278.451/23.120/XI/2024,2024-11-26,2028-11-25,1217,Balai Besar Standardisasi dan Pelayanan Jasa Industri Bahan dan Barang Teknik (BBSPJIBBT)
GREE,GWC07NAS3/I / GWC07NAS3/O,GWC07NAS3/I / GWC07NAS3/O,Non-Inverter,573.30,6541.08,3.55,2,1674.04,"2,418,479.81",9278.451/23.120/XI/2024,2024-11-26,2028-11-25,1218,Balai Besar Standardisasi dan Pelayanan Jasa Industri Bahan dan Barang Teknik (BBSPJIBBT)
GREE,GWC09NAS3/I / GWC09NAS3/O,GWC09NAS3/I / GWC09NAS3/O,Non-Inverter,749.40,6541.08,3.60,2,2188.24,"3,161,356.11",9278.451/23.120/XI/2024,2024-11-26,2028-11-25,1219,Balai Besar Standardisasi dan Pelayanan Jasa Industri Bahan dan Barang Teknik (BBSPJIBBT)
GREE,GWC12NAS3/I / GWC12NAS3/O,GWC12NAS3/I / GWC12NAS3/O,Non-Inverter,999.10,8692.77,3.42,2,2917.37,"4,214,727.33",9278.451/23.120/XI/2024,2024-11-26,2028-11-25,1220,Balai Besar Standardisasi dan Pelayanan Jasa Industri Bahan dan Barang Teknik (BBSPJIBBT)
GREE,GWC18NAS3/I / GWC18NAS3/O,GWC18NAS3/I / GWC18NAS3/O,Non-Inverter,1594.60,17685.47,3.41,2,4656.23,"6,726,858.37",9278.451/23.120/XI/2024,2024-11-26,2028-11-25,1221,Balai Besar Standardisasi dan Pelayanan Jasa Industri Bahan dan Barang Teknik (BBSPJIBBT)
GREE,GWC24NAS3/I /  GWC24NAS3/O,GWC24NAS3/I /  GWC24NAS3/O,Non-Inverter,2128.10,23225.42,3.40,2,6214.05,"8,977,440.92",9278.451/23.120/XI/2024,2024-11-26,2025-11-25,1222,Balai Besar Standardisasi dan Pelayanan Jasa Industri Bahan dan Barang Teknik (BBSPJIBBT)
GREE,GWC05LWS3/I / GWC05LWS3/O,GWC05LWS3/I / GWC05LWS3/O,Non-Inverter,332.30,4842.51,4.54,4,970.02,"1,401,393.67",9278.451/23.120/XI/2024,2024-11-26,2028-11-25,1223,Balai Besar Standardisasi dan Pelayanan Jasa Industri Bahan dan Barang Teknik (BBSPJIBBT)
GREE,GWC07LWS3/I /  GWC07LWS3/O,GWC07LWS3/I /  GWC07LWS3/O,Non-Inverter,546.20,6650.61,3.55,2,1594.90,"2,304,157.81",9278.451/23.120/XI/2024,2024-11-26,2028-11-25,1224,Balai Besar Standardisasi dan Pelayanan Jasa Industri Bahan dan Barang Teknik (BBSPJIBBT)
GREE,GWC09LWS3/I / GWC09LWS3/O,GWC09LWS3/I / GWC09LWS3/O,Non-Inverter,721.60,8646.37,3.60,2,2107.07,"3,044,086.92",9278.451/23.120/XI/2024,2024-11-26,2028-11-25,1225,Balai Besar Standardisasi dan Pelayanan Jasa Industri Bahan dan Barang Teknik (BBSPJIBBT)
DR KUHLER,GWC18NAS3/I / GWC18NAS3/O,GWC18NAS3/I / GWC18NAS3/O,Non-Inverter,1650.20,18092.54,3.41,2,4818.58,"6,961,408.30",9279.451/23.120/XI/2024,2024-11-26,2028-11-25,1226,Balai Besar Standardisasi dan Pelayanan Jasa Industri Bahan dan Barang Teknik (BBSPJIBBT)
DR KUHLER,GWC18NASN3/I / GWC18NASN3/O,GWC18NASN3/I / GWC18NASN3/O,Non-Inverter,1651.90,18196.61,3.43,2,4823.55,"6,968,579.80",9371.796/23.120/XII/2024,2024-12-20,2028-12-19,1227,Balai Besar Standardisasi dan Pelayanan Jasa Industri Bahan dan Barang Teknik (BBSPJIBBT)
BESTLIFE,BEST-05QBR3 / BEST-05QBR3; BEST-05QDR3 / BEST-05QDR3; BEST-05QFR3 / BEST-05QFR3; BEST-05QRR3 / BEST-05QRR3; BEST-05QSR3 / BEST-05QSR3; BEST-05QQR3 / BEST-05QQR3; BEST-05QZR3 / BEST-05QZR3; BEST-05FAR3 / BEST-05FAR3; BEST-05FCR3 / BEST-05FCR3; BEST-05FDR3 / BEST-05FDR3; BEST-05FRR3 / BEST-05FRR3; BEST-05FFR3 / BEST-05FFR3; BEST-05FOR3 / BEST-05FOR3; BEST-05FXR3 / BEST-05FXR3; BAC-05QAR3 / BAC-05QAR3; BAC-05QBR3 / BAC-05QBR3; BAC-05QDR3 / BAC-05QDR3; BAC-05QFR3 / BAC-05QFR3; BAC-05QRR3 / BAC-05QRR3; BAC-05QSR3 / BAC-05QSR3; BAC-05QQR3 / BAC-05QQR3; BAC-05QZR3 / BAC-05QZR3; BAC-05FAR3 / BAC-05FAR3; BAC-05FCR3 / BAC-05FCR3; BAC-05FDR3 / BAC-05FDR3; BAC-05FRR3 / BAC-05FRR3; BAC-05FFR3 / BAC-05FFR3; BAC-05FOR3 / BAC-05FOR3; BAC-05FXR3 / BAC-05FXR3; AUX-05QAR3 / AUX-05QAR3; AUX-05QBR3 / AUX-05QBR3; AUX-05QDR3 / AUX-05QDR3; AUX-05QFR3 / AUX-05QFR3; AUX-05QRR3 / AUX-05QRR3; AUX-05QSR3 / AUX-05QSR3; AUX-05QQR3 / AUX-05QQR3; AUX-05QZR3 / AUX-05QZR3; AUX-05FAR3 / AUX-05FAR3; AUX-05FCR3 / AUX-05FCR3; AUX-05FDR3 / AUX-05FDR3; AUX-05FRR3 / AUX-05FRR3; AUX-05FFR3 / AUX-05FFR3; AUX-05FOR3 / AUX-05FOR3; AUX-05FXR3 / AUX-05FXR3; BEST-05DSC / BEST-05DSC; BEST-05DSC03 / BEST-05DSC03; BEST-05DSC05 / BEST-05DSC05; BEST-05DSC07 / BEST-05DSC07; BEST-05DSC09 / BEST-05DSC09; BEST-05PSC03 / BEST-05PSC03; BEST-05PSC05 / BEST-05PSC05; BEST-05PSC07 / BEST-05PSC07; BEST-05PSC09 / BEST-05PSC09; BEST-05PMI / BEST-05PMI; BEST-05PMI03 / BEST-05PMI03; BEST-05PMI05 / BEST-05PMI05; BEST-05PMI07 / BEST-05PMI07; BEST-05PMI09 / BEST-05PMI09; BEST-05SUMO / BEST-05SUMO; BEST-05SUMO03 / BEST-05SUMO03; BEST-05SUMO05 / BEST-05SUMO05; BEST-05SUMO07 / BEST-05SUMO07; BEST-05SUMO09 / BEST-05SUMO09; BEST- 05QAR32 / BEST- 05QAR32,BEST-05QBR3 / BEST-05QBR3; BEST-05QDR3 / BEST-05QDR3; BEST-05QFR3 / BEST-05QFR3; BEST-05QRR3 / BEST-05QRR3; BEST-05QSR3 / BEST-05QSR3; BEST-05QQR3 / BEST-05QQR3; BEST-05QZR3 / BEST-05QZR3; BEST-05FAR3 / BEST-05FAR3; BEST-05FCR3 / BEST-05FCR3; BEST-05FDR3 / BEST-05FDR3; BEST-05FRR3 / BEST-05FRR3; BEST-05FFR3 / BEST-05FFR3; BEST-05FOR3 / BEST-05FOR3; BEST-05FXR3 / BEST-05FXR3; BAC-05QAR3 / BAC-05QAR3; BAC-05QBR3 / BAC-05QBR3; BAC-05QDR3 / BAC-05QDR3; BAC-05QFR3 / BAC-05QFR3; BAC-05QRR3 / BAC-05QRR3; BAC-05QSR3 / BAC-05QSR3; BAC-05QQR3 / BAC-05QQR3; BAC-05QZR3 / BAC-05QZR3; BAC-05FAR3 / BAC-05FAR3; BAC-05FCR3 / BAC-05FCR3; BAC-05FDR3 / BAC-05FDR3; BAC-05FRR3 / BAC-05FRR3; BAC-05FFR3 / BAC-05FFR3; BAC-05FOR3 / BAC-05FOR3; BAC-05FXR3 / BAC-05FXR3; AUX-05QAR3 / AUX-05QAR3; AUX-05QBR3 / AUX-05QBR3; AUX-05QDR3 / AUX-05QDR3; AUX-05QFR3 / AUX-05QFR3; AUX-05QRR3 / AUX-05QRR3; AUX-05QSR3 / AUX-05QSR3; AUX-05QQR3 / AUX-05QQR3; AUX-05QZR3 / AUX-05QZR3; AUX-05FAR3 / AUX-05FAR3; AUX-05FCR3 / AUX-05FCR3; AUX-05FDR3 / AUX-05FDR3; AUX-05FRR3 / AUX-05FRR3; AUX-05FFR3 / AUX-05FFR3; AUX-05FOR3 / AUX-05FOR3; AUX-05FXR3 / AUX-05FXR3; BEST-05DSC / BEST-05DSC; BEST-05DSC03 / BEST-05DSC03; BEST-05DSC05 / BEST-05DSC05; BEST-05DSC07 / BEST-05DSC07; BEST-05DSC09 / BEST-05DSC09; BEST-05PSC03 / BEST-05PSC03; BEST-05PSC05 / BEST-05PSC05; BEST-05PSC07 / BEST-05PSC07; BEST-05PSC09 / BEST-05PSC09; BEST-05PMI / BEST-05PMI; BEST-05PMI03 / BEST-05PMI03; BEST-05PMI05 / BEST-05PMI05; BEST-05PMI07 / BEST-05PMI07; BEST-05PMI09 / BEST-05PMI09; BEST-05SUMO / BEST-05SUMO; BEST-05SUMO03 / BEST-05SUMO03; BEST-05SUMO05 / BEST-05SUMO05; BEST-05SUMO07 / BEST-05SUMO07; BEST-05SUMO09 / BEST-05SUMO09; BEST- 05QAR32 / BEST- 05QAR32,Non-Inverter,462.00,5000.00,3.81,3,318.96,"460,805.85",004/LSP/QI/06.1-I/2024,2024-01-26,2028-01-25,1228,PT Qualis Indonesia
FLIFE,FAC-05FMOO3/I / FAC-05FMOO3/O,FAC-05FMOO3/I / FAC-05FMOO3/O,Non-Inverter,383.90,5100.00,3.70,2,265.04,"382,907.62",046/LSP/QI/06.1-VII/2025,2025-07-18,2029-07-17,1229,PT Qualis Indonesia
FLIFE,FAC-09FMOO3/I / FAC-09FMOO3/O,FAC-09FMOO3/I / FAC-09FMOO3/O,Non-Inverter,767.80,9000.00,3.46,2,530.09,"765,815.24",046/LSP/QI/06.1-VII/2025,2025-07-18,2029-07-17,1230,PT Qualis Indonesia
FLIFE,FAC-12FMOO3/I / FAC-12FMOO3/O,FAC-12FMOO3/I / FAC-12FMOO3/O,Non-Inverter,1042.00,12500.00,3.41,2,719.39,"1,039,307.07",046/LSP/QI/06.1-VII/2025,2025-07-18,2029-07-17,1231,PT Qualis Indonesia
FLIFE,FAC-18FMOO3/I / FAC-18FMOO3/O,FAC-18FMOO3/I / FAC-18FMOO3/O,Non-Inverter,1592.50,18500.00,3.42,2,1099.46,"1,588,384.08",046/LSP/QI/06.1-VII/2025,2025-07-18,2029-07-17,1232,PT Qualis Indonesia
AUXINDO,AUXI-05QM; AUXI-05QR; AUXI-05MA; AUXI-05MX; AUXI-05QC2; AUXI-05PRO; AUXI-05CA; AUXI-05QB,AUXI-05QM; AUXI-05QR; AUXI-05MA; AUXI-05MX; AUXI-05QC2; AUXI-05PRO; AUXI-05CA; AUXI-05QB,Non-Inverter,441.00,5000.00,3.45,2,304.47,"439,860.59",062/LSP/QI/06.1-IX/2025,2025-09-02,2029-09-01,1233,PT Qualis Indonesia
AUXINDO,AUXI-09QM; AUXI-09QR; AUXI-09MA; AUXI-09MX; AUXI-09QC2; AUXI-09PRO; AUXI-09CA; AUXI-09QB,AUXI-09QM; AUXI-09QR; AUXI-09MA; AUXI-09MX; AUXI-09QC2; AUXI-09PRO; AUXI-09CA; AUXI-09QB,Non-Inverter,776.40,9000.00,3.44,2,536.02,"774,393.87",062/LSP/QI/06.1-IX/2025,2025-09-02,2029-09-01,1234,PT Qualis Indonesia
MITSUBISHI ELECTRIC,MS-JR10VF-NE1 (Indoor) ; MU-JR10VF-NE1 (Outdoor),MS-JR10VF-NE1 (Indoor) ; MU-JR10VF-NE1 (Outdoor),Non-Inverter,827.70,9042.00,3.57,2,2394.40,"3,459,189.68",824 250222,2025-09-02,2029-09-01,1235,PT TUV Rheinland Indonesia
MITSUBISHI ELECTRIC,MS-JR13VF-NE1 (Indoor) ; MU-JR13VF-NE1 (Outdoor),MS-JR13VF-NE1 (Indoor) ; MU-JR13VF-NE1 (Outdoor),Non-Inverter,1155.20,12284.00,3.42,2,3270.40,"4,724,746.88",824 250222,2025-09-02,2029-09-01,1236,PT TUV Rheinland Indonesia
MITSUBISHI ELECTRIC,MS-JR18VF-NE1 (Indoor) ; MU-JR18VF-NE1 (Outdoor),MS-JR18VF-NE1 (Indoor) ; MU-JR18VF-NE1 (Outdoor),Non-Inverter,1637.20,17402.00,3.40,2,4788.80,"6,918,379.36",824 250222,2025-09-02,2029-09-01,1237,PT TUV Rheinland Indonesia
MITSUBISHI ELECTRIC,MS-JR24VF-NE1 (Indoor) ; MU-JR24VF-NE1 (Outdoor),MS-JR24VF-NE1 (Indoor) ; MU-JR24VF-NE1 (Outdoor),Non-Inverter,1971.00,21838.00,3.53,2,5810.80,"8,394,862.76",824 250222,2025-09-02,2029-09-01,1238,PT TUV Rheinland Indonesia
AIWA,"AER-K2E20ADC, AER-S2A20ADC",AER-K2E20ADC,Non-Inverter,1653.80,18610.84,3.50,2,4829.10,"6,976,594.99",9962.1368/23.120/VII/2025,2025-07-22,2029-07-21,1239,Balai Besar Standardisasi dan Pelayanan Jasa Industri Bahan dan Barang Teknik (BBSPJIBBT)
CHANGHONG,CSC-18NVB4 (I) / CSC-18NVB4 (O),CSC-18NVB4 (I) / CSC-18NVB4 (O),Non-Inverter,1457.20,18000.00,3.60,2,1006.05,"1,453,434.66",065/LSP/QI/06.1-IX/2025,2025-09-22,2029-09-21,1240,PT Qualis Indonesia
FLIFE,FAC-07FMOO3/I / FAC-07FMOO3/O,FAC-07FMOO3/I / FAC-07FMOO3/O,Non-Inverter,594.50,7100.00,3.46,2,410.44,"592,964.11",066/LSP/QI/06.1-IX/2025,2025-09-30,2029-09-29,1241,PT Qualis Indonesia
MITSUBISHI HEAVY INDUSTRIES,SRK12CT-S3/SRC12CT-S3,SRK12CT-S3/SRC12CT-S3,Non-Inverter,1065.30,117714.00,3.42,2,3110.68,"4,493,993.62",69/06.06.06/1A/25/LSPro/XI/2025,2025-11-14,2029-11-13,1242,Balai Standardisasi dan Pelayanan Jasa Industri (BSPJI) Surabaya
MITSUBISHI HEAVY INDUSTRIES,SRK09CTR-S3/SRC09CTR-S3,SRK09CTR-S3/SRC09CTR-S3,Non-Inverter,825.30,9001.20,3.41,2,2409.88,"3,481,547.86",69/06.06.06/1A/25/LSPro/XI/2025,2025-11-14,2029-11-13,1243,Balai Standardisasi dan Pelayanan Jasa Industri (BSPJI) Surabaya
PANASONIC,CS-DN5CKJ-S/CU-DN5CKJ-S,CS-DN5CKJ-S/CU-DN5CKJ-S,Non-Inverter,379.20,4661.50,3.83,3,1107.30,"1,599,716.31",PCS 00017.04.09.HE,2025-12-19,2029-12-18,1244,PT Sucofindo (Persero)
PANASONIC,CS-DN9CKJ-S/CU-DN9CKJ-S,CS-DN9CKJ-S/CU-DN9CKJ-S,Non-Inverter,745.80,8938.90,3.73,2,2177.70,"3,146,123.19",PCS 00017.04.09.HE,2025-12-19,2029-12-18,1245,PT Sucofindo (Persero)
FLIFE,FAC-05FLOO/I / FAC-05FLOO/O,FAC-05FLOO/I / FAC-05FLOO/O,Non-Inverter,423.80,5200.00,3.64,2,292.59,"422,704.77",082/LSP/QI/06.1-XII/2025,2025-12-29,2029-12-28,1246,PT Qualis Indonesia
FLIFE,FAC-07FLOO/I / FAC-07FLOO/O,FAC-07FLOO/I / FAC-07FLOO/O,Non-Inverter,611.90,7500.00,3.77,2,422.45,"610,319.29",082/LSP/QI/06.1-XII/2025,2025-12-29,2029-12-28,1247,PT Qualis Indonesia
FLIFE,FAC-09FLOO/I / FAC-09FLOO/O,FAC-09FLOO/I / FAC-09FLOO/O,Non-Inverter,770.30,9500.00,3.68,2,531.81,"768,308.80",082/LSP/QI/06.1-XII/2025,2025-12-29,2029-12-28,1248,PT Qualis Indonesia
FLIFE,FAC-12FLOO/I / FAC-12FLOO/O,FAC-12FLOO/I / FAC-12FLOO/O,Non-Inverter,1056.30,12500.00,3.54,2,729.27,"1,053,570.59",082/LSP/QI/06.1-XII/2025,2025-12-29,2029-12-28,1249,PT Qualis Indonesia
FLIFE,FAC-18FLOO/I / FAC-18FLOO/O,FAC-18FLOO/I / FAC-18FLOO/O,Non-Inverter,1560.90,18500.00,3.49,2,1077.64,"1,556,866.51",082/LSP/QI/06.1-XII/2025,2025-12-29,2029-12-28,1250,PT Qualis Indonesia
LG,K09NSA NIN1 / K09NSA NIN1; K09NSB NIN1 / K09NSB NIN1,K09NSA NIN1 / K09NSA NIN1; K09NSB NIN1 / K09NSB NIN1,Non-Inverter,786.10,8600.00,3.40,2,547.72,"791,292.53",002/LSP/QI/06.1-I/2026,2026-01-08,2030-01-07,1251,PT Qualis Indonesia
LG,K07NSA NIN / K07NSA UIN; K07NSB NIN / K07NSB UIN,K07NSA NIN / K07NSA UIN; K07NSB NIN / K07NSB UIN,Non-Inverter,666.90,7000.00,3.43,2,460.43,"665,176.00",006/LSP/QI/06.1-II/2026,2026-02-16,2030-02-15,1252,PT Qualis Indonesia
SHARP,AH-A7DEY / AU-A7DEY; AH-A7BEY2 / AU-A7BEY2; AH-AP7BMY2 / AU-A7BMY,AH-A7DEY / AU-A7DEY; AH-A7BEY2 / AU-A7BEY2; AH-AP7BMY2 / AU-A7BMY,Non-Inverter,652.60,7000.00,3.41,2,450.55,"650,913.92",010/LSP/QI/06.1-II/2026,2026-02-19,2030-02-18,1253,PT Qualis Indonesia
POLYTRON,"EAW0128G (PAC 05VHG, PAC 05VM, PAC 05VHI, PAC 05VZI, PAC 05VZSI, PAC 05VZAI)","EAW0128G (PAC 05VHG, PAC 05VM, PAC 05VHI, PAC 05VZI, PAC 05VZSI, PAC 05VZAI)",Non-Inverter,403.20,5000.00,3.59,2,1177.34,"1,700,908.88",4/06.06.06/1A/26/LSPro/I/2026,2026-01-26,2030-01-25,1254,Balai Standardisasi dan Pelayanan Jasa Industri (BSPJI) Surabaya
POLYTRON,"EAW20732N (PAC 07VHG, PAC 07VM, PAC 07VH)","EAW20732N (PAC 07VHG, PAC 07VM, PAC 07VH)",Non-Inverter,648.90,7000.00,3.47,2,1894.79,"2,737,400.22",10/06.06.06/1A/26/LSPro/III/2026,2026-03-10,2030-03-09,1255,Balai Standardisasi dan Pelayanan Jasa Industri (BSPJI) Surabaya
POLYTRON,"EAW50142P (PAC 09VHG, PAC 09VM, PAC 09VHI, PAC 09VZI, PAC 09VZSI, PAC 09VZAI, PAC 09VH)","EAW50142P (PAC 09VHG, PAC 09VM, PAC 09VHI, PAC 09VZI, PAC 09VZSI, PAC 09VZAI, PAC 09VH)",Non-Inverter,769.90,9000.00,3.56,2,2248.11,"3,247,841.63",10/06.06.06/1A/26/LSPro/III/2026,2026-03-10,2030-03-09,1256,Balai Standardisasi dan Pelayanan Jasa Industri (BSPJI) Surabaya
AQUA,AQA-KR5FQGL / AQA-CR5FQGL,AQA-KR5FQGL / AQA-CR5FQGL,Non-Inverter,390.70,5000.00,3.41,2,269.74,"389,693.38",051/LSP/QI/06.1-VII/2025,2025-07-28,2029-07-27,1257,PT Qualis Indonesia
SHARP,AH-A5ZCY2 / AU-A5ZCY2,AH-A5ZCY2 / AU-A5ZCY2,Non-Inverter,423.00,5015.80,4.04,3,292.04,"421,907.30",021/LSP/QI/06.1-IV/2026,2026-04-24,2030-04-23,1258,PT Qualis Indonesia
SHARP,AH-A9ZCY2 / AU-A9ZCY2,AH-A9ZCY2 / AU-A9ZCY2,Non-Inverter,841.10,9008.10,3.42,2,580.69,"838,925.73",021/LSP/QI/06.1-IV/2026,2026-04-24,2030-04-23,1259,PT Qualis Indonesia
SHARP,AH-A12ZCY2 / AU-A12ZCY2,AH-A12ZCY2 / AU-A12ZCY2,Non-Inverter,1084.80,11498.44,3.73,2,760.47,"1,098,653.90",021/LSP/QI/06.1-IV/2026,2026-04-24,2030-04-23,1260,PT Qualis Indonesia
SHARP,AH-A18ZCY2 / AU-A18ZCY2,AH-A18ZCY2 / AU-A18ZCY2,Non-Inverter,1526.10,17503.56,3.74,2,1053.61,"1,522,156.15",021/LSP/QI/06.1-IV/2026,2026-04-24,2030-04-23,1261,PT Qualis Indonesia
SHARP,AH-A24ZCY2 / AU-A24ZCY2,AH-A24ZCY2 / AU-A24ZCY2,Non-Inverter,2039.60,23987.40,3.62,2,1408.13,"2,034,329.75",021/LSP/QI/06.1-IV/2026,2026-04-24,2030-04-23,1262,PT Qualis Indonesia
LG,K12NSA NIN / K12NSA UIN,K12NSA NIN / K12NSA UIN,Non-Inverter,1076.80,11600.00,3.42,2,743.42,"1,074,017.43",022/LSP/QI/06.1-IV/2026,2026-04-28,2030-04-27,1263,PT Qualis Indonesia
LG,K18NSA NIN / K18NSA UIN,K18NSA NIN / K18NSA UIN,Non-Inverter,1430.50,17000.00,3.67,2,987.61,"1,426,803.06",022/LSP/QI/06.1-IV/2026,2026-04-28,2030-04-27,1264,PT Qualis Indonesia
AQUA,AQA-KR9FQAL3S (Indoor) - AQA-CR9FQAL3S (Outdoor),AQA-KR9FQBL3S (Indoor); AQA-CR9FQBL3S (Outdoor); AQA-KR9FQAL3S (Indoor);  AQA-CR9FQAL3S (Outdoor); AQA-KR9FQDL3S (Indoor); AQA-CR9FQDL3S (Outdoor),Non-Inverter,762.30,8329.68,3.40,2,2225.92,"3,215,780.85",824 260053,2026-05-07,2030-05-06,1265,PT TUV Rheinland Indonesia
PHILIPS,FAC05AB1FIID (In) / FAC05AB1FOID (Out),FAC05AB1FIID (In) / FAC05AB1FOID (Out),Non-Inverter,384.80,5200.00,3.84,3,1124.00,"1,623,842.80",824 260054,2026-05-07,2030-05-06,1266,PT TUV Rheinland Indonesia
PHILIPS,FAC07AB1FIID (In) / FAC07AB1FOID (Out),FAC07AB1FIID (In) / FAC07AB1FOID (Out),Non-Inverter,631.00,7200.00,3.46,2,1842.00,"2,661,137.40",824 260054,2026-05-07,2030-05-06,1267,PT TUV Rheinland Indonesia
PHILIPS,FAC09AB1FIID (In) / FAC09AB1FOID (Out),FAC09AB1FIID (In) / FAC09AB1FOID (Out),Non-Inverter,805.80,10000.00,3.64,2,2353.00,"3,399,379.10",824 260054,2026-05-07,2030-05-06,1268,PT TUV Rheinland Indonesia
PHILIPS,FAC12AB1FIID (In) / FAC12AB1FOID (Out),FAC12AB1FIID (In) / FAC12AB1FOID (Out),Non-Inverter,1014.50,12000.00,3.50,2,2962.00,"4,279,201.40",824 260054,2026-05-07,2030-05-06,1269,PT TUV Rheinland Indonesia
PHILIPS,FAC18AB1FIID (In) / FAC18AB1FOID (Out),FAC18AB1FIID (In) / FAC18AB1FOID (Out),Non-Inverter,1381.50,18000.00,3.46,2,4034.00,"5,827,919.80",824 260054,2026-05-07,2030-05-06,1270,PT TUV Rheinland Indonesia
ACERPURE,SACD 325-05W / OACD 325-05W,SACD 325-05W / OACD 325-05W,Non-Inverter,419.40,5015.80,3.54,2,289.55,"418,315.77",025/LSP/QI/06.1-V/2026,2026-05-19,2030-05-18,1271,PT Qualis Indonesia
ACERPURE,SACD 325-09W / OACD 325-09W ,SACD 325-09W / OACD 325-09W ,Non-Inverter,785.60,9008.10,3.62,2,542.38,"783,569.16",025/LSP/QI/06.1-V/2026,2026-05-19,2030-05-18,1272,PT Qualis Indonesia
HISENSE,"AN05CEG, AN05CDG, AN05CFG, AS05E2CEA, AS05E2CDA, AS05E2KCA, AS05E2KBA","AN05CEG, AN05CDG, AN05CFG, AS05E2CEA, AS05E2CDA, AS05E2KCA, AS05E2KBA",Non-Inverter,434.60,5000.00,3.75,2,1269.03,"1,833,370.53",22/06.06.06/1A/26/LSPro/V/2026,2026-05-19,2030-05-18,1273,Balai Standardisasi dan Pelayanan Jasa Industri (BSPJI) Surabaya
HISENSE,"AS08E2CEA, AS08E2CDA, AS08E2KCA, AS08E2KBA","AS08E2CEA, AS08E2CDA, AS08E2KCA, AS08E2KBA",Non-Inverter,606.50,7600.00,3.76,2,1770.98,"2,558,534.81",22/06.06.06/1A/26/LSPro/V/2026,2026-05-19,2030-05-18,1274,Balai Standardisasi dan Pelayanan Jasa Industri (BSPJI) Surabaya
HISENSE,"AN09CEG, AN09CDG, AN09CFG, AS10E2CEA, AS10E2CDA, AS10E2KCA, AS10E2KBA","AN09CEG, AN09CDG, AN09CFG, AS10E2CEA, AS10E2CDA, AS10E2KCA, AS10E2KBA",Non-Inverter,788.40,9600.00,3.54,2,2302.13,"3,325,884.32",22/06.06.06/1A/26/LSPro/V/2026,2026-05-19,2030-05-18,1275,Balai Standardisasi dan Pelayanan Jasa Industri (BSPJI) Surabaya
HISENSE,"AN12CEG, AN12CDG, AN12CFG, AS13E2CEA, AS13E2CDA, AS13E2KCA, AS13E2KBA","AN12CEG, AN12CDG, AN12CFG, AS13E2CEA, AS13E2CDA, AS13E2KCA, AS13E2KBA",Non-Inverter,976.00,12500.00,3.67,4,2849.92,"4,117,279.42",22/06.06.06/1A/26/LSPro/V/2026,2026-05-19,2030-05-18,1276,Balai Standardisasi dan Pelayanan Jasa Industri (BSPJI) Surabaya
HISENSE,"AN18CEG, AN18CDG, AN18CFG, AS19E2CEA, AS19E2CDA, AS19E2KCA, AS19E2KBA","AN18CEG, AN18CDG, AN18CFG, AS19E2CEA, AS19E2CDA, AS19E2KCA, AS19E2KBA",Non-Inverter,1696.30,19200.00,3.45,2,4953.20,"7,155,882.26",22/06.06.06/1A/26/LSPro/V/2026,2026-05-19,2030-05-18,1277,Balai Standardisasi dan Pelayanan Jasa Industri (BSPJI) Surabaya
MIDEA,MSFL-07CRN8-ID /   MSFL-07CRN8-OD ; MSFQ-07CRN8-ID /   MSFQ-07CRN8-OD ; MSPT-07CRN8-ID /   MSPT-07CRN8-OD,MSFT-07CRN8-ID /  MSFT-07CRN8-OD,Non-Inverter,641.70,7799.47,3.78,2,1873.76,"2,707,026.85",217.1419/23.120/X/2025,2025-11-02,2029-11-02,1278,Balai Besar Standardisasi dan Pelayanan Jasa Industri Bahan dan Barang Teknik (BBSPJIBBT)
COMFEE,CFS-05FGSF /   CFS-05FGSC ,CFS-05FGYF /  CFS-05FGYC,Non-Inverter,391.10,5187.82,4.13,3,1142.01,"1,649,864.74",218.1419/23.120/X/2025,2025-11-03,2029-11-02,1279,Balai Besar Standardisasi dan Pelayanan Jasa Industri Bahan dan Barang Teknik (BBSPJIBBT)
MIDEA,MSFL-05CRN8-ID/MSFL-05CRN8-OD ; MSFQ-05CRN8-ID/MSFQ-05CRN8-OD ; MSPT-05CRN8-ID/MSPT-05CRN8-OD,MSFT-05CRN8-ID/MSFT-05CRN8-OD,Non-Inverter,397.70,5238.32,4.10,3,1161.28,"1,677,706.99",217.1419/23.120/X/2025,2025-11-03,2029-11-02,1280,Balai Besar Standardisasi dan Pelayanan Jasa Industri Bahan dan Barang Teknik (BBSPJIBBT)
MIDEA,MSFL-09CRN8-ID / MSFL-09CRN8-OD; MSFQ-09CRN8-ID / MSFQ-09CRN8-OD; MSPT-09CRN8-ID / MSPT-09CRN8-OD,MSFT-09CRN8-ID / MSFT-09CRN8-OD,Non-Inverter,827.20,9290.92,3.50,2,2415.42,"3,489,563.05",217.1419/23.120/X/2025,2025-11-03,2029-11-02,1281,Balai Besar Standardisasi dan Pelayanan Jasa Industri Bahan dan Barang Teknik (BBSPJIBBT)
MIDEA,MSFL-24CRN8-ID / MSFL-24CRN8-OD; MSFQ-24CRN8-ID / MSFQ-24CRN8-OD; MSPT-24CRN8-ID / MSPT-24CRN8-OD,MSFT-24CRN8-ID / MSFT-24CRN8-OD,Non-Inverter,2049.30,24586.19,3.73,2,5983.96,"8,645,021.23",217.1419/23.120/X/2025,2025-11-03,2029-11-02,1282,Balai Besar Standardisasi dan Pelayanan Jasa Industri Bahan dan Barang Teknik (BBSPJIBBT)
COMFEE,CFS-09FGSF / CFS-09FGSC,CFS-09FGSF / CFS-09FGSC,Non-Inverter,804.60,9297.74,3.60,2,2349.43,"3,394,224.41",218.1419/23.120/X/2025,2025-11-03,2029-11-02,1283,Balai Besar Standardisasi dan Pelayanan Jasa Industri Bahan dan Barang Teknik (BBSPJIBBT)
MIDEA,MSFT-12CRN8-ID/ MSFT-12CRN8-OD; MSFL-12CRN8-ID/ MSFL-12CRN8-OD; MSFQ-12CRN8-ID/ MSFQ-12CRN8-OD ; MSPT-12CRN8-ID/ MSPT-12CRN8-OD,MSFT-12CRN8-ID / MSFT-12CRN8-OD,Non-Inverter,1083.20,12018.59,3.45,2,3162.94,"4,569,505.20",442.1419/23.120/I/2026,2026-01-13,2030-01-12,1284,Balai Besar Standardisasi dan Pelayanan Jasa Industri Bahan dan Barang Teknik (BBSPJIBBT)
MIDEA,MSFT-18CRN8-ID/ MSFT-18CRN8-OD ; MSFL-18CRN8-ID/ MSFL-18CRN8-OD ; MSFQ-18CRN8-ID/ MSFQ-18CRN8-OD ; MSPT-18CRN8-ID/ MSPT-18CRN8-OD,MSFT-18CRN8-ID / MSFT-18CRN8-OD,Non-Inverter,1508.80,17215.96,3.55,2,4405.70,"6,364,909.01",442.1419/23.120/I/2026,2026-01-13,2030-01-12,1285,Balai Besar Standardisasi dan Pelayanan Jasa Industri Bahan dan Barang Teknik (BBSPJIBBT)
COMFEE,CFS-12FGSF / CFS-12FGSC ; CFS-12FGYF / CFS-12FGYC,CFS-12FGYF / CFS-12FGYC,Non-Inverter,1077.90,12105.60,3.50,2,3147.47,"4,547,147.02",443.1419/23.120/I/2026,2026-01-13,2030-01-12,1286,Balai Besar Standardisasi dan Pelayanan Jasa Industri Bahan dan Barang Teknik (BBSPJIBBT)
COMFEE,CFS-18FGSF / CFS-18FGSC ; CFS-18FGYF / CFS-18FGYC,CFS-18FGYF / CFS-18FGYC,Non-Inverter,1502.20,17862.56,3.70,2,4386.42,"6,337,066.75",443.1419/23.120/I/2026,2026-01-13,2030-01-12,1287,Balai Besar Standardisasi dan Pelayanan Jasa Industri Bahan dan Barang Teknik (BBSPJIBBT)
HAIER,HSU-05FQLTF (Indoor) - HSU-05FQLTC (Outdoor),HSU-05FQLTF (Indoor) - HSU-05FQLTC (Outdoor),Non-Inverter,361.80,5000.00,3.99,3,1056.46,"1,526,261.98",824 260063,2026-06-17,2030-06-16,1288,PT TUV Rheinland Indonesia
TCL,TAC-SA05CS/ZA2-ID / TAC-SA05CS/ZA2-OD ; TAC-SA05CS/ZB2-ID / TAC-SA05CS/ZB2-OD ; TAC-05CSD/XB-ID / TAC-05CSD/XB-OD,TAC-SA05CS/ZA2-ID / TAC-SA05CS/ZA2-OD ; TAC-SA05CS/ZB2-ID / TAC-SA05CS/ZB2-OD ; TAC-05CSD/XB-ID / TAC-05CSD/XB-OD,Non-Inverter,400.80,5000.00,3.73,2,1170.34,"1,690,784.42",824 260065,2026-06-23,2030-06-22,1289,PT TUV Rheinland Indonesia
TCL,TAC-SA09CS/ZA2-ID / TAC-SA09CS/ZA2-OD,TAC-SA09CS/ZA2-ID / TAC-SA09CS/ZA2-OD,Non-Inverter,761.10,9000.00,3.44,2,2222.41,"3,210,718.62",824 260065,2026-06-23,2030-06-22,1290,PT TUV Rheinland Indonesia
TCL,TAC-SA18CS/ZA2-ID / TAC-SA18CS/ZA2-OD,TAC-SA18CS/ZA2-ID / TAC-SA18CS/ZA2-OD,Non-Inverter,1477.60,18000.00,3.51,2,4314.60,"6,233,302.62",824 260065,2026-06-23,2030-06-22,1291,PT TUV Rheinland Indonesia
MODENA,RA0521AAWH / RA0531AAWH,RA0521AAWH / RA0531AAWH,Non-Inverter,389.00,5000.00,3.96,3,268.56,"387,994.41",030/LSP/QI/06.1-VII/2026,2026-07-03,2030-07-02,1292,PT Qualis Indonesia
MODENA,RA0921AAWH / RA0931AAWH,RA0921AAWH / RA0931AAWH,Non-Inverter,735.40,9000.00,3.92,3,507.72,"733,500.19",030/LSP/QI/06.1-VII/2026,2026-07-03,2030-07-02,1293,PT Qualis Indonesia
MODENA,RA1221AAWH / RA1231AAWH,RA1221AAWH / RA1231AAWH,Non-Inverter,961.50,12000.00,3.60,2,663.95,"959,214.34",030/LSP/QI/06.1-VII/2026,2026-07-03,2030-07-02,1294,PT Qualis Indonesia
MODENA,RA1821AAWH / RA1831AAWH,RA1821AAWH / RA1831AAWH,Non-Inverter,1588.20,19100.00,3.85,3,1096.49,"1,584,096.21",030/LSP/QI/06.1-VII/2026,2026-07-03,2030-07-02,1295,PT Qualis Indonesia
HAIER,HSU-09FQLTF / HSU-09FQLTC,HSU-09FQLTF / HSU-09FQLTC,Non-Inverter,748.80,9000.00,3.61,2,516.97,"746,865.11",035/LSP/QI/06.1-VII/2026,2026-07-14,2030-07-13,1296,PT Qualis Indonesia
SHARP,AH-A5CAY (Indoor) ; AU-A5CAY (Outdoor),AH-A5CAY (Indoor) ; AU-A5CAY (Outdoor),Non-Inverter,355.80,5150.00,4.43,4,1038.93,"1,500,942.17",824 260092,2026-08-03,2030-08-02,1297,PT TUV Rheinland Indonesia
SANKEN,ESE-09D / ESE-09L,ESE-09D / ESE-09L,Non-Inverter,380.60,9000.00,3.63,2,530.98,"767,112.58",048/LSP/QI/06.1-VIII/2026,2026-08-05,2030-08-04,1298,PT Qualis Indonesia
SANKEN,ESE-05D / ESE-05L,ESE-05D / ESE-05L,Non-Inverter,380.60,5000.00,3.41,2,262.77,"379,616.60",048/LSP/QI/06.1-VIII/2026,2026-08-05,2030-08-04,1299,PT Qualis Indonesia
AQUA,AQA-KR5FQA3S (Indoor); AQA-CR5FQA3S (Outdoor)  AQA-KR5FQD3S (Indoor);AQA-CR5FQD3S (Outdoor),AQA-KR5FQA3S (Indoor); AQA-CR5FQA3S (Outdoor)  AQA-KR5FQD3S (Indoor);AQA-CR5FQD3S (Outdoor),Non-Inverter,374.50,5000.00,3.90,3,1093.54,"1,579,837.24",824 260094,2026-08-12,2030-08-11,1300,PT TUV Rheinland Indonesia
